,A,,,,,
t,frame,x,y,pixelx,pixely
0.5000000,120,-5.937789,5.064076,777.235,384.201
0.5041667,121,-5.925488,5.061459,777.615,384.282
0.5083333,122,-5.920834,5.084775,777.758,383.563
0.5125000,123,-5.899307,5.100197,778.423,383.087
0.5166667,124,-5.902458,5.100879,778.325,383.065
0.5208333,125,-5.905229,5.133015,778.240,382.074
0.5250000,126,-5.852491,5.146537,779.868,381.656
0.5291667,127,-5.856762,5.154481,779.736,381.411
0.5333333,128,-5.877467,5.156060,779.097,381.362
0.5375000,129,-5.856971,5.158292,779.729,381.293
0.5416667,130,-5.843455,5.181150,780.146,380.588
0.5458333,131,-5.824106,5.191009,780.744,380.284
0.5500000,132,-5.804312,5.187044,781.355,380.406
0.5541667,133,-5.808615,5.202037,781.222,379.943
0.5583333,134,-5.809829,5.216952,781.184,379.483
0.5625000,135,-5.790953,5.220374,781.767,379.377
0.5666667,136,-5.790298,5.222089,781.787,379.324
0.5708333,137,-5.776305,5.212897,782.219,379.608
0.5750000,138,-5.776373,5.236062,782.217,378.893
0.5791667,139,-5.770682,5.260495,782.393,378.139
0.5833333,140,-5.728307,5.278555,783.700,377.582
0.5875000,141,-5.734696,5.283877,783.503,377.417
0.5916667,142,-5.714297,5.312502,784.133,376.534
0.5958333,143,-5.706673,5.297768,784.368,376.989
0.6000000,144,-5.689900,5.328849,784.886,376.029
0.6041667,145,-5.670801,5.335270,785.475,375.831
0.6083333,146,-5.640819,5.354910,786.401,375.225
0.6125000,147,-5.616608,5.357464,787.148,375.146
0.6166667,148,-5.608703,5.375683,787.392,374.584
0.6208333,149,-5.606347,5.408395,787.465,373.574
0.6250000,150,-5.550352,5.406079,789.193,373.646
0.6291667,151,-5.558775,5.433454,788.933,372.801
0.6333333,152,-5.543887,5.416643,789.392,373.320
0.6375000,153,-5.548909,5.440819,789.237,372.573
0.6416667,154,-5.533057,5.434395,789.727,372.772
0.6458333,155,-5.511891,5.446758,790.380,372.390
0.6500000,156,-5.529922,5.458063,789.823,372.041
0.6541667,157,-5.508376,5.457330,790.488,372.064
0.6583333,158,-5.484784,5.480404,791.217,371.352
0.6625000,159,-5.451668,5.497713,792.239,370.817
0.6666667,160,-5.467174,5.509391,791.760,370.457
0.6708333,161,-5.476094,5.524872,791.485,369.979
0.6750000,162,-5.468791,5.513246,791.710,370.338
0.6791667,163,-5.432561,5.536274,792.828,369.627
0.6833333,164,-5.443098,5.552823,792.503,369.117
0.6875000,165,-5.425941,5.554938,793.033,369.051
0.6916667,166,-5.386708,5.551286,794.244,369.164
0.6958333,167,-5.396831,5.560337,793.931,368.885
0.7000000,168,-5.388673,5.576345,794.183,368.391
0.7041667,169,-5.380757,5.578142,794.427,368.335
0.7083333,170,-5.341563,5.599307,795.637,367.682
0.7125000,171,-5.326978,5.617353,796.087,367.125
0.7166667,172,-5.336072,5.630023,795.806,366.734
0.7208333,173,-5.328927,5.652792,796.027,366.031
0.7250000,174,-5.296660,5.671664,797.023,365.449
0.7291667,175,-5.263186,5.659023,798.056,365.839
0.7333333,176,-5.257765,5.682896,798.223,365.102
0.7375000,177,-5.261061,5.710801,798.122,364.241
0.7416667,178,-5.227108,5.702094,799.169,364.509
0.7458333,179,-5.207256,5.720769,799.782,363.933
0.7500000,180,-5.203105,5.717225,799.910,364.042
0.7541667,181,-5.187385,5.719684,800.396,363.967
0.7583333,182,-5.177072,5.753299,800.714,362.929
0.7625000,183,-5.171567,5.772848,800.884,362.326
0.7666667,184,-5.162517,5.792694,801.163,361.713
0.7708333,185,-5.161030,5.772607,801.209,362.333
0.7750000,186,-5.149498,5.807470,801.565,361.257
0.7791667,187,-5.146944,5.819159,801.644,360.896
0.7833333,188,-5.112047,5.806493,802.721,361.287
0.7875000,189,-5.103253,5.821422,802.992,360.826
0.7916667,190,-5.099752,5.809729,803.100,361.187
0.7958333,191,-5.086339,5.838129,803.514,360.311
0.8000000,192,-5.082150,5.838815,803.644,360.290
0.8041667,193,-5.083449,5.845315,803.603,360.089
0.8083333,194,-5.061884,5.852104,804.269,359.880
0.8125000,195,-5.056703,5.888928,804.429,358.743
0.8166667,196,-5.044260,5.875497,804.813,359.157
0.8208333,197,-5.054641,5.905648,804.493,358.227
0.8250000,198,-5.022161,5.913929,805.495,357.971
0.8291667,199,-4.996929,5.931897,806.274,357.417
0.8333333,200,-4.991885,5.970947,806.429,356.212
0.8375000,201,-4.982532,5.961122,806.718,356.515
0.8416667,202,-4.978014,5.957450,806.858,356.628
0.8458333,203,-4.951690,5.996419,807.670,355.425
0.8500000,204,-4.910383,5.998491,808.945,355.361
0.8541667,205,-4.919075,6.035703,808.677,354.213
0.8583333,206,-4.883538,6.048335,809.774,353.823
0.8625000,207,-4.888467,6.045659,809.621,353.906
0.8666667,208,-4.858368,6.087337,810.550,352.619
0.8708333,209,-4.865818,6.047300,810.320,353.855
0.8750000,210,-4.842402,6.076612,811.043,352.950
0.8791667,211,-4.828287,6.100720,811.479,352.206
0.8833333,212,-4.819183,6.110032,811.760,351.919
0.8875000,213,-4.829262,6.122734,811.449,351.527
0.8916667,214,-4.813502,6.124745,811.935,351.465
0.8958333,215,-4.811457,6.136362,811.998,351.106
0.9000000,216,-4.794725,6.138711,812.515,351.034
0.9041667,217,-4.789105,6.159139,812.688,350.403
0.9083333,218,-4.779980,6.159272,812.970,350.399
0.9125000,219,-4.761147,6.172797,813.551,349.982
0.9166667,220,-4.772582,6.173836,813.198,349.950
0.9208333,221,-4.760526,6.187734,813.570,349.521
0.9250000,222,-4.747992,6.189699,813.957,349.460
0.9291667,223,-4.732506,6.229030,814.435,348.246
0.9333333,224,-4.726722,6.212467,814.614,348.757
0.9375000,225,-4.698944,6.251540,815.471,347.551
0.9416667,226,-4.705672,6.269453,815.263,346.998
0.9458333,227,-4.656678,6.262247,816.775,347.221
0.9500000,228,-4.662693,6.285799,816.590,346.494
0.9541667,229,-4.635675,6.316156,817.424,345.557
0.9583333,230,-4.649746,6.311215,816.989,345.709
0.9625000,231,-4.627728,6.325071,817.669,345.282
0.9666667,232,-4.608005,6.360285,818.278,344.195
0.9708333,233,-4.573194,6.362365,819.352,344.131
0.9750000,234,-4.578837,6.366822,819.178,343.993
0.9791667,235,-4.550964,6.391810,820.038,343.222
0.9833333,236,-4.566376,6.406641,819.562,342.764
0.9875000,237,-4.527773,6.467923,820.754,340.873
0.9916667,238,-4.543022,6.432673,820.283,341.961
0.9958333,239,-4.546189,6.457836,820.186,341.184
1.0000000,240,-4.538701,6.455161,820.417,341.267
1.0041667,241,-4.503473,6.475257,821.504,340.646
1.0083333,242,-4.500000,6.466759,821.611,340.909
1.0125000,243,-4.486686,6.501464,822.022,339.838
1.0166667,244,-4.483228,6.496701,822.129,339.985
1.0208333,245,-4.469277,6.519939,822.559,339.267
1.0250000,246,-4.448408,6.550771,823.203,338.316
1.0291667,247,-4.462746,6.510174,822.761,339.569
1.0333333,248,-4.448355,6.541999,823.205,338.586
1.0375000,249,-4.446149,6.541781,823.273,338.593
1.0416667,250,-4.452351,6.540837,823.082,338.622
1.0458333,251,-4.424727,6.561894,823.934,337.972
1.0500000,252,-4.392324,6.578963,824.934,337.446
1.0541667,253,-4.409094,6.589868,824.417,337.109
1.0583333,254,-4.360578,6.607070,825.914,336.578
1.0625000,255,-4.370310,6.630531,825.614,335.854
1.0666667,256,-4.359998,6.642374,825.932,335.488
1.0708333,257,-4.341930,6.657098,826.490,335.034
1.0750000,258,-4.339248,6.669730,826.573,334.644
1.0791667,259,-4.324386,6.679852,827.031,334.332
1.0833333,260,-4.294340,6.708623,827.959,333.444
1.0875000,261,-4.304299,6.724099,827.651,332.966
1.0916667,262,-4.282672,6.737004,828.319,332.568
1.0958333,263,-4.281392,6.741045,828.358,332.443
1.1000000,264,-4.253018,6.768191,829.234,331.605
1.1041667,265,-4.205591,6.784266,830.698,331.109
1.1083333,266,-4.215677,6.801158,830.387,330.588
1.1125000,267,-4.229338,6.803863,829.965,330.504
1.1166667,268,-4.228902,6.816098,829.978,330.127
1.1208333,269,-4.191543,6.800080,831.131,330.621
1.1250000,270,-4.181317,6.834362,831.447,329.563
1.1291667,271,-4.188719,6.853266,831.219,328.979
1.1333333,272,-4.156896,6.843260,832.201,329.288
1.1375000,273,-4.160031,6.857020,832.104,328.864
1.1416667,274,-4.149420,6.874581,832.431,328.322
1.1458333,275,-4.141801,6.856967,832.667,328.865
1.1500000,276,-4.131358,6.894917,832.989,327.694
1.1541667,277,-4.142577,6.896151,832.643,327.656
1.1583333,278,-4.137038,6.902992,832.814,327.445
1.1625000,279,-4.103756,6.899313,833.841,327.558
1.1666667,280,-4.112947,6.915774,833.557,327.050
1.1708333,281,-4.116552,6.934197,833.446,326.482
1.1750000,282,-4.087534,6.962942,834.342,325.594
1.1791667,283,-4.086813,6.963958,834.364,325.563
1.1833333,284,-4.064870,7.001006,835.041,324.420
1.1875000,285,-4.017230,7.011262,836.511,324.103
1.1916667,286,-4.020430,7.022941,836.413,323.743
1.1958333,287,-4.033724,7.026466,836.002,323.634
1.2000000,288,-4.029831,7.046109,836.122,323.027
1.2041667,289,-4.002214,7.098364,836.975,321.415
1.2083333,290,-4.001885,7.121665,836.985,320.696
1.2125000,291,-3.976318,7.125708,837.774,320.571
1.2166667,292,-3.964657,7.135621,838.134,320.265
1.2208333,293,-3.949833,7.128402,838.592,320.488
1.2250000,294,-3.947610,7.171344,838.660,319.162
1.2291667,295,-3.954498,7.154947,838.448,319.668
1.2333333,296,-3.930540,7.175806,839.187,319.025
1.2375000,297,-3.919587,7.211883,839.525,317.911
1.2416667,298,-3.909994,7.207881,839.821,318.035
1.2458333,299,-3.891060,7.224867,840.406,317.510
1.2500000,300,-3.910856,7.196573,839.795,318.384
1.2541667,301,-3.893172,7.236817,840.340,317.141
1.2583333,302,-3.891698,7.250732,840.386,316.712
1.2625000,303,-3.887112,7.260530,840.527,316.410
1.2666667,304,-3.861662,7.277468,841.313,315.887
1.2708333,305,-3.868529,7.281302,841.101,315.768
1.2750000,306,-3.829277,7.291069,842.312,315.467
1.2791667,307,-3.873260,7.306689,840.955,314.985
1.2833333,308,-3.814467,7.311495,842.770,314.837
1.2875000,309,-3.823380,7.326141,842.494,314.385
1.2916667,310,-3.823978,7.337220,842.476,314.043
1.2958333,311,-3.795862,7.355016,843.344,313.493
1.3000000,312,-3.782999,7.358603,843.741,313.383
1.3041667,313,-3.758567,7.390738,844.495,312.391
1.3083333,314,-3.740341,7.375136,845.057,312.872
1.3125000,315,-3.750209,7.420188,844.753,311.482
1.3166667,316,-3.727125,7.451173,845.465,310.526
1.3208333,317,-3.708027,7.455328,846.055,310.397
1.3250000,318,-3.696369,7.458092,846.415,310.312
1.3291667,319,-3.688971,7.463605,846.643,310.142
1.3333333,320,-3.654727,7.487113,847.700,309.416
1.3375000,321,-3.655390,7.495768,847.679,309.149
1.3416667,322,-3.663900,7.519320,847.417,308.422
1.3458333,323,-3.634175,7.532830,848.334,308.005
1.3500000,324,-3.630913,7.523979,848.435,308.278
1.3541667,325,-3.622631,7.557278,848.690,307.251
1.3583333,326,-3.600740,7.571346,849.366,306.816
1.3625000,327,-3.595168,7.569886,849.538,306.862
1.3666667,328,-3.591999,7.569548,849.636,306.872
1.3708333,329,-3.583076,7.565669,849.911,306.992
1.3750000,330,-3.570246,7.604429,850.307,305.795
1.3791667,331,-3.580893,7.623569,849.979,305.205
1.3833333,332,-3.564179,7.624989,850.494,305.161
1.3875000,333,-3.541745,7.623406,851.187,305.210
1.3916667,334,-3.556349,7.646821,850.736,304.487
1.3958333,335,-3.547174,7.650635,851.019,304.369
1.4000000,336,-3.539940,7.663935,851.243,303.959
1.4041667,337,-3.510062,7.671851,852.165,303.714
1.4083333,338,-3.517951,7.712808,851.921,302.450
1.4125000,339,-3.487680,7.685743,852.856,303.286
1.4166667,340,-3.493640,7.717655,852.672,302.301
1.4208333,341,-3.472276,7.752702,853.331,301.219
1.4250000,342,-3.456040,7.765005,853.832,300.839
1.4291667,343,-3.451907,7.795289,853.960,299.905
1.4333333,344,-3.442398,7.791618,854.253,300.018
1.4375000,345,-3.403293,7.786449,855.460,300.177
1.4416667,346,-3.403445,7.804299,855.455,299.627
1.4458333,347,-3.376737,7.837157,856.280,298.612
1.4500000,348,-3.360689,7.851500,856.775,298.170
1.4541667,349,-3.373604,7.862661,856.376,297.825
1.4583333,350,-3.329983,7.872150,857.723,297.532
1.4625000,351,-3.332098,7.873357,857.657,297.495
1.4666667,352,-3.327181,7.878556,857.809,297.335
1.4708333,353,-3.317695,7.894667,858.102,296.837
1.4750000,354,-3.308985,7.927383,858.371,295.828
1.4791667,355,-3.291360,7.927119,858.915,295.836
1.4833333,356,-3.260921,7.920315,859.854,296.046
1.4875000,357,-3.278864,7.954304,859.300,294.997
1.4916667,358,-3.283106,7.924156,859.170,295.927
1.4958333,359,-3.264712,7.963959,859.737,294.699
1.5000000,360,-3.227389,7.958110,860.889,294.879
1.5041667,361,-3.241887,7.974617,860.442,294.370
1.5083333,362,-3.209679,7.997017,861.436,293.678
1.5125000,363,-3.231589,8.000492,860.760,293.571
1.5166667,364,-3.220986,8.002931,861.087,293.496
1.5208333,365,-3.215194,8.027267,861.266,292.745
1.5250000,366,-3.201345,8.038705,861.693,292.392
1.5291667,367,-3.178109,8.044352,862.410,292.218
1.5333333,368,-3.163583,8.052831,862.859,291.956
1.5375000,369,-3.173601,8.089612,862.549,290.821
1.5416667,370,-3.152292,8.083929,863.207,290.996
1.5458333,371,-3.136097,8.137906,863.707,289.330
1.5500000,372,-3.117454,8.131297,864.282,289.534
1.5541667,373,-3.084496,8.152326,865.299,288.885
1.5583333,374,-3.071592,8.171765,865.698,288.285
1.5625000,375,-3.072474,8.175089,865.671,288.182
1.5666667,376,-3.056420,8.213291,866.166,287.003
1.5708333,377,-3.065149,8.207444,865.897,287.184
1.5750000,378,-3.041692,8.223854,866.621,286.677
1.5791667,379,-3.057151,8.217348,866.143,286.878
1.5833333,380,-3.028050,8.286203,867.042,284.753
1.5875000,381,-3.015866,8.259662,867.418,285.572
1.5916667,382,-3.001175,8.292575,867.871,284.556
1.5958333,383,-3.005652,8.291395,867.733,284.593
1.6000000,384,-2.998388,8.301393,867.957,284.284
1.6041667,385,-3.002151,8.318656,867.841,283.751
1.6083333,386,-3.011118,8.297728,867.564,284.397
1.6125000,387,-2.985115,8.329313,868.367,283.422
1.6166667,388,-2.993429,8.321702,868.110,283.657
1.6208333,389,-2.968168,8.353714,868.890,282.669
1.6250000,390,-2.958569,8.358087,869.186,282.534
1.6291667,391,-2.961955,8.359674,869.082,282.485
1.6333333,392,-2.957725,8.392203,869.212,281.481
1.6375000,393,-2.928640,8.389429,870.110,281.567
1.6416667,394,-2.923624,8.412612,870.265,280.851
1.6458333,395,-2.900444,8.437701,870.980,280.077
1.6500000,396,-2.883802,8.450423,871.494,279.684
1.6541667,397,-2.863145,8.457507,872.131,279.466
1.6583333,398,-2.859141,8.462135,872.255,279.323
1.6625000,399,-2.870407,8.510078,871.907,277.843
1.6666667,400,-2.848078,8.491243,872.596,278.425
1.6708333,401,-2.810255,8.526471,873.764,277.337
1.6750000,402,-2.833621,8.562107,873.043,276.237
1.6791667,403,-2.814294,8.560302,873.639,276.293
1.6833333,404,-2.782527,8.572288,874.620,275.923
1.6875000,405,-2.781305,8.596403,874.657,275.179
1.6916667,406,-2.785664,8.611830,874.523,274.703
1.6958333,407,-2.764316,8.614342,875.182,274.625
1.7000000,408,-2.766611,8.641422,875.111,273.789
1.7041667,409,-2.739966,8.641795,875.933,273.778
1.7083333,410,-2.744151,8.671811,875.804,272.852
1.7125000,411,-2.734419,8.674482,876.104,272.769
1.7166667,412,-2.725193,8.661197,876.389,273.179
1.7208333,413,-2.744198,8.680695,875.803,272.577
1.7250000,414,-2.715768,8.703653,876.680,271.869
1.7291667,415,-2.701562,8.719530,877.118,271.379
1.7333333,416,-2.697747,8.696838,877.236,272.079
1.7375000,417,-2.697205,8.721169,877.253,271.328
1.7416667,418,-2.683627,8.737056,877.672,270.838
1.7458333,419,-2.656031,8.762999,878.524,270.037
1.7500000,420,-2.655863,8.740069,878.529,270.745
1.7541667,421,-2.664073,8.773758,878.276,269.705
1.7583333,422,-2.634965,8.795286,879.174,269.041
1.7625000,423,-2.633154,8.800447,879.230,268.881
1.7666667,424,-2.631478,8.827438,879.282,268.048
1.7708333,425,-2.635180,8.817463,879.167,268.356
1.7750000,426,-2.593463,8.830034,880.455,267.968
1.7791667,427,-2.598724,8.852230,880.292,267.283
1.7833333,428,-2.567042,8.892995,881.270,266.025
1.7875000,429,-2.544653,8.898979,881.961,265.840
1.7916667,430,-2.537226,8.934571,882.191,264.742
1.7958333,431,-2.548065,8.933334,881.856,264.780
1.8000000,432,-2.531884,8.937408,882.355,264.654
1.8041667,433,-2.502421,8.972502,883.265,263.571
1.8083333,434,-2.488017,8.989074,883.709,263.059
1.8125000,435,-2.490241,8.990406,883.641,263.018
1.8166667,436,-2.482110,8.994154,883.892,262.903
1.8208333,437,-2.449249,9.005778,884.906,262.544
1.8250000,438,-2.442898,9.022421,885.102,262.030
1.8291667,439,-2.452283,9.039684,884.812,261.497
1.8333333,440,-2.452347,9.059971,884.810,260.871
1.8375000,441,-2.432836,9.066601,885.412,260.667
1.8416667,442,-2.449359,9.084508,884.902,260.114
1.8458333,443,-2.426850,9.069496,885.597,260.577
1.8500000,444,-2.419788,9.084069,885.815,260.127
1.8541667,445,-2.400060,9.111732,886.424,259.274
1.8583333,446,-2.400460,9.121424,886.412,258.975
1.8625000,447,-2.420980,9.128885,885.778,258.744
1.8666667,448,-2.368654,9.143257,887.393,258.301
1.8708333,449,-2.376185,9.139924,887.161,258.404
1.8750000,450,-2.400007,9.149724,886.426,258.101
1.8791667,451,-2.386449,9.177079,886.844,257.257
1.8833333,452,-2.350606,9.221597,887.950,255.883
1.8875000,453,-2.364863,9.223355,887.510,255.829
1.8916667,454,-2.329087,9.228323,888.615,255.675
1.8958333,455,-2.342372,9.276671,888.205,254.183
1.9000000,456,-2.339974,9.257738,888.279,254.767
1.9041667,457,-2.291637,9.295142,889.770,253.613
1.9083333,458,-2.280343,9.321083,890.119,252.812
1.9125000,459,-2.296143,9.337785,889.631,252.297
1.9166667,460,-2.263891,9.358170,890.627,251.668
1.9208333,461,-2.269749,9.364937,890.446,251.459
1.9250000,462,-2.258430,9.387334,890.795,250.767
1.9291667,463,-2.257726,9.386606,890.817,250.790
1.9333333,464,-2.237889,9.415750,891.429,249.890
1.9375000,465,-2.218935,9.434698,892.014,249.306
1.9416667,466,-2.211627,9.446716,892.240,248.935
1.9458333,467,-2.197407,9.463149,892.679,248.428
1.9500000,468,-2.193948,9.443084,892.786,249.047
1.9541667,469,-2.202311,9.460487,892.527,248.510
1.9583333,470,-2.210691,9.468329,892.269,248.268
1.9625000,471,-2.187980,9.498034,892.970,247.351
1.9666667,472,-2.183362,9.480491,893.112,247.892
1.9708333,473,-2.189916,9.505408,892.910,247.123
1.9750000,474,-2.193171,9.524193,892.810,246.543
1.9791667,475,-2.184240,9.555049,893.085,245.591
1.9833333,476,-2.188259,9.557630,892.961,245.511
1.9875000,477,-2.173739,9.554291,893.409,245.614
1.9916667,478,-2.151017,9.562521,894.111,245.360
1.9958333,479,-2.128633,9.580832,894.801,244.795
2.0000000,480,-2.133835,9.598334,894.641,244.255
2.0041667,481,-2.133145,9.624723,894.662,243.441
2.0083333,482,-2.123442,9.663626,894.962,242.240
2.0125000,483,-2.110212,9.664446,895.370,242.215
2.0166667,484,-2.082452,9.681589,896.227,241.686
2.0208333,485,-2.084649,9.699691,896.159,241.127
2.0250000,486,-2.097426,9.720472,895.765,240.485
2.0291667,487,-2.065598,9.742175,896.747,239.816
2.0333333,488,-2.077244,9.762620,896.388,239.185
2.0375000,489,-2.055795,9.794740,897.050,238.193
2.0416667,490,-2.037219,9.810188,897.623,237.716
2.0458333,491,-2.040821,9.803344,897.512,237.928
2.0500000,492,-2.024205,9.824774,898.025,237.266
2.0541667,493,-2.001625,9.847835,898.721,236.554
2.0583333,494,-2.019329,9.871182,898.175,235.834
2.0625000,495,-1.990092,9.861247,899.077,236.141
2.0666667,496,-1.986455,9.880860,899.190,235.535
2.0708333,497,-1.983952,9.876586,899.267,235.667
2.0750000,498,-1.997663,9.887380,898.844,235.334
2.0791667,499,-1.969650,9.905435,899.708,234.777
2.0833333,500,-1.973232,9.915767,899.598,234.458
2.0875000,501,-1.963483,9.926143,899.899,234.138
2.0916667,502,-1.966118,9.952447,899.817,233.326
2.0958333,503,-1.945734,9.962810,900.446,233.006
2.1000000,504,-1.971563,9.961465,899.649,233.047
2.1041667,505,-1.943718,10.003163,900.509,231.760
2.1083333,506,-1.930763,9.989292,900.909,232.189
2.1125000,507,-1.898851,10.009533,901.893,231.564
2.1166667,508,-1.943664,10.036917,900.510,230.719
2.1208333,509,-1.930165,10.048556,900.927,230.359
2.1250000,510,-1.907834,10.060170,901.616,230.001
2.1291667,511,-1.892266,10.083273,902.097,229.288
2.1333333,512,-1.895150,10.081391,902.008,229.346
2.1375000,513,-1.866943,10.110706,902.878,228.441
2.1416667,514,-1.868245,10.168621,902.838,226.654
2.1458333,515,-1.855831,10.163449,903.221,226.813
2.1500000,516,-1.865587,10.191323,902.920,225.953
2.1541667,517,-1.836453,10.212931,903.819,225.286
2.1583333,518,-1.832523,10.202896,903.941,225.596
2.1625000,519,-1.808286,10.233389,904.689,224.655
2.1666667,520,-1.809159,10.237333,904.662,224.533
2.1708333,521,-1.794290,10.233379,905.121,224.655
2.1750000,522,-1.801493,10.278192,904.898,223.272
2.1791667,523,-1.808088,10.280645,904.695,223.196
2.1833333,524,-1.784963,10.300321,905.409,222.589
2.1875000,525,-1.806194,10.301236,904.753,222.561
2.1916667,526,-1.799917,10.329421,904.947,221.691
2.1958333,527,-1.785754,10.338022,905.384,221.425
2.2000000,528,-1.763601,10.349400,906.068,221.074
2.2041667,529,-1.756809,10.338267,906.278,221.418
2.2083333,530,-1.786423,10.349558,905.363,221.069
2.2125000,531,-1.765806,10.384084,906.000,220.004
2.2166667,532,-1.742875,10.394638,906.708,219.678
2.2208333,533,-1.756545,10.397750,906.286,219.582
2.2250000,534,-1.764879,10.431957,906.028,218.526
2.2291667,535,-1.738885,10.409817,906.831,219.209
2.2333333,536,-1.717528,10.428964,907.490,218.618
2.2375000,537,-1.733082,10.482671,907.010,216.961
2.2416667,538,-1.723784,10.481888,907.297,216.985
2.2458333,539,-1.683136,10.499274,908.551,216.448
2.2500000,540,-1.689452,10.526404,908.356,215.611
2.2541667,541,-1.701698,10.546765,907.978,214.983
2.2583333,542,-1.666936,10.541906,909.051,215.133
2.2625000,543,-1.651695,10.587753,909.522,213.718
2.2666667,544,-1.660703,10.595267,909.244,213.486
2.2708333,545,-1.644291,10.620099,909.750,212.719
2.2750000,546,-1.626393,10.626947,910.303,212.508
2.2791667,547,-1.625528,10.661929,910.329,211.428
2.2833333,548,-1.603730,10.679551,911.002,210.884
2.2875000,549,-1.598641,10.691175,911.159,210.525
2.2916667,550,-1.597411,10.701384,911.197,210.210
2.2958333,551,-1.583324,10.721215,911.632,209.598
2.3000000,552,-1.599456,10.726267,911.134,209.442
2.3041667,553,-1.599370,10.721174,911.137,209.600
2.3083333,554,-1.600292,10.758538,911.108,208.446
2.3125000,555,-1.586081,10.754911,911.547,208.558
2.3166667,556,-1.587430,10.753206,911.505,208.611
2.3208333,557,-1.571153,10.770565,912.008,208.075
2.3250000,558,-1.550176,10.812587,912.655,206.778
2.3291667,559,-1.536637,10.816616,913.073,206.654
2.3333333,560,-1.539838,10.814413,912.974,206.722
2.3375000,561,-1.533306,10.814068,913.176,206.732
2.3416667,562,-1.527693,10.843877,913.349,205.812
2.3458333,563,-1.516166,10.818826,913.705,206.586
2.3500000,564,-1.520276,10.858067,913.578,205.374
2.3541667,565,-1.514351,10.909722,913.761,203.780
2.3583333,566,-1.512571,10.901608,913.816,204.031
2.3625000,567,-1.491164,10.904999,914.476,203.926
2.3666667,568,-1.472919,10.945876,915.040,202.664
2.3708333,569,-1.468478,10.989600,915.177,201.315
2.3750000,570,-1.453452,10.961662,915.640,202.177
2.3791667,571,-1.422993,10.993654,916.580,201.190
2.3833333,572,-1.432296,11.019509,916.293,200.392
2.3875000,573,-1.422826,11.009516,916.586,200.700
2.3916667,574,-1.421011,11.049444,916.642,199.468
2.3958333,575,-1.406662,11.056224,917.085,199.259
2.4000000,576,-1.417388,11.067522,916.753,198.910
2.4041667,577,-1.389935,11.091422,917.601,198.172
2.4083333,578,-1.380889,11.098488,917.880,197.954
2.4125000,579,-1.371665,11.107689,918.165,197.670
2.4166667,580,-1.395467,11.119519,917.430,197.305
2.4208333,581,-1.375334,11.145374,918.051,196.507
2.4250000,582,-1.351769,11.153577,918.779,196.254
2.4291667,583,-1.353019,11.145005,918.740,196.518
2.4333333,584,-1.372520,11.184248,918.138,195.307
2.4375000,585,-1.361542,11.177620,918.477,195.512
2.4416667,586,-1.360184,11.208435,918.519,194.561
2.4458333,587,-1.336411,11.214241,919.253,194.381
2.4500000,588,-1.325736,11.203501,919.582,194.713
2.4541667,589,-1.332679,11.221671,919.368,194.152
2.4583333,590,-1.342626,11.241954,919.061,193.526
2.4625000,591,-1.315355,11.263419,919.903,192.864
2.4666667,592,-1.334988,11.273390,919.297,192.556
2.4708333,593,-1.292023,11.302883,920.623,191.646
2.4750000,594,-1.308050,11.307397,920.128,191.506
2.4791667,595,-1.300179,11.340491,920.371,190.485
2.4833333,596,-1.291845,11.350675,920.628,190.171
2.4875000,597,-1.270964,11.382035,921.273,189.203
2.4916667,598,-1.260950,11.407817,921.582,188.407
2.4958333,599,-1.247757,11.419892,921.989,188.034
2.5000000,600,-1.246201,11.438422,922.037,187.462
2.5041667,601,-1.235859,11.450985,922.356,187.075
2.5083333,602,-1.211938,11.486745,923.095,185.971
2.5125000,603,-1.198782,11.505234,923.501,185.400
2.5166667,604,-1.202922,11.517432,923.373,185.024
2.5208333,605,-1.191084,11.512019,923.738,185.191
2.5250000,606,-1.180327,11.520958,924.070,184.915
2.5291667,607,-1.185498,11.556261,923.911,183.825
2.5333333,608,-1.183556,11.556224,923.970,183.826
2.5375000,609,-1.186344,11.566784,923.884,183.500
2.5416667,610,-1.169834,11.582595,924.394,183.012
2.5458333,611,-1.139344,11.585379,925.335,182.927
2.5500000,612,-1.161756,11.571781,924.643,183.346
2.5541667,613,-1.163030,11.604973,924.604,182.322
2.5583333,614,-1.144255,11.629122,925.183,181.576
2.5625000,615,-1.132677,11.622480,925.541,181.781
2.5666667,616,-1.125734,11.649779,925.755,180.939
2.5708333,617,-1.134701,11.638053,925.478,181.301
2.5750000,618,-1.111871,11.681778,926.183,179.951
2.5791667,619,-1.114522,11.679339,926.101,180.027
2.5833333,620,-1.104057,11.706476,926.424,179.189
2.5875000,621,-1.091477,11.719653,926.812,178.782
2.5916667,622,-1.089535,11.730879,926.872,178.436
2.5958333,623,-1.075738,11.739859,927.298,178.159
2.6000000,624,-1.050069,11.782819,928.090,176.833
2.6041667,625,-1.060118,11.781201,927.780,176.883
2.6083333,626,-1.042219,11.800572,928.333,176.285
2.6125000,627,-1.022297,11.813389,928.948,175.889
2.6166667,628,-1.016104,11.856020,929.139,174.573
2.6208333,629,-1.006852,11.850253,929.424,174.751
2.6250000,630,-1.013932,11.888404,929.206,173.574
2.6291667,631,-1.006494,11.904998,929.435,173.062
2.6333333,632,-0.986032,11.919354,930.067,172.619
2.6375000,633,-0.982788,11.945112,930.167,171.824
2.6416667,634,-0.989504,11.927604,929.960,172.364
2.6458333,635,-0.962322,11.932560,930.799,172.211
2.6500000,636,-0.950898,11.973991,931.151,170.932
2.6541667,637,-0.932372,11.963929,931.723,171.243
2.6583333,638,-0.944598,11.973135,931.346,170.959
2.6625000,639,-0.939565,11.988220,931.501,170.493
2.6666667,640,-0.941438,12.008184,931.443,169.877
2.6708333,641,-0.924926,12.019356,931.953,169.532
2.6750000,642,-0.926689,12.025359,931.898,169.347
2.6791667,643,-0.893792,12.054872,932.914,168.436
2.6833333,644,-0.919078,12.052777,932.133,168.501
2.6875000,645,-0.888311,12.055014,933.083,168.432
2.6916667,646,-0.897928,12.088260,932.786,167.406
2.6958333,647,-0.901790,12.070345,932.667,167.958
2.7000000,648,-0.876095,12.103842,933.460,166.925
2.7041667,649,-0.868744,12.120573,933.687,166.408
2.7083333,650,-0.845954,12.146047,934.390,165.622
2.7125000,651,-0.845541,12.154965,934.403,165.347
2.7166667,652,-0.842441,12.165937,934.499,165.008
2.7208333,653,-0.836367,12.214032,934.686,163.524
2.7250000,654,-0.828239,12.210290,934.937,163.639
2.7291667,655,-0.811364,12.228932,935.458,163.064
2.7333333,656,-0.797889,12.248496,935.874,162.460
2.7375000,657,-0.801078,12.287437,935.775,161.258
2.7416667,658,-0.791289,12.279609,936.078,161.500
2.7458333,659,-0.767783,12.294911,936.803,161.027
2.7500000,660,-0.773238,12.323577,936.635,160.143
2.7541667,661,-0.755094,12.338471,937.195,159.683
2.7583333,662,-0.747988,12.349250,937.414,159.350
2.7625000,663,-0.745463,12.359109,937.492,159.046
2.7666667,664,-0.714574,12.382045,938.445,158.338
2.7708333,665,-0.712916,12.381518,938.496,158.354
2.7750000,666,-0.718726,12.391656,938.317,158.041
2.7791667,667,-0.728019,12.446818,938.030,156.339
2.7833333,668,-0.705124,12.419193,938.737,157.192
2.7875000,669,-0.704825,12.419037,938.746,157.196
2.7916667,670,-0.698602,12.465048,938.938,155.776
2.7958333,671,-0.692546,12.447896,939.125,156.306
2.8000000,672,-0.693992,12.459775,939.080,155.939
2.8041667,673,-0.654401,12.485231,940.302,155.153
2.8083333,674,-0.667058,12.519606,939.912,154.092
2.8125000,675,-0.669889,12.514595,939.824,154.247
2.8166667,676,-0.657508,12.511189,940.207,154.352
2.8208333,677,-0.659057,12.519202,940.159,154.105
2.8250000,678,-0.655640,12.564567,940.264,152.705
2.8291667,679,-0.647753,12.578457,940.508,152.276
2.8333333,680,-0.621916,12.599864,941.305,151.615
2.8375000,681,-0.602558,12.615876,941.903,151.121
2.8416667,682,-0.589052,12.644005,942.319,150.253
2.8458333,683,-0.590483,12.645474,942.275,150.208
2.8500000,684,-0.577502,12.650283,942.676,150.059
2.8541667,685,-0.588845,12.655483,942.326,149.899
2.8583333,686,-0.580238,12.685448,942.591,148.974
2.8625000,687,-0.551326,12.698181,943.484,148.581
2.8666667,688,-0.525454,12.714171,944.282,148.087
2.8708333,689,-0.511775,12.739718,944.704,147.299
2.8750000,690,-0.521698,12.761699,944.398,146.620
2.8791667,691,-0.526046,12.767615,944.264,146.438
2.8833333,692,-0.508419,12.790653,944.808,145.727
2.8875000,693,-0.499384,12.821829,945.087,144.765
2.8916667,694,-0.502931,12.811902,944.977,145.071
2.8958333,695,-0.488068,12.785162,945.436,145.896
2.9000000,696,-0.468659,12.824413,946.035,144.685
2.9041667,697,-0.479789,12.838644,945.692,144.246
2.9083333,698,-0.467758,12.831606,946.063,144.463
2.9125000,699,-0.439249,12.864551,946.943,143.446
2.9166667,700,-0.448353,12.860447,946.662,143.573
2.9208333,701,-0.440300,12.859491,946.910,143.602
2.9250000,702,-0.445433,12.899986,946.752,142.352
2.9291667,703,-0.421962,12.915299,947.476,141.880
2.9333333,704,-0.441581,12.907061,946.871,142.134
2.9375000,705,-0.398775,12.941480,948.192,141.072
2.9416667,706,-0.403689,12.941139,948.040,141.082
2.9458333,707,-0.402328,12.945704,948.082,140.941
2.9500000,708,-0.387981,12.975939,948.525,140.008
2.9541667,709,-0.369984,13.027306,949.081,138.423
2.9583333,710,-0.379759,13.016768,948.779,138.748
2.9625000,711,-0.342124,13.041505,949.941,137.984
2.9666667,712,-0.327722,13.068883,950.385,137.139
2.9708333,713,-0.333059,13.058163,950.220,137.470
2.9750000,714,-0.301843,13.085742,951.184,136.619
2.9791667,715,-0.282013,13.102782,951.796,136.093
2.9833333,716,-0.302316,13.125591,951.169,135.389
2.9875000,717,-0.282999,13.122825,951.765,135.475
2.9916667,718,-0.258490,13.146679,952.522,134.738
2.9958333,719,-0.232292,13.167304,953.331,134.102
3.0000000,720,-0.253450,13.191690,952.677,133.349
3.0041667,721,-0.237971,13.182549,953.155,133.631
3.0083333,722,-0.240695,13.223165,953.071,132.378
3.0125000,723,-0.224223,13.183847,953.580,133.591
3.0166667,724,-0.213759,13.234561,953.903,132.026
3.0208333,725,-0.220904,13.228945,953.682,132.199
3.0250000,726,-0.200492,13.242243,954.312,131.789
3.0291667,727,-0.164431,13.250624,955.425,131.530
3.0333333,728,-0.177466,13.256106,955.023,131.361
3.0375000,729,-0.191369,13.266238,954.594,131.048
3.0416667,730,-0.182358,13.290372,954.872,130.303
3.0458333,731,-0.194907,13.303949,954.484,129.884
3.0500000,732,-0.175403,13.291512,955.086,130.268
3.0541667,733,-0.173274,13.308674,955.152,129.738
3.0583333,734,-0.172543,13.341239,955.175,128.733
3.0625000,735,-0.177311,13.378923,955.027,127.570
3.0666667,736,-0.125338,13.381975,956.632,127.476
3.0708333,737,-0.128174,13.384350,956.544,127.403
3.0750000,738,-0.138848,13.403971,956.215,126.797
3.0791667,739,-0.106009,13.413436,957.228,126.505
3.0833333,740,-0.095946,13.473362,957.539,124.655
3.0875000,741,-0.109313,13.502596,957.126,123.753
3.0916667,742,-0.068577,13.494251,958.383,124.011
3.0958333,743,-0.100927,13.538260,957.385,122.652
3.1000000,744,-0.055673,13.546270,958.782,122.405
3.1041667,745,-0.068921,13.546683,958.373,122.392
3.1083333,746,-0.043994,13.564841,959.142,121.832
3.1125000,747,-0.063322,13.559374,958.546,122.001
3.1166667,748,-0.032589,13.583865,959.494,121.245
3.1208333,749,-0.014113,13.595303,960.064,120.892
3.1250000,750,-0.006125,13.623033,960.311,120.036
3.1291667,751,-0.013542,13.612701,960.082,120.355
3.1333333,752,-0.007284,13.637687,960.275,119.584
3.1375000,753,-0.013374,13.637642,960.087,119.585
3.1416667,754,-0.004067,13.664591,960.374,118.753
3.1458333,755,0.007100,13.677628,960.719,118.351
3.1500000,756,-0.002540,13.654823,960.422,119.055
3.1541667,757,0.022758,13.662790,961.202,118.809
3.1583333,758,0.022086,13.723075,961.182,116.948
3.1625000,759,0.038308,13.694143,961.682,117.841
3.1666667,760,0.050432,13.727391,962.057,116.815
3.1708333,761,0.044864,13.733681,961.885,116.621
3.1750000,762,0.042265,13.761331,961.804,115.768
3.1791667,763,0.068095,13.754012,962.602,115.993
3.1833333,764,0.063251,13.812086,962.452,114.201
3.1875000,765,0.079366,13.818702,962.950,113.997
3.1916667,766,0.093514,13.860377,963.386,112.711
3.1958333,767,0.091621,13.842509,963.328,113.262
3.2000000,768,0.125092,13.870175,964.361,112.408
3.2041667,769,0.112660,13.879100,963.977,112.133
3.2083333,770,0.133683,13.905003,964.626,111.333
3.2125000,771,0.152620,13.900276,965.210,111.479
3.2166667,772,0.157753,13.932892,965.369,110.472
3.2208333,773,0.164606,13.966421,965.580,109.438
3.2250000,774,0.192417,13.969739,966.439,109.335
3.2291667,775,0.180921,13.978562,966.084,109.063
3.2333333,776,0.191828,13.998268,966.421,108.455
3.2375000,777,0.208664,14.013130,966.940,107.996
3.2416667,778,0.183916,14.044218,966.176,107.036
3.2458333,779,0.205596,14.039755,966.846,107.174
3.2500000,780,0.226610,14.032140,967.494,107.409
3.2541667,781,0.227799,14.047122,967.531,106.947
3.2583333,782,0.220119,14.055616,967.294,106.685
3.2625000,783,0.239898,14.066043,967.904,106.363
3.2666667,784,0.247169,14.071023,968.129,106.209
3.2708333,785,0.247381,14.087351,968.135,105.705
3.2750000,786,0.267573,14.088740,968.758,105.662
3.2791667,787,0.247786,14.139631,968.148,104.092
3.2833333,788,0.277631,14.147014,969.069,103.864
3.2875000,789,0.276329,14.132947,969.029,104.298
3.2916667,790,0.284587,14.173301,969.284,103.052
3.2958333,791,0.275991,14.164879,969.018,103.312
3.3000000,792,0.336083,14.196099,970.873,102.349
3.3041667,793,0.290802,14.232361,969.475,101.230
3.3083333,794,0.335589,14.214152,970.858,101.792
3.3125000,795,0.344529,14.232603,971.134,101.222
3.3166667,796,0.380669,14.273392,972.249,99.963
3.3208333,797,0.364562,14.282450,971.752,99.684
3.3250000,798,0.380925,14.288688,972.257,99.491
3.3291667,799,0.396060,14.318195,972.724,98.580
3.3333333,800,0.414366,14.332770,973.289,98.131
3.3375000,801,0.429721,14.339988,973.763,97.908
3.3416667,802,0.432716,14.362376,973.855,97.217
3.3458333,803,0.407436,14.396528,973.075,96.163
3.3500000,804,0.434033,14.381696,973.896,96.621
3.3541667,805,0.458075,14.405770,974.638,95.877
3.3583333,806,0.465232,14.407938,974.859,95.811
3.3625000,807,0.477911,14.399008,975.250,96.086
3.3666667,808,0.464135,14.442050,974.825,94.758
3.3708333,809,0.475024,14.440323,975.161,94.811
3.3750000,810,0.485157,14.453533,975.474,94.403
3.3791667,811,0.500094,14.453644,975.935,94.400
3.3833333,812,0.510442,14.460192,976.254,94.198
3.3875000,813,0.502542,14.467381,976.011,93.976
3.3916667,814,0.524285,14.502931,976.682,92.879
3.3958333,815,0.517910,14.504013,976.485,92.845
3.4000000,816,0.530887,14.530274,976.885,92.035
3.4041667,817,0.513218,14.535318,976.340,91.879
3.4083333,818,0.523438,14.580917,976.655,90.472
3.4125000,819,0.559688,14.587992,977.774,90.253
3.4166667,820,0.545487,14.599481,977.336,89.899
3.4208333,821,0.576929,14.614964,978.306,89.421
3.4250000,822,0.581843,14.638765,978.458,88.686
3.4291667,823,0.561639,14.650496,977.835,88.324
3.4333333,824,0.584769,14.679623,978.548,87.425
3.4375000,825,0.598981,14.697847,978.987,86.863
3.4416667,826,0.601576,14.700814,979.067,86.771
3.4458333,827,0.589076,14.717405,978.681,86.259
3.4500000,828,0.627319,14.732497,979.862,85.793
3.4541667,829,0.631000,14.755179,979.975,85.093
3.4583333,830,0.624803,14.769696,979.784,84.645
3.4625000,831,0.645110,14.782569,980.411,84.248
3.4666667,832,0.650362,14.798230,980.573,83.765
3.4708333,833,0.688121,14.821533,981.738,83.045
3.4750000,834,0.674333,14.834083,981.313,82.658
3.4791667,835,0.664491,14.831705,981.009,82.731
3.4833333,836,0.678924,14.846456,981.454,82.276
3.4875000,837,0.661601,14.853349,980.920,82.063
3.4916667,838,0.696345,14.867095,981.992,81.639
3.4958333,839,0.693086,14.890978,981.892,80.902
3.5000000,840,0.714249,14.893183,982.545,80.834
3.5041667,841,0.704241,14.888100,982.236,80.991
3.5083333,842,0.726634,14.922415,982.927,79.932
3.5125000,843,0.732390,14.942885,983.105,79.300
3.5166667,844,0.706026,14.950810,982.291,79.055
3.5208333,845,0.720794,14.982659,982.747,78.072
3.5250000,846,0.731591,15.020774,983.080,76.896
3.5291667,847,0.735619,15.005326,983.204,77.373
3.5333333,848,0.732091,15.003479,983.095,77.430
3.5375000,849,0.747099,15.033451,983.559,76.505
3.5416667,850,0.687420,14.880918,981.717,81.212
3.5458333,851,0.698800,14.862117,982.068,81.793
3.5500000,852,0.681992,14.848632,981.549,82.209
3.5541667,853,0.679845,14.806672,981.483,83.504
3.5583333,854,0.684416,14.808053,981.624,83.461
3.5625000,855,0.669301,14.775600,981.157,84.463
3.5666667,856,0.650119,14.769921,980.565,84.638
3.5708333,857,0.636298,14.757222,980.139,85.030
3.5750000,858,0.643407,14.734962,980.358,85.717
3.5791667,859,0.623511,14.743658,979.744,85.449
3.5833333,860,0.635863,14.702120,980.125,86.731
3.5875000,861,0.619138,14.697827,979.609,86.863
3.5916667,862,0.597795,14.690108,978.950,87.102
3.5958333,863,0.619840,14.674814,979.631,87.574
3.6000000,864,0.596149,14.666658,978.900,87.825
3.6041667,865,0.608743,14.643836,979.288,88.530
3.6083333,866,0.599792,14.640798,979.012,88.624
3.6125000,867,0.597920,14.608226,978.954,89.629
3.6166667,868,0.565472,14.606094,977.953,89.695
3.6208333,869,0.575324,14.602377,978.257,89.809
3.6250000,870,0.575105,14.600791,978.250,89.858
3.6291667,871,0.602301,14.567461,979.090,90.887
3.6333333,872,0.577122,14.581862,978.312,90.443
3.6375000,873,0.564958,14.547311,977.937,91.509
3.6416667,874,0.569229,14.509376,978.069,92.680
3.6458333,875,0.543839,14.530308,977.285,92.034
3.6500000,876,0.535632,14.513699,977.032,92.546
3.6541667,877,0.519616,14.485927,976.538,93.403
3.6583333,878,0.521710,14.454960,976.602,94.359
3.6625000,879,0.482805,14.437206,975.401,94.907
3.6666667,880,0.480707,14.418289,975.337,95.491
3.6708333,881,0.506101,14.412362,976.120,95.674
3.6750000,882,0.496492,14.382038,975.824,96.610
3.6791667,883,0.477108,14.340238,975.226,97.900
3.6833333,884,0.460274,14.335510,974.706,98.046
3.6875000,885,0.475831,14.326783,975.186,98.315
3.6916667,886,0.461154,14.294142,974.733,99.323
3.6958333,887,0.429148,14.289326,973.745,99.471
3.7000000,888,0.439388,14.298306,974.061,99.194
3.7041667,889,0.438849,14.273167,974.045,99.970
3.7083333,890,0.417876,14.253756,973.397,100.569
3.7125000,891,0.394594,14.252111,972.679,100.620
3.7166667,892,0.408254,14.230283,973.100,101.294
3.7208333,893,0.412122,14.231864,973.220,101.245
3.7250000,894,0.409191,14.217119,973.129,101.700
3.7291667,895,0.388027,14.186832,972.476,102.635
3.7333333,896,0.392124,14.219350,972.603,101.631
3.7375000,897,0.380518,14.163793,972.244,103.346
3.7416667,898,0.380203,14.166047,972.235,103.276
3.7458333,899,0.350673,14.154614,971.323,103.629
3.7500000,900,0.348060,14.130737,971.243,104.366
3.7541667,901,0.353018,14.119735,971.396,104.706
3.7583333,902,0.349022,14.122486,971.272,104.621
3.7625000,903,0.328933,14.084774,970.652,105.785
3.7666667,904,0.323796,14.073003,970.494,106.148
3.7708333,905,0.308238,14.073182,970.014,106.143
3.7750000,906,0.285788,14.048014,969.321,106.919
3.7791667,907,0.302158,14.035442,969.826,107.307
3.7833333,908,0.259325,14.012946,968.504,108.002
3.7875000,909,0.242815,13.990826,967.994,108.684
3.7916667,910,0.243319,13.993701,968.010,108.596
3.7958333,911,0.239681,13.970033,967.898,109.326
3.8000000,912,0.221356,13.953687,967.332,109.831
3.8041667,913,0.195955,13.949113,966.548,109.972
3.8083333,914,0.178521,13.895651,966.010,111.622
3.8125000,915,0.189659,13.914248,966.354,111.048
3.8166667,916,0.175904,13.906068,965.929,111.300
3.8208333,917,0.152726,13.893408,965.214,111.691
3.8250000,918,0.147826,13.889295,965.063,111.818
3.8291667,919,0.162963,13.878525,965.530,112.150
3.8333333,920,0.151752,13.851089,965.184,112.997
3.8375000,921,0.105651,13.843304,963.761,113.238
3.8416667,922,0.120371,13.809395,964.215,114.284
3.8458333,923,0.136726,13.825008,964.720,113.802
3.8500000,924,0.107609,13.800432,963.821,114.561
3.8541667,925,0.081665,13.802022,963.021,114.512
3.8583333,926,0.084148,13.777257,963.097,115.276
3.8625000,927,0.101397,13.762656,963.630,115.727
3.8666667,928,0.067663,13.771043,962.588,115.468
3.8708333,929,0.077440,13.745266,962.890,116.263
3.8750000,930,0.045300,13.735237,961.898,116.573
3.8791667,931,0.059876,13.712344,962.348,117.279
3.8833333,932,0.033063,13.718709,961.520,117.083
3.8875000,933,0.027632,13.690999,961.353,117.938
3.8916667,934,0.012672,13.702769,960.891,117.575
3.8958333,935,-0.005891,13.643624,960.318,119.400
3.9000000,936,-0.045458,13.664717,959.097,118.749
3.9041667,937,-0.017516,13.631068,959.959,119.788
3.9083333,938,-0.033861,13.614263,959.455,120.307
3.9125000,939,-0.050294,13.593990,958.948,120.932
3.9166667,940,-0.057301,13.581235,958.731,121.326
3.9208333,941,-0.089321,13.557641,957.743,122.054
3.9250000,942,-0.086277,13.557101,957.837,122.071
3.9291667,943,-0.122165,13.544755,956.729,122.452
3.9333333,944,-0.132316,13.506461,956.416,123.634
3.9375000,945,-0.121231,13.505653,956.758,123.659
3.9416667,946,-0.155897,13.495424,955.688,123.975
3.9458333,947,-0.131135,13.483944,956.453,124.329
3.9500000,948,-0.149469,13.492527,955.887,124.064
3.9541667,949,-0.154198,13.462107,955.741,125.003
3.9583333,950,-0.172117,13.472481,955.188,124.683
3.9625000,951,-0.166022,13.461780,955.376,125.013
3.9666667,952,-0.167614,13.446390,955.327,125.488
3.9708333,953,-0.198612,13.434112,954.370,125.867
3.9750000,954,-0.200223,13.439674,954.320,125.695
3.9791667,955,-0.190469,13.418519,954.621,126.348
3.9833333,956,-0.218761,13.409829,953.748,126.616
3.9875000,957,-0.203650,13.368567,954.214,127.890
3.9916667,958,-0.229102,13.364800,953.429,128.006
3.9958333,959,-0.229625,13.333575,953.413,128.970
4.0000000,960,-0.226331,13.346841,953.514,128.560
4.0041667,961,-0.233897,13.332028,953.281,129.018
4.0083333,962,-0.262214,13.289091,952.407,130.343
4.0125000,963,-0.235723,13.293689,953.225,130.201
4.0166667,964,-0.269373,13.246704,952.186,131.651
4.0208333,965,-0.281624,13.253852,951.808,131.430
4.0250000,966,-0.273915,13.210833,952.046,132.758
4.0291667,967,-0.290567,13.209590,951.532,132.797
4.0333333,968,-0.277151,13.174894,951.946,133.867
4.0375000,969,-0.317303,13.155876,950.707,134.454
4.0416667,970,-0.340707,13.164457,949.984,134.190
4.0458333,971,-0.356622,13.129375,949.493,135.272
4.0500000,972,-0.345157,13.137362,949.847,135.026
4.0541667,973,-0.344756,13.082434,949.859,136.721
4.0583333,974,-0.347024,13.091955,949.789,136.427
4.0625000,975,-0.352810,13.068488,949.611,137.152
4.0666667,976,-0.353011,13.048681,949.605,137.763
4.0708333,977,-0.376847,13.047142,948.869,137.810
4.0750000,978,-0.388217,13.038574,948.518,138.075
4.0791667,979,-0.348694,13.041577,949.738,137.982
4.0833333,980,-0.359438,13.012209,949.406,138.889
4.0875000,981,-0.399567,13.002993,948.168,139.173
4.0916667,982,-0.397500,12.991586,948.231,139.525
4.0958333,983,-0.409504,13.015986,947.861,138.772
4.1000000,984,-0.388810,12.976217,948.500,139.999
4.1041667,985,-0.403086,12.973951,948.059,140.069
4.1083333,986,-0.451186,12.954282,946.575,140.676
4.1125000,987,-0.432362,12.927062,947.155,141.517
4.1166667,988,-0.448570,12.932538,946.655,141.348
4.1208333,989,-0.446365,12.892567,946.723,142.581
4.1250000,990,-0.464386,12.892106,946.167,142.595
4.1291667,991,-0.463062,12.856462,946.208,143.696
4.1333333,992,-0.484194,12.832259,945.556,144.443
4.1375000,993,-0.470419,12.820595,945.981,144.803
4.1416667,994,-0.496349,12.829787,945.181,144.519
4.1458333,995,-0.485319,12.792347,945.521,145.674
4.1500000,996,-0.521659,12.775224,944.399,146.203
4.1541667,997,-0.506266,12.732728,944.874,147.515
4.1583333,998,-0.512446,12.736884,944.684,147.386
4.1625000,999,-0.524875,12.725002,944.300,147.753
4.1666667,1000,-0.538246,12.676439,943.887,149.252
4.1708333,1001,-0.555230,12.691474,943.363,148.788
4.1750000,1002,-0.555028,12.646099,943.370,150.188
4.1791667,1003,-0.568557,12.659634,942.952,149.771
4.1833333,1004,-0.551011,12.640517,943.494,150.361
4.1875000,1005,-0.562443,12.628620,943.141,150.728
4.1916667,1006,-0.563589,12.602077,943.105,151.547
4.1958333,1007,-0.565033,12.599807,943.061,151.617
4.2000000,1008,-0.593378,12.593659,942.186,151.807
4.2041667,1009,-0.591673,12.573224,942.238,152.438
4.2083333,1010,-0.597143,12.563775,942.070,152.729
4.2125000,1011,-0.607392,12.563351,941.753,152.742
4.2166667,1012,-0.615485,12.558224,941.504,152.900
4.2208333,1013,-0.624499,12.541813,941.225,153.407
4.2250000,1014,-0.620148,12.511267,941.360,154.350
4.2291667,1015,-0.595622,12.508151,942.117,154.446
4.2333333,1016,-0.622317,12.464606,941.293,155.790
4.2375000,1017,-0.626510,12.459699,941.163,155.941
4.2416667,1018,-0.632217,12.449156,940.987,156.267
4.2458333,1019,-0.656344,12.439046,940.242,156.579
4.2500000,1020,-0.642362,12.419137,940.674,157.193
4.2541667,1021,-0.652688,12.383984,940.355,158.278
4.2583333,1022,-0.654914,12.336830,940.287,159.734
4.2625000,1023,-0.669368,12.330575,939.840,159.927
4.2666667,1024,-0.646068,12.330485,940.560,159.929
4.2708333,1025,-0.694444,12.301590,939.067,160.821
4.2750000,1026,-0.685181,12.263475,939.352,161.998
4.2791667,1027,-0.694857,12.282503,939.054,161.410
4.2833333,1028,-0.696186,12.240697,939.013,162.701
4.2875000,1029,-0.678816,12.240215,939.549,162.716
4.2916667,1030,-0.680883,12.220554,939.485,163.322
4.2958333,1031,-0.697607,12.208807,938.969,163.685
4.3000000,1032,-0.720794,12.191039,938.253,164.233
4.3041667,1033,-0.699925,12.181083,938.897,164.541
4.3083333,1034,-0.715975,12.155132,938.402,165.342
4.3125000,1035,-0.742367,12.160957,937.587,165.162
4.3166667,1036,-0.716039,12.151310,938.400,165.460
4.3208333,1037,-0.729728,12.134623,937.978,165.975
4.3250000,1038,-0.732290,12.104288,937.898,166.911
4.3291667,1039,-0.728312,12.117429,938.021,166.505
4.3333333,1040,-0.725940,12.102286,938.094,166.973
4.3375000,1041,-0.762956,12.080707,936.952,167.639
4.3416667,1042,-0.751555,12.088401,937.304,167.401
4.3458333,1043,-0.759127,12.044482,937.070,168.757
4.3500000,1044,-0.770403,12.035274,936.722,169.041
4.3541667,1045,-0.783151,12.022885,936.329,169.423
4.3583333,1046,-0.774359,11.986571,936.600,170.544
4.3625000,1047,-0.811824,11.988341,935.444,170.489
4.3666667,1048,-0.814727,11.959966,935.354,171.365
4.3708333,1049,-0.798065,11.967466,935.868,171.134
4.3750000,1050,-0.827880,11.942221,934.948,171.913
4.3791667,1051,-0.826955,11.929844,934.977,172.295
4.3833333,1052,-0.824230,11.876074,935.061,173.955
4.3875000,1053,-0.864692,11.886697,933.812,173.627
4.3916667,1054,-0.885491,11.877669,933.170,173.905
4.3958333,1055,-0.909651,11.841629,932.424,175.018
4.4000000,1056,-0.884756,11.839079,933.193,175.096
4.4041667,1057,-0.891206,11.811257,932.994,175.955
4.4083333,1058,-0.904576,11.772184,932.581,177.161
4.4125000,1059,-0.895426,11.789662,932.863,176.622
4.4166667,1060,-0.891172,11.768319,932.995,177.280
4.4208333,1061,-0.907830,11.765793,932.481,177.358
4.4250000,1062,-0.923687,11.734299,931.991,178.330
4.4291667,1063,-0.941162,11.733895,931.452,178.343
4.4333333,1064,-0.927868,11.722537,931.862,178.693
4.4375000,1065,-0.928796,11.725434,931.833,178.604
4.4416667,1066,-0.921414,11.714688,932.061,178.936
4.4458333,1067,-0.956021,11.695055,930.993,179.542
4.4500000,1068,-0.959541,11.712432,930.885,179.005
4.4541667,1069,-0.980012,11.658523,930.253,180.669
4.4583333,1070,-0.963484,11.650216,930.763,180.925
4.4625000,1071,-0.948300,11.642123,931.231,181.175
4.4666667,1072,-0.950136,11.603321,931.175,182.373
4.4708333,1073,-0.971135,11.608197,930.527,182.222
4.4750000,1074,-0.988462,11.592066,929.992,182.720
4.4791667,1075,-0.975818,11.567343,930.382,183.483
4.4833333,1076,-0.997460,11.554836,929.714,183.869
4.4875000,1077,-0.999210,11.519811,929.660,184.950
4.4916667,1078,-0.964827,11.499833,930.721,185.567
4.4958333,1079,-1.012432,11.487779,929.252,185.939
4.5000000,1080,-1.005495,11.440869,929.466,187.387
4.5041667,1081,-1.013187,11.430709,929.229,187.700
4.5083333,1082,-1.007075,11.422769,929.417,187.945
4.5125000,1083,-1.033187,11.397252,928.612,188.733
4.5166667,1084,-1.032635,11.406207,928.629,188.457
4.5208333,1085,-1.019655,11.375977,929.029,189.390
4.5250000,1086,-1.048480,11.361944,928.139,189.823
4.5291667,1087,-1.054665,11.338922,927.949,190.533
4.5333333,1088,-1.058399,11.328785,927.833,190.846
4.5375000,1089,-1.071939,11.319892,927.415,191.121
4.5416667,1090,-1.080693,11.317906,927.145,191.182
4.5458333,1091,-1.053190,11.291533,927.994,191.996
4.5500000,1092,-1.077172,11.266307,927.254,192.774
4.5541667,1093,-1.074781,11.288658,927.328,192.085
4.5583333,1094,-1.057762,11.269968,927.853,192.661
4.5625000,1095,-1.068722,11.236201,927.515,193.704
4.5666667,1096,-1.091226,11.240443,926.820,193.573
4.5708333,1097,-1.072312,11.233790,927.404,193.778
4.5750000,1098,-1.085787,11.197873,926.988,194.887
4.5791667,1099,-1.101720,11.188647,926.496,195.171
4.5833333,1100,-1.077115,11.179818,927.256,195.444
4.5875000,1101,-1.113688,11.160482,926.127,196.041
4.5916667,1102,-1.117643,11.123478,926.005,197.183
4.5958333,1103,-1.116240,11.109599,926.048,197.611
4.6000000,1104,-1.125901,11.090438,925.750,198.203
4.6041667,1105,-1.138120,11.091964,925.373,198.155
4.6083333,1106,-1.155829,11.056304,924.826,199.256
4.6125000,1107,-1.165559,11.066459,924.526,198.943
4.6166667,1108,-1.167287,11.002553,924.473,200.915
4.6208333,1109,-1.187143,11.042439,923.860,199.684
4.6250000,1110,-1.192524,10.987496,923.694,201.380
4.6291667,1111,-1.190047,10.981775,923.770,201.556
4.6333333,1112,-1.200061,10.958479,923.461,202.275
4.6375000,1113,-1.220848,10.950422,922.820,202.524
4.6416667,1114,-1.232951,10.926301,922.446,203.268
4.6458333,1115,-1.213849,10.913974,923.036,203.649
4.6500000,1116,-1.257664,10.899663,921.683,204.091
4.6541667,1117,-1.240452,10.895999,922.214,204.204
4.6583333,1118,-1.245936,10.876293,922.045,204.812
4.6625000,1119,-1.273454,10.865985,921.196,205.130
4.6666667,1120,-1.276794,10.858845,921.093,205.350
4.6708333,1121,-1.247866,10.829612,921.986,206.253
4.6750000,1122,-1.264367,10.854323,921.476,205.490
4.6791667,1123,-1.281209,10.838743,920.957,205.971
4.6833333,1124,-1.284032,10.818065,920.869,206.609
4.6875000,1125,-1.284649,10.801491,920.850,207.121
4.6916667,1126,-1.313348,10.789911,919.965,207.478
4.6958333,1127,-1.295570,10.763459,920.513,208.294
4.7000000,1128,-1.341730,10.755643,919.089,208.536
4.7041667,1129,-1.322662,10.756453,919.677,208.511
4.7083333,1130,-1.341616,10.732274,919.092,209.257
4.7125000,1131,-1.353952,10.714154,918.711,209.816
4.7166667,1132,-1.351828,10.691127,918.777,210.527
4.7208333,1133,-1.376315,10.666265,918.021,211.294
4.7250000,1134,-1.364351,10.677319,918.390,210.953
4.7291667,1135,-1.378308,10.653509,917.960,211.688
4.7333333,1136,-1.386879,10.640626,917.695,212.086
4.7375000,1137,-1.408612,10.618144,917.024,212.779
4.7416667,1138,-1.436809,10.585796,916.154,213.778
4.7458333,1139,-1.429309,10.566549,916.386,214.372
4.7500000,1140,-1.467783,10.559554,915.198,214.588
4.7541667,1141,-1.427829,10.556145,916.431,214.693
4.7583333,1142,-1.453058,10.532514,915.653,215.422
4.7625000,1143,-1.466485,10.508481,915.238,216.164
4.7666667,1144,-1.505447,10.507368,914.036,216.199
4.7708333,1145,-1.471278,10.477454,915.090,217.122
4.7750000,1146,-1.493637,10.492273,914.400,216.664
4.7791667,1147,-1.497603,10.474084,914.278,217.226
4.7833333,1148,-1.515195,10.459990,913.735,217.661
4.7875000,1149,-1.545104,10.435150,912.812,218.427
4.7916667,1150,-1.519917,10.448964,913.589,218.001
4.7958333,1151,-1.513618,10.430422,913.783,218.573
4.8000000,1152,-1.531042,10.411383,913.246,219.161
4.8041667,1153,-1.520728,10.415414,913.564,219.037
4.8083333,1154,-1.524399,10.392099,913.451,219.756
4.8125000,1155,-1.550683,10.380999,912.639,220.099
4.8166667,1156,-1.543782,10.364730,912.852,220.601
4.8208333,1157,-1.572402,10.326611,911.969,221.777
4.8250000,1158,-1.581175,10.343369,911.698,221.260
4.8291667,1159,-1.593356,10.292526,911.322,222.829
4.8333333,1160,-1.598396,10.298974,911.167,222.630
4.8375000,1161,-1.590232,10.302579,911.419,222.519
4.8416667,1162,-1.618643,10.253790,910.542,224.025
4.8458333,1163,-1.635060,10.241812,910.035,224.395
4.8500000,1164,-1.633887,10.235015,910.071,224.604
4.8541667,1165,-1.664555,10.196832,909.125,225.783
4.8583333,1166,-1.668943,10.175512,908.989,226.441
4.8625000,1167,-1.654085,10.150545,909.448,227.212
4.8666667,1168,-1.657875,10.156320,909.331,227.033
4.8708333,1169,-1.665379,10.139675,909.099,227.547
4.8750000,1170,-1.703133,10.129476,907.934,227.862
4.8791667,1171,-1.699639,10.093182,908.042,228.982
4.8833333,1172,-1.706779,10.108291,907.822,228.516
4.8875000,1173,-1.701847,10.103550,907.974,228.662
4.8916667,1174,-1.712850,10.081740,907.634,229.335
4.8958333,1175,-1.733939,10.083170,906.983,229.291
4.9000000,1176,-1.752497,10.041756,906.411,230.569
4.9041667,1177,-1.738991,10.030488,906.827,230.917
4.9083333,1178,-1.758626,10.039551,906.221,230.637
4.9125000,1179,-1.729795,10.006025,907.111,231.672
4.9166667,1180,-1.753555,10.016331,906.378,231.354
4.9208333,1181,-1.739390,10.004639,906.815,231.715
4.9250000,1182,-1.761720,9.998277,906.126,231.911
4.9291667,1183,-1.788376,9.999842,905.303,231.863
4.9333333,1184,-1.798888,9.950591,904.979,233.383
4.9375000,1185,-1.827526,9.966247,904.095,232.900
4.9416667,1186,-1.802398,9.910632,904.870,234.616
4.9458333,1187,-1.791285,9.909318,905.213,234.657
4.9500000,1188,-1.831284,9.888113,903.979,235.311
4.9541667,1189,-1.834123,9.895202,903.891,235.093
4.9583333,1190,-1.851472,9.851311,903.356,236.447
4.9625000,1191,-1.858839,9.839022,903.128,236.826
4.9666667,1192,-1.850739,9.810425,903.378,237.709
4.9708333,1193,-1.855206,9.779456,903.241,238.665
4.9750000,1194,-1.890508,9.769654,902.151,238.967
4.9791667,1195,-1.886222,9.773016,902.283,238.864
4.9833333,1196,-1.926153,9.747397,901.051,239.654
4.9875000,1197,-1.914325,9.748661,901.416,239.615
4.9916667,1198,-1.914943,9.717057,901.397,240.591
4.9958333,1199,-1.902944,9.680545,901.767,241.718
5.0000000,1200,-1.926032,9.659935,901.055,242.354
5.0041667,1201,-1.904257,9.684446,901.727,241.597
5.0083333,1202,-1.933827,9.661259,900.814,242.313
5.0125000,1203,-1.939412,9.633375,900.642,243.174
5.0166667,1204,-1.943883,9.643460,900.504,242.862
5.0208333,1205,-1.947455,9.608579,900.393,243.939
5.0250000,1206,-1.971541,9.609763,899.650,243.902
5.0291667,1207,-1.958357,9.605473,900.057,244.035
5.0333333,1208,-1.957635,9.604630,900.079,244.061
5.0375000,1209,-1.951449,9.570785,900.270,245.105
5.0416667,1210,-1.965450,9.565488,899.838,245.269
5.0458333,1211,-1.982965,9.563862,899.297,245.319
5.0500000,1212,-1.969842,9.532991,899.702,246.272
5.0541667,1213,-2.010551,9.521956,898.446,246.612
5.0583333,1214,-1.998972,9.482153,898.803,247.841
5.0625000,1215,-1.994991,9.486905,898.926,247.694
5.0666667,1216,-2.011561,9.461708,898.415,248.472
5.0708333,1217,-2.019081,9.456162,898.183,248.643
5.0750000,1218,-2.040963,9.445033,897.507,248.987
5.0791667,1219,-2.056157,9.411036,897.038,250.036
5.0833333,1220,-2.045774,9.388187,897.359,250.741
5.0875000,1221,-2.039436,9.346252,897.554,252.035
5.0916667,1222,-2.066278,9.341346,896.726,252.187
5.0958333,1223,-2.066813,9.328046,896.709,252.597
5.1000000,1224,-2.067670,9.301325,896.683,253.422
5.1041667,1225,-2.100841,9.292128,895.659,253.706
5.1083333,1226,-2.082384,9.279335,896.229,254.101
5.1125000,1227,-2.101183,9.294425,895.649,253.635
5.1166667,1228,-2.118225,9.257716,895.123,254.768
5.1208333,1229,-2.107212,9.253073,895.463,254.911
5.1250000,1230,-2.113069,9.209490,895.282,256.256
5.1291667,1231,-2.134643,9.225134,894.616,255.774
5.1333333,1232,-2.126564,9.210093,894.865,256.238
5.1375000,1233,-2.144591,9.205384,894.309,256.383
5.1416667,1234,-2.132155,9.181581,894.693,257.118
5.1458333,1235,-2.153179,9.172793,894.044,257.389
5.1500000,1236,-2.157116,9.180631,893.922,257.147
5.1541667,1237,-2.158761,9.136223,893.872,258.518
5.1583333,1238,-2.175731,9.124268,893.348,258.887
5.1625000,1239,-2.163317,9.120963,893.731,258.989
5.1666667,1240,-2.178765,9.102146,893.254,259.570
5.1708333,1241,-2.162556,9.082831,893.754,260.166
5.1750000,1242,-2.186829,9.073677,893.005,260.448
5.1791667,1243,-2.198954,9.084039,892.631,260.128
5.1833333,1244,-2.212682,9.054162,892.207,261.051
5.1875000,1245,-2.215721,9.021659,892.114,262.054
5.1916667,1246,-2.223482,9.022422,891.874,262.030
5.1958333,1247,-2.248320,8.972630,891.107,263.567
5.2000000,1248,-2.243397,8.945590,891.259,264.402
5.2041667,1249,-2.243764,8.944968,891.248,264.421
5.2083333,1250,-2.270907,8.915499,890.410,265.330
5.2125000,1251,-2.262538,8.910364,890.669,265.489
5.2166667,1252,-2.268502,8.874579,890.484,266.593
5.2208333,1253,-2.281425,8.868724,890.086,266.774
5.2250000,1254,-2.301211,8.842145,889.475,267.594
5.2291667,1255,-2.290580,8.841714,889.803,267.608
5.2333333,1256,-2.298614,8.807628,889.555,268.660
5.2375000,1257,-2.308603,8.826552,889.247,268.076
5.2416667,1258,-2.312999,8.799554,889.111,268.909
5.2458333,1259,-2.286501,8.769368,889.929,269.840
5.2500000,1260,-2.311887,8.791654,889.145,269.153
5.2541667,1261,-2.314537,8.762125,889.064,270.064
5.2583333,1262,-2.325544,8.732142,888.724,270.989
5.2625000,1263,-2.314543,8.753436,889.063,270.332
5.2666667,1264,-2.317921,8.716369,888.959,271.476
5.2708333,1265,-2.330822,8.707259,888.561,271.757
5.2750000,1266,-2.329437,8.707561,888.604,271.748
5.2791667,1267,-2.352588,8.687938,887.889,272.354
5.2833333,1268,-2.338798,8.678869,888.315,272.634
5.2875000,1269,-2.347841,8.659270,888.036,273.239
5.2916667,1270,-2.352212,8.632402,887.901,274.068
5.2958333,1271,-2.369181,8.632581,887.377,274.062
5.3000000,1272,-2.375522,8.612712,887.181,274.676
5.3041667,1273,-2.374754,8.613552,887.205,274.650
5.3083333,1274,-2.386814,8.572253,886.833,275.924
5.3125000,1275,-2.411774,8.540051,886.063,276.918
5.3166667,1276,-2.404021,8.516675,886.302,277.640
5.3208333,1277,-2.382784,8.482559,886.957,278.693
5.3250000,1278,-2.415459,8.489058,885.949,278.492
5.3291667,1279,-2.420878,8.476181,885.782,278.889
5.3333333,1280,-2.430396,8.435985,885.488,280.130
5.3375000,1281,-2.439196,8.418838,885.216,280.659
5.3416667,1282,-2.447537,8.433300,884.959,280.213
5.3458333,1283,-2.460870,8.385336,884.547,281.693
5.3500000,1284,-2.455436,8.394185,884.715,281.420
5.3541667,1285,-2.468802,8.360747,884.302,282.452
5.3583333,1286,-2.473559,8.360405,884.156,282.463
5.3625000,1287,-2.467175,8.344617,884.353,282.950
5.3666667,1288,-2.491125,8.364190,883.613,282.346
5.3708333,1289,-2.497562,8.333562,883.415,283.291
5.3750000,1290,-2.505114,8.316914,883.182,283.805
5.3791667,1291,-2.523318,8.293452,882.620,284.529
5.3833333,1292,-2.497644,8.294755,883.412,284.489
5.3875000,1293,-2.512564,8.270379,882.952,285.241
5.3916667,1294,-2.533177,8.273066,882.316,285.158
5.3958333,1295,-2.511371,8.272828,882.989,285.166
5.4000000,1296,-2.527803,8.253825,882.481,285.752
5.4041667,1297,-2.541913,8.233448,882.046,286.381
5.4083333,1298,-2.528690,8.193350,882.454,287.619
5.4125000,1299,-2.555420,8.182054,881.629,287.967
5.4166667,1300,-2.539687,8.165417,882.115,288.481
5.4208333,1301,-2.553275,8.150264,881.695,288.949
5.4250000,1302,-2.550734,8.158416,881.774,288.697
5.4291667,1303,-2.569196,8.097970,881.204,290.563
5.4333333,1304,-2.579735,8.112390,880.879,290.118
5.4375000,1305,-2.591438,8.092879,880.517,290.720
5.4416667,1306,-2.590850,8.060759,880.535,291.711
5.4458333,1307,-2.594655,8.042381,880.418,292.278
5.4500000,1308,-2.611793,8.011879,879.889,293.220
5.4541667,1309,-2.622347,7.983054,879.563,294.109
5.4583333,1310,-2.611859,7.980624,879.887,294.184
5.4625000,1311,-2.641837,7.975182,878.962,294.352
5.4666667,1312,-2.653327,7.959625,878.607,294.833
5.4708333,1313,-2.648475,7.943875,878.757,295.319
5.4750000,1314,-2.652430,7.904477,878.635,296.535
5.4791667,1315,-2.626083,7.931392,879.448,295.704
5.4833333,1316,-2.655657,7.924191,878.535,295.926
5.4875000,1317,-2.649793,7.886147,878.716,297.100
5.4916667,1318,-2.649990,7.888451,878.710,297.029
5.4958333,1319,-2.663194,7.860344,878.303,297.897
5.5000000,1320,-2.662147,7.895564,878.335,296.810
5.5041667,1321,-2.696637,7.842581,877.270,298.445
5.5083333,1322,-2.695154,7.860686,877.316,297.886
5.5125000,1323,-2.683320,7.823754,877.681,299.026
5.5166667,1324,-2.703115,7.842056,877.071,298.461
5.5208333,1325,-2.704788,7.809921,877.019,299.453
5.5250000,1326,-2.750097,7.801671,875.620,299.708
5.5291667,1327,-2.751897,7.779189,875.565,300.402
5.5333333,1328,-2.764146,7.722690,875.187,302.145
5.5375000,1329,-2.761145,7.740781,875.279,301.587
5.5416667,1330,-2.782175,7.730633,874.630,301.900
5.5458333,1331,-2.775371,7.706399,874.840,302.648
5.5500000,1332,-2.785405,7.683494,874.531,303.355
5.5541667,1333,-2.790246,7.658424,874.381,304.129
5.5583333,1334,-2.849407,7.650425,872.555,304.376
5.5625000,1335,-2.857860,7.641483,872.294,304.652
5.5666667,1336,-2.854240,7.626741,872.406,305.107
5.5708333,1337,-2.856383,7.605183,872.340,305.772
5.5750000,1338,-2.862598,7.603628,872.148,305.820
5.5791667,1339,-2.873768,7.584190,871.803,306.420
5.5833333,1340,-2.894863,7.555364,871.152,307.310
5.5875000,1341,-2.890678,7.555035,871.282,307.320
5.5916667,1342,-2.911491,7.544886,870.639,307.633
5.5958333,1343,-2.895039,7.545063,871.147,307.628
5.6000000,1344,-2.930445,7.516833,870.054,308.499
5.6041667,1345,-2.908901,7.512901,870.719,308.620
5.6083333,1346,-2.943994,7.523150,869.636,308.304
5.6125000,1347,-2.942198,7.487356,869.691,309.409
5.6166667,1348,-2.958305,7.477457,869.194,309.714
5.6208333,1349,-2.965239,7.469754,868.980,309.952
5.6250000,1350,-2.964534,7.471398,869.002,309.901
5.6291667,1351,-2.981221,7.462159,868.487,310.186
5.6333333,1352,-2.975569,7.443991,868.661,310.747
5.6375000,1353,-2.977782,7.409266,868.593,311.819
5.6416667,1354,-3.000118,7.397394,867.904,312.185
5.6458333,1355,-3.027129,7.404135,867.070,311.977
5.6500000,1356,-3.026975,7.396437,867.075,312.215
5.6541667,1357,-3.037520,7.366851,866.749,313.128
5.6583333,1358,-3.039326,7.353870,866.694,313.529
5.6625000,1359,-3.097049,7.324497,864.912,314.435
5.6666667,1360,-3.067106,7.317709,865.836,314.645
5.6708333,1361,-3.089624,7.298453,865.141,315.239
5.6750000,1362,-3.096676,7.268427,864.924,316.166
5.6791667,1363,-3.094085,7.274933,865.004,315.965
5.6833333,1364,-3.107872,7.250056,864.578,316.733
5.6875000,1365,-3.141781,7.232497,863.531,317.275
5.6916667,1366,-3.144790,7.196132,863.439,318.397
5.6958333,1367,-3.148127,7.204441,863.336,318.141
5.7000000,1368,-3.154119,7.191414,863.151,318.543
5.7041667,1369,-3.163877,7.169994,862.849,319.204
5.7083333,1370,-3.150608,7.165307,863.259,319.349
5.7125000,1371,-3.167135,7.150666,862.749,319.800
5.7166667,1372,-3.165425,7.159912,862.802,319.515
5.7208333,1373,-3.207410,7.121710,861.506,320.694
5.7250000,1374,-3.190153,7.121298,862.038,320.707
5.7291667,1375,-3.183469,7.102953,862.245,321.273
5.7333333,1376,-3.231681,7.101331,860.757,321.323
5.7375000,1377,-3.214380,7.090046,861.291,321.671
5.7416667,1378,-3.225968,7.088979,860.933,321.704
5.7458333,1379,-3.232461,7.059725,860.733,322.607
5.7500000,1380,-3.235280,7.047691,860.646,322.979
5.7541667,1381,-3.260104,7.030016,859.880,323.524
5.7583333,1382,-3.256416,7.007895,859.993,324.207
5.7625000,1383,-3.272929,6.986252,859.484,324.875
5.7666667,1384,-3.264573,6.985133,859.742,324.909
5.7708333,1385,-3.270141,6.967524,859.570,325.453
5.7750000,1386,-3.276093,6.956057,859.386,325.807
5.7791667,1387,-3.321144,6.931504,857.996,326.565
5.7833333,1388,-3.317862,6.931758,858.097,326.557
5.7875000,1389,-3.326679,6.896625,857.825,327.641
5.7916667,1390,-3.349361,6.889451,857.125,327.863
5.7958333,1391,-3.341261,6.862813,857.375,328.685
5.8000000,1392,-3.359791,6.833386,856.803,329.593
5.8041667,1393,-3.377020,6.847662,856.271,329.152
5.8083333,1394,-3.367753,6.815136,856.557,330.156
5.8125000,1395,-3.386556,6.788375,855.977,330.982
5.8166667,1396,-3.372628,6.756461,856.407,331.967
5.8208333,1397,-3.417963,6.784639,855.007,331.098
5.8250000,1398,-3.415418,6.773104,855.086,331.454
5.8291667,1399,-3.423041,6.752904,854.851,332.077
5.8333333,1400,-3.418010,6.741507,855.006,332.429
5.8375000,1401,-3.450602,6.719362,854.000,333.112
5.8416667,1402,-3.425532,6.732128,854.774,332.718
5.8458333,1403,-3.473791,6.680285,853.284,334.318
5.8500000,1404,-3.455799,6.712190,853.840,333.334
5.8541667,1405,-3.457926,6.691091,853.774,333.985
5.8583333,1406,-3.453344,6.688873,853.915,334.053
5.8625000,1407,-3.481558,6.669756,853.044,334.643
5.8666667,1408,-3.470816,6.641587,853.376,335.513
5.8708333,1409,-3.505915,6.645284,852.293,335.399
5.8750000,1410,-3.499943,6.629602,852.477,335.883
5.8791667,1411,-3.516892,6.591973,851.954,337.044
5.8833333,1412,-3.520053,6.582377,851.856,337.340
5.8875000,1413,-3.556045,6.583219,850.746,337.314
5.8916667,1414,-3.543014,6.562394,851.148,337.957
5.8958333,1415,-3.555890,6.555813,850.750,338.160
5.9000000,1416,-3.578349,6.510598,850.057,339.556
5.9041667,1417,-3.571873,6.494697,850.257,340.046
5.9083333,1418,-3.617029,6.492611,848.863,340.111
5.9125000,1419,-3.599466,6.483134,849.405,340.403
5.9166667,1420,-3.620163,6.445480,848.767,341.565
5.9208333,1421,-3.616669,6.445925,848.874,341.552
5.9250000,1422,-3.629205,6.413448,848.487,342.554
5.9291667,1423,-3.668209,6.436784,847.284,341.834
5.9333333,1424,-3.669174,6.409786,847.254,342.667
5.9375000,1425,-3.690017,6.392869,846.611,343.189
5.9416667,1426,-3.718046,6.352295,845.745,344.442
5.9458333,1427,-3.687897,6.380829,846.676,343.561
5.9500000,1428,-3.689181,6.368649,846.636,343.937
5.9541667,1429,-3.716020,6.363025,845.808,344.110
5.9583333,1430,-3.703607,6.347695,846.191,344.583
5.9625000,1431,-3.734207,6.306302,845.247,345.861
5.9666667,1432,-3.731161,6.315162,845.341,345.588
5.9708333,1433,-3.753286,6.326284,844.658,345.244
5.9750000,1434,-3.760370,6.280519,844.439,346.657
5.9791667,1435,-3.770779,6.287528,844.118,346.440
5.9833333,1436,-3.765489,6.285584,844.281,346.500
5.9875000,1437,-3.772242,6.268206,844.073,347.037
5.9916667,1438,-3.807652,6.258899,842.980,347.324
5.9958333,1439,-3.793030,6.232164,843.431,348.149
6.0000000,1440,-3.816350,6.239617,842.711,347.919
6.0041667,1441,-3.826800,6.212898,842.389,348.744
6.0083333,1442,-3.848371,6.191357,841.723,349.409
6.0125000,1443,-3.870535,6.163192,841.039,350.278
6.0166667,1444,-3.851386,6.166575,841.630,350.174
6.0208333,1445,-3.879999,6.142280,840.747,350.923
6.0250000,1446,-3.891979,6.121059,840.377,351.578
6.0291667,1447,-3.897827,6.122135,840.197,351.545
6.0333333,1448,-3.913136,6.101527,839.724,352.181
6.0375000,1449,-3.923992,6.086178,839.389,352.655
6.0416667,1450,-3.928957,6.064255,839.236,353.332
6.0458333,1451,-3.936327,6.055766,839.008,353.594
6.0500000,1452,-3.959649,6.037328,838.289,354.163
6.0541667,1453,-3.966428,6.048386,838.079,353.821
6.0583333,1454,-3.961777,6.013961,838.223,354.884
6.0625000,1455,-3.999690,6.016721,837.053,354.799
6.0666667,1456,-3.989029,6.001860,837.382,355.257
6.0708333,1457,-4.032030,5.986690,836.055,355.726
6.0750000,1458,-4.021461,5.992025,836.381,355.561
6.0791667,1459,-4.048945,5.967619,835.533,356.314
6.0833333,1460,-4.048361,5.949352,835.551,356.878
6.0875000,1461,-4.047339,5.954951,835.582,356.705
6.0916667,1462,-4.050666,5.932607,835.479,357.395
6.0958333,1463,-4.067268,5.926392,834.967,357.587
6.1000000,1464,-4.063514,5.927351,835.083,357.557
6.1041667,1465,-4.080307,5.915371,834.565,357.927
6.1083333,1466,-4.085568,5.914734,834.402,357.946
6.1125000,1467,-4.133163,5.900150,832.933,358.397
6.1166667,1468,-4.104585,5.876153,833.815,359.137
6.1208333,1469,-4.136235,5.864399,832.838,359.500
6.1250000,1470,-4.161871,5.840268,832.047,360.245
6.1291667,1471,-4.160264,5.828146,832.097,360.619
6.1333333,1472,-4.162096,5.819821,832.040,360.876
6.1375000,1473,-4.194685,5.808370,831.034,361.229
6.1416667,1474,-4.228864,5.789549,829.980,361.810
6.1458333,1475,-4.198778,5.789030,830.908,361.826
6.1500000,1476,-4.240518,5.775588,829.620,362.241
6.1541667,1477,-4.240905,5.733761,829.608,363.532
6.1583333,1478,-4.272113,5.734516,828.645,363.509
6.1625000,1479,-4.281328,5.712060,828.360,364.202
6.1666667,1480,-4.286467,5.702943,828.202,364.483
6.1708333,1481,-4.284269,5.684943,828.269,365.039
6.1750000,1482,-4.320404,5.694857,827.154,364.733
6.1791667,1483,-4.323851,5.681720,827.048,365.138
6.1833333,1484,-4.338365,5.684750,826.600,365.045
6.1875000,1485,-4.357464,5.677143,826.010,365.280
6.1916667,1486,-4.326209,5.652395,826.975,366.043
6.1958333,1487,-4.348577,5.655869,826.285,365.936
6.2000000,1488,-4.375062,5.624355,825.467,366.909
6.2041667,1489,-4.392402,5.588923,824.932,368.002
6.2083333,1490,-4.411974,5.619046,824.328,367.073
6.2125000,1491,-4.393754,5.640848,824.890,366.400
6.2166667,1492,-4.410723,5.601342,824.367,367.619
6.2208333,1493,-4.414827,5.593849,824.240,367.850
6.2250000,1494,-4.410858,5.590164,824.362,367.964
6.2291667,1495,-4.424120,5.570593,823.953,368.568
6.2333333,1496,-4.452221,5.536066,823.086,369.634
6.2375000,1497,-4.477013,5.536501,822.321,369.620
6.2416667,1498,-4.485410,5.526363,822.061,369.933
6.2458333,1499,-4.483270,5.491237,822.127,371.017
6.2500000,1500,-4.509393,5.476648,821.321,371.468
6.2541667,1501,-4.522180,5.456471,820.927,372.090
6.2583333,1502,-4.508812,5.463547,821.339,371.872
6.2625000,1503,-4.526293,5.427697,820.800,372.978
6.2666667,1504,-4.559049,5.443027,819.789,372.505
6.2708333,1505,-4.565090,5.398790,819.602,373.871
6.2750000,1506,-4.570511,5.377012,819.435,374.543
6.2791667,1507,-4.599722,5.378608,818.533,374.494
6.2833333,1508,-4.601627,5.372652,818.474,374.677
6.2875000,1509,-4.625960,5.363595,817.723,374.957
6.2916667,1510,-4.624518,5.358342,817.768,375.119
6.2958333,1511,-4.663256,5.340733,816.572,375.663
6.3000000,1512,-4.663597,5.349247,816.562,375.400
6.3041667,1513,-4.643065,5.318949,817.196,376.335
6.3083333,1514,-4.656916,5.298412,816.768,376.969
6.3125000,1515,-4.700081,5.314280,815.436,376.479
6.3166667,1516,-4.676451,5.311574,816.165,376.563
6.3208333,1517,-4.694077,5.285967,815.621,377.353
6.3250000,1518,-4.699802,5.252461,815.444,378.387
6.3291667,1519,-4.716378,5.251997,814.933,378.401
6.3333333,1520,-4.698929,5.264000,815.471,378.031
6.3375000,1521,-4.745942,5.256001,814.020,378.278
6.3416667,1522,-4.739030,5.229324,814.234,379.101
6.3458333,1523,-4.747015,5.225851,813.987,379.208
6.3500000,1524,-4.787971,5.215161,812.723,379.538
6.3541667,1525,-4.784256,5.191254,812.838,380.276
6.3583333,1526,-4.785125,5.198369,812.811,380.056
6.3625000,1527,-4.828632,5.198224,811.468,380.061
6.3666667,1528,-4.835515,5.145351,811.256,381.693
6.3708333,1529,-4.842929,5.149463,811.027,381.566
6.3750000,1530,-4.846381,5.111043,810.920,382.752
6.3791667,1531,-4.870277,5.105155,810.183,382.933
6.3833333,1532,-4.909863,5.091123,808.961,383.367
6.3875000,1533,-4.918958,5.095553,808.680,383.230
6.3916667,1534,-4.939776,5.071081,808.038,383.985
6.3958333,1535,-4.919531,5.060039,808.663,384.326
6.4000000,1536,-4.963296,5.060595,807.312,384.309
6.4041667,1537,-4.971705,5.039812,807.052,384.950
6.4083333,1538,-4.973497,5.026206,806.997,385.370
6.4125000,1539,-4.983601,5.002421,806.685,386.104
6.4166667,1540,-4.994564,5.008375,806.347,385.921
6.4208333,1541,-4.992774,5.005474,806.402,386.010
6.4250000,1542,-5.010761,5.000876,805.847,386.152
6.4291667,1543,-5.035399,5.015300,805.086,385.707
6.4333333,1544,-5.034656,4.982899,805.109,386.707
6.4375000,1545,-5.034603,4.979020,805.111,386.827
6.4416667,1546,-5.050853,5.001654,804.609,386.128
6.4458333,1547,-5.057367,4.944569,804.408,387.890
6.4500000,1548,-5.064418,4.934494,804.191,388.201
6.4541667,1549,-5.090336,4.934346,803.391,388.205
6.4583333,1550,-5.087319,4.925064,803.484,388.492
6.4625000,1551,-5.122699,4.927130,802.392,388.428
6.4666667,1552,-5.112174,4.909706,802.717,388.966
6.4708333,1553,-5.115107,4.889904,802.626,389.577
6.4750000,1554,-5.158809,4.869623,801.277,390.203
6.4791667,1555,-5.157200,4.840795,801.327,391.093
6.4833333,1556,-5.180740,4.825821,800.601,391.555
6.4875000,1557,-5.181986,4.819017,800.562,391.765
6.4916667,1558,-5.175135,4.817715,800.774,391.805
6.4958333,1559,-5.207543,4.778510,799.773,393.015
6.5000000,1560,-5.227568,4.792142,799.155,392.594
6.5041667,1561,-5.234007,4.771686,798.957,393.226
6.5083333,1562,-5.253301,4.746021,798.361,394.018
6.5125000,1563,-5.255099,4.742996,798.306,394.111
6.5166667,1564,-5.271104,4.715696,797.812,394.954
6.5208333,1565,-5.303059,4.688131,796.825,395.805
6.5250000,1566,-5.309716,4.695569,796.620,395.575
6.5291667,1567,-5.321752,4.679983,796.248,396.056
6.5333333,1568,-5.307660,4.698167,796.683,395.495
6.5375000,1569,-5.337081,4.657808,795.775,396.740
6.5416667,1570,-5.319872,4.664623,796.306,396.530
6.5458333,1571,-5.337775,4.649753,795.754,396.989
6.5500000,1572,-5.367435,4.652646,794.838,396.900
6.5541667,1573,-5.347672,4.650329,795.448,396.971
6.5583333,1574,-5.345711,4.596742,795.509,398.625
6.5625000,1575,-5.362873,4.600226,794.979,398.518
6.5666667,1576,-5.389780,4.592852,794.149,398.745
6.5708333,1577,-5.382002,4.575753,794.389,399.273
6.5750000,1578,-5.366766,4.580929,794.859,399.113
6.5791667,1579,-5.366980,4.570218,794.852,399.444
6.5833333,1580,-5.419835,4.517401,793.221,401.074
6.5875000,1581,-5.423094,4.514853,793.121,401.153
6.5916667,1582,-5.433737,4.505817,792.792,401.432
6.5958333,1583,-5.431701,4.510420,792.855,401.289
6.6000000,1584,-5.434791,4.494371,792.760,401.785
6.6041667,1585,-5.465749,4.438569,791.804,403.507
6.6083333,1586,-5.477021,4.429907,791.456,403.774
6.6125000,1587,-5.500476,4.433004,790.732,403.679
6.6166667,1588,-5.518648,4.404826,790.171,404.549
6.6208333,1589,-5.509411,4.398598,790.456,404.741
6.6250000,1590,-5.548127,4.359568,789.262,405.945
6.6291667,1591,-5.550942,4.352399,789.175,406.167
6.6333333,1592,-5.553239,4.327296,789.104,406.941
6.6375000,1593,-5.554954,4.317939,789.051,407.230
6.6416667,1594,-5.589734,4.320979,787.977,407.136
6.6458333,1595,-5.573606,4.287586,788.475,408.167
6.6500000,1596,-5.583115,4.287472,788.182,408.171
6.6541667,1597,-5.589025,4.266095,787.999,408.830
6.6583333,1598,-5.601233,4.256083,787.622,409.139
6.6625000,1599,-5.596929,4.264801,787.755,408.870
6.6666667,1600,-5.594968,4.244958,787.816,409.483
6.6708333,1601,-5.624472,4.239225,786.905,409.660
6.6750000,1602,-5.634642,4.224246,786.591,410.122
6.6791667,1603,-5.633950,4.197602,786.613,410.944
6.6833333,1604,-5.650774,4.191818,786.093,411.123
6.6875000,1605,-5.649483,4.182569,786.133,411.408
6.6916667,1606,-5.641725,4.165461,786.373,411.936
6.6958333,1607,-5.651151,4.168382,786.082,411.846
6.7000000,1608,-5.673852,4.168194,785.381,411.852
6.7041667,1609,-5.696660,4.137402,784.677,412.802
6.7083333,1610,-5.682597,4.110118,785.111,413.644
6.7125000,1611,-5.697514,4.106888,784.651,413.744
6.7166667,1612,-5.707352,4.078831,784.347,414.610
6.7208333,1613,-5.715529,4.058257,784.095,415.245
6.7250000,1614,-5.718566,4.066864,784.001,414.980
6.7291667,1615,-5.738658,4.052082,783.381,415.436
6.7333333,1616,-5.774304,4.044428,782.281,415.672
6.7375000,1617,-5.811408,4.026914,781.136,416.213
6.7416667,1618,-5.785082,4.004815,781.948,416.895
6.7458333,1619,-5.792081,3.962939,781.732,418.187
6.7500000,1620,-5.812499,3.971921,781.102,417.910
6.7541667,1621,-5.818795,3.927390,780.908,419.284
6.7583333,1622,-5.817827,3.921537,780.937,419.465
6.7625000,1623,-5.836029,3.896958,780.376,420.224
6.7666667,1624,-5.842731,3.909140,780.169,419.848
6.7708333,1625,-5.837771,3.858651,780.322,421.406
6.7750000,1626,-5.850274,3.880933,779.936,420.718
6.7791667,1627,-5.864189,3.873098,779.507,420.960
6.7833333,1628,-5.856891,3.849843,779.732,421.678
6.7875000,1629,-5.870002,3.857482,779.327,421.442
6.7916667,1630,-5.874077,3.838727,779.201,422.021
6.7958333,1631,-5.887975,3.815239,778.772,422.746
6.8000000,1632,-5.891403,3.821861,778.667,422.541
6.8041667,1633,-5.922682,3.813796,777.701,422.790
6.8083333,1634,-5.911518,3.802296,778.046,423.145
6.8125000,1635,-5.897123,3.783078,778.490,423.738
6.8166667,1636,-5.896399,3.764079,778.512,424.325
6.8208333,1637,-5.911861,3.743549,778.035,424.958
6.8250000,1638,-5.948194,3.732304,776.914,425.305
6.8291667,1639,-5.972559,3.722474,776.162,425.609
6.8333333,1640,-5.954586,3.696312,776.716,426.416
6.8375000,1641,-5.959056,3.668571,776.579,427.273
6.8416667,1642,-5.957015,3.660210,776.642,427.531
6.8458333,1643,-5.971927,3.630610,776.181,428.444
6.8500000,1644,-5.993675,3.630447,775.510,428.449
6.8541667,1645,-5.987371,3.575065,775.705,430.158
6.8583333,1646,-6.009284,3.571945,775.028,430.255
6.8625000,1647,-6.017855,3.549102,774.764,430.960
6.8666667,1648,-6.045350,3.536781,773.915,431.340
6.8708333,1649,-6.030911,3.535627,774.361,431.376
6.8750000,1650,-6.027498,3.526807,774.466,431.648
6.8791667,1651,-6.060940,3.494215,773.434,432.654
6.8833333,1652,-6.053615,3.470686,773.660,433.380
6.8875000,1653,-6.082275,3.492742,772.775,432.699
6.8916667,1654,-6.057063,3.433619,773.554,434.524
6.8958333,1655,-6.073611,3.448466,773.043,434.066
6.9000000,1656,-6.087082,3.434280,772.627,434.504
6.9041667,1657,-6.076537,3.429290,772.953,434.658
6.9083333,1658,-6.089162,3.442542,772.563,434.249
6.9125000,1659,-6.108408,3.422818,771.969,434.857
6.9166667,1660,-6.099687,3.390288,772.238,435.861
6.9208333,1661,-6.122643,3.380025,771.530,436.178
6.9250000,1662,-6.107683,3.373975,771.991,436.365
6.9291667,1663,-6.123728,3.370379,771.496,436.476
6.9333333,1664,-6.153973,3.352941,770.563,437.014
6.9375000,1665,-6.167568,3.347905,770.143,437.170
6.9416667,1666,-6.178550,3.314015,769.804,438.216
6.9458333,1667,-6.187937,3.318122,769.514,438.089
6.9500000,1668,-6.198079,3.278831,769.201,439.302
6.9541667,1669,-6.183508,3.292492,769.651,438.880
6.9583333,1670,-6.213599,3.260377,768.722,439.871
6.9625000,1671,-6.248064,3.245588,767.659,440.328
6.9666667,1672,-6.234087,3.224385,768.090,440.982
6.9708333,1673,-6.245736,3.220028,767.730,441.116
6.9750000,1674,-6.244280,3.173662,767.775,442.547
6.9791667,1675,-6.271142,3.173212,766.946,442.561
6.9833333,1676,-6.293678,3.162486,766.251,442.892
6.9875000,1677,-6.288255,3.153291,766.418,443.176
6.9916667,1678,-6.295871,3.139812,766.183,443.592
6.9958333,1679,-6.328215,3.110020,765.185,444.512
7.0000000,1680,-6.323934,3.098028,765.317,444.882
7.0041667,1681,-6.340313,3.068718,764.811,445.786
7.0083333,1682,-6.336196,3.067754,764.938,445.816
7.0125000,1683,-6.347511,3.067392,764.589,445.827
7.0166667,1684,-6.345001,3.076436,764.667,445.548
7.0208333,1685,-6.371197,3.042548,763.858,446.594
7.0250000,1686,-6.382463,3.045497,763.510,446.503
7.0291667,1687,-6.389591,3.002915,763.290,447.817
7.0333333,1688,-6.381046,3.017464,763.554,447.368
7.0375000,1689,-6.359645,3.009056,764.215,447.628
7.0416667,1690,-6.385772,3.020397,763.408,447.278
7.0458333,1691,-6.399070,3.000761,762.998,447.884
7.0500000,1692,-6.423508,2.987888,762.244,448.281
7.0541667,1693,-6.431784,2.953449,761.988,449.344
7.0583333,1694,-6.444366,2.965568,761.600,448.970
7.0625000,1695,-6.436364,2.932275,761.847,449.998
7.0666667,1696,-6.440128,2.901980,761.731,450.933
7.0708333,1697,-6.457514,2.918814,761.194,450.413
7.0750000,1698,-6.483952,2.886550,760.378,451.409
7.0791667,1699,-6.512761,2.869650,759.489,451.931
7.0833333,1700,-6.529016,2.832989,758.987,453.062
7.0875000,1701,-6.530293,2.847654,758.948,452.609
7.0916667,1702,-6.541090,2.812959,758.614,453.680
7.0958333,1703,-6.553529,2.798771,758.231,454.118
7.1000000,1704,-6.576170,2.788994,757.532,454.420
7.1041667,1705,-6.579656,2.783568,757.424,454.587
7.1083333,1706,-6.624351,2.757096,756.045,455.404
7.1125000,1707,-6.594451,2.738466,756.968,455.979
7.1166667,1708,-6.587497,2.733386,757.182,456.136
7.1208333,1709,-6.615412,2.725181,756.321,456.389
7.1250000,1710,-6.611793,2.695048,756.432,457.320
7.1291667,1711,-6.626674,2.705905,755.973,456.984
7.1333333,1712,-6.655835,2.702577,755.073,457.087
7.1375000,1713,-6.683261,2.699051,754.227,457.196
7.1416667,1714,-6.659280,2.676509,754.967,457.892
7.1458333,1715,-6.665806,2.659705,754.765,458.410
7.1500000,1716,-6.686997,2.655696,754.111,458.534
7.1541667,1717,-6.696226,2.663463,753.826,458.294
7.1583333,1718,-6.684212,2.648537,754.197,458.755
7.1625000,1719,-6.700847,2.639757,753.684,459.026
7.1666667,1720,-6.736209,2.625730,752.592,459.459
7.1708333,1721,-6.759469,2.594682,751.874,460.417
7.1750000,1722,-6.725996,2.586678,752.908,460.664
7.1791667,1723,-6.755528,2.579059,751.996,460.899
7.1833333,1724,-6.756330,2.580867,751.971,460.844
7.1875000,1725,-6.780761,2.545036,751.217,461.950
7.1916667,1726,-6.807195,2.519236,750.401,462.746
7.1958333,1727,-6.810024,2.533770,750.314,462.297
7.2000000,1728,-6.827703,2.505696,749.768,463.164
7.2041667,1729,-6.848656,2.473564,749.122,464.155
7.2083333,1730,-6.860380,2.472620,748.760,464.185
7.2125000,1731,-6.874877,2.437903,748.312,465.256
7.2166667,1732,-6.861439,2.419880,748.727,465.812
7.2208333,1733,-6.882261,2.408274,748.085,466.171
7.2250000,1734,-6.890629,2.402784,747.826,466.340
7.2291667,1735,-6.914100,2.412468,747.102,466.041
7.2333333,1736,-6.910178,2.367454,747.223,467.430
7.2375000,1737,-6.914880,2.351530,747.078,467.922
7.2416667,1738,-6.909736,2.347691,747.237,468.040
7.2458333,1739,-6.929592,2.355263,746.624,467.807
7.2500000,1740,-6.932764,2.349104,746.526,467.997
7.2541667,1741,-6.950418,2.355552,745.981,467.798
7.2583333,1742,-6.945303,2.323120,746.139,468.799
7.2625000,1743,-6.975039,2.310628,745.221,469.184
7.2666667,1744,-6.988388,2.289578,744.809,469.834
7.2708333,1745,-6.988132,2.282536,744.817,470.051
7.2750000,1746,-6.982672,2.274727,744.985,470.292
7.2791667,1747,-6.977262,2.241131,745.152,471.329
7.2833333,1748,-6.988964,2.251098,744.791,471.022
7.2875000,1749,-7.022284,2.246562,743.763,471.162
7.2916667,1750,-7.015065,2.197765,743.986,472.668
7.2958333,1751,-7.035719,2.195074,743.348,472.751
7.3000000,1752,-7.053705,2.208435,742.793,472.338
7.3041667,1753,-7.057448,2.152386,742.678,474.068
7.3083333,1754,-7.080578,2.137838,741.964,474.517
7.3125000,1755,-7.073400,2.149917,742.185,474.145
7.3166667,1756,-7.092950,2.125628,741.582,474.894
7.3208333,1757,-7.113680,2.097600,740.942,475.759
7.3250000,1758,-7.121308,2.106084,740.707,475.497
7.3291667,1759,-7.130974,2.061303,740.408,476.880
7.3333333,1760,-7.146246,2.036138,739.937,477.656
7.3375000,1761,-7.157578,2.022981,739.587,478.062
7.3416667,1762,-7.170671,2.013047,739.183,478.369
7.3458333,1763,-7.163168,2.013008,739.415,478.370
7.3500000,1764,-7.193322,1.996727,738.484,478.873
7.3541667,1765,-7.205822,1.972673,738.098,479.615
7.3583333,1766,-7.193528,1.954835,738.478,480.166
7.3625000,1767,-7.184673,1.965153,738.751,479.847
7.3666667,1768,-7.189375,1.977843,738.606,479.455
7.3708333,1769,-7.196847,1.920493,738.375,481.226
7.3750000,1770,-7.238209,1.942421,737.098,480.549
7.3791667,1771,-7.235546,1.913734,737.181,481.434
7.3833333,1772,-7.234998,1.910597,737.198,481.531
7.3875000,1773,-7.241842,1.919524,736.986,481.255
7.3916667,1774,-7.264033,1.896499,736.301,481.966
7.3958333,1775,-7.270737,1.862846,736.095,483.005
7.4000000,1776,-7.258512,1.870774,736.472,482.760
7.4041667,1777,-7.275522,1.866505,735.947,482.892
7.4083333,1778,-7.295890,1.833828,735.318,483.900
7.4125000,1779,-7.295098,1.811535,735.343,484.588
7.4166667,1780,-7.297014,1.808835,735.284,484.672
7.4208333,1781,-7.331337,1.797790,734.224,485.013
7.4250000,1782,-7.316812,1.785103,734.672,485.404
7.4291667,1783,-7.362589,1.775463,733.260,485.702
7.4333333,1784,-7.373593,1.724660,732.920,487.270
7.4375000,1785,-7.370698,1.735207,733.009,486.944
7.4416667,1786,-7.376916,1.710343,732.817,487.712
7.4458333,1787,-7.426400,1.677995,731.290,488.710
7.4500000,1788,-7.422618,1.686815,731.407,488.438
7.4541667,1789,-7.417503,1.647818,731.565,489.641
7.4583333,1790,-7.429221,1.645833,731.203,489.703
7.4625000,1791,-7.451925,1.630672,730.502,490.171
7.4666667,1792,-7.473208,1.624129,729.845,490.373
7.4708333,1793,-7.472589,1.616824,729.865,490.598
7.4750000,1794,-7.491964,1.603975,729.267,490.995
7.4791667,1795,-7.478303,1.621747,729.688,490.446
7.4833333,1796,-7.492272,1.596632,729.257,491.221
7.4875000,1797,-7.522833,1.587380,728.314,491.507
7.4916667,1798,-7.512319,1.586851,728.638,491.523
7.4958333,1799,-7.534741,1.568913,727.946,492.077
7.5000000,1800,,,,
7.5041667,1801,,,,
7.5083333,1802,,,,
7.5125000,1803,,,,
7.5166667,1804,-7.578468,1.522073,726.597,493.522
7.5208333,1805,-7.568860,1.525376,726.893,493.420
7.5250000,1806,-7.589117,1.497790,726.268,494.272
7.5291667,1807,-7.618298,1.489501,725.367,494.528
7.5333333,1808,-7.609626,1.452330,725.635,495.675
7.5375000,1809,-7.651653,1.458899,724.338,495.472
7.5416667,1810,-7.677830,1.459077,723.530,495.467
7.5458333,1811,-7.656169,1.421227,724.198,496.635
7.5500000,1812,-7.699266,1.431622,722.868,496.314
7.5541667,1813,-7.715210,1.400658,722.376,497.270
7.5583333,1814,-7.743722,1.386241,721.496,497.715
7.5625000,1815,-7.749042,1.386819,721.332,497.697
7.5666667,1816,-7.753505,1.354609,721.194,498.691
7.5708333,1817,-7.749886,1.356851,721.306,498.622
7.5750000,1818,-7.773325,1.345739,720.583,498.965
7.5791667,1819,-7.785462,1.329851,720.208,499.455
7.5833333,1820,-7.797928,1.329367,719.823,499.470
7.5875000,1821,-7.831989,1.311664,718.772,500.017
7.5916667,1822,-7.828602,1.300563,718.876,500.359
7.5958333,1823,-7.848254,1.272973,718.270,501.211
7.6000000,1824,-7.859965,1.282873,717.908,500.905
7.6041667,1825,-7.868148,1.275870,717.656,501.121
7.6083333,1826,-7.863530,1.270874,717.798,501.276
7.6125000,1827,-7.866624,1.249831,717.703,501.925
7.6166667,1828,-7.883903,1.253604,717.170,501.809
7.6208333,1829,-7.884901,1.224647,717.139,502.702
7.6250000,1830,-7.884307,1.221501,717.157,502.799
7.6291667,1831,-7.898301,1.225680,716.725,502.670
7.6333333,1832,-7.938576,1.209848,715.482,503.159
7.6375000,1833,-7.917376,1.196473,716.137,503.572
7.6416667,1834,-7.942850,1.167971,715.350,504.452
7.6458333,1835,-7.963028,1.166856,714.728,504.486
7.6500000,1836,-7.970668,1.121065,714.492,505.899
7.6541667,1837,-7.993096,1.133945,713.800,505.502
7.6583333,1838,-8.034137,1.103824,712.533,506.431
7.6625000,1839,-8.023248,1.113612,712.869,506.129
7.6666667,1840,-8.028500,1.096877,712.707,506.646
7.6708333,1841,-8.051774,1.079210,711.988,507.191
7.6750000,1842,-8.064533,1.062329,711.595,507.712
7.6791667,1843,-8.079576,1.055209,711.130,507.932
7.6833333,1844,-8.086251,1.023658,710.924,508.906
7.6875000,1845,-8.115329,1.018974,710.027,509.050
7.6916667,1846,-8.118667,1.019798,709.924,509.025
7.6958333,1847,-8.129756,0.981959,709.582,510.193
7.7000000,1848,-8.132323,0.984211,709.502,510.123
7.7041667,1849,-8.156285,0.974747,708.763,510.415
7.7083333,1850,-8.153266,0.946520,708.856,511.286
7.7125000,1851,-8.168835,0.963282,708.375,510.769
7.7166667,1852,-8.154024,0.951604,708.833,511.130
7.7208333,1853,-8.175220,0.935347,708.178,511.631
7.7250000,1854,-8.189899,0.945349,707.725,511.323
7.7291667,1855,-8.216522,0.904069,706.904,512.597
7.7333333,1856,-8.188986,0.912613,707.754,512.333
7.7375000,1857,-8.226925,0.910470,706.583,512.399
7.7416667,1858,-8.230543,0.910938,706.471,512.385
7.7458333,1859,-8.243674,0.869281,706.066,513.670
7.7500000,1860,-8.254689,0.874346,705.726,513.514
7.7541667,1861,-8.265724,0.863132,705.385,513.860
7.7583333,1862,-8.292571,0.840619,704.556,514.555
7.7625000,1863,-8.304503,0.838058,704.188,514.634
7.7666667,1864,-8.316920,0.821923,703.805,515.132
7.7708333,1865,-8.334678,0.809161,703.257,515.526
7.7750000,1866,-8.343574,0.787756,702.982,516.187
7.7791667,1867,-8.363325,0.787339,702.373,516.199
7.7833333,1868,-8.367998,0.773395,702.228,516.630
7.7875000,1869,-8.370529,0.746458,702.150,517.461
7.7916667,1870,-8.386054,0.754524,701.671,517.212
7.7958333,1871,-8.410707,0.733244,700.910,517.869
7.8000000,1872,-8.442268,0.730430,699.936,517.956
7.8041667,1873,-8.451276,0.715938,699.658,518.403
7.8083333,1874,-8.459203,0.709126,699.413,518.613
7.8125000,1875,-8.481044,0.694829,698.739,519.055
7.8166667,1876,-8.473479,0.654670,698.973,520.294
7.8208333,1877,-8.489548,0.664260,698.477,519.998
7.8250000,1878,-8.510269,0.663832,697.837,520.011
7.8291667,1879,-8.535539,0.637941,697.057,520.810
7.8333333,1880,-8.552860,0.663488,696.523,520.022
7.8375000,1881,-8.547174,0.636833,696.698,520.845
7.8416667,1882,-8.545659,0.637021,696.745,520.839
7.8458333,1883,-8.576776,0.623159,695.785,521.267
7.8500000,1884,-8.579156,0.614846,695.711,521.523
7.8541667,1885,-8.595073,0.604527,695.220,521.842
7.8583333,1886,-8.577394,0.597121,695.766,522.070
7.8625000,1887,-8.600292,0.589866,695.059,522.294
7.8666667,1888,-8.628345,0.593975,694.193,522.167
7.8708333,1889,-8.624010,0.574839,694.327,522.758
7.8750000,1890,-8.639559,0.576924,693.847,522.694
7.8791667,1891,-8.645741,0.540792,693.656,523.809
7.8833333,1892,-8.684584,0.532036,692.457,524.079
7.8875000,1893,-8.668858,0.521594,692.943,524.401
7.8916667,1894,-8.708558,0.505298,691.717,524.904
7.8958333,1895,-8.698137,0.483485,692.039,525.578
7.9000000,1896,-8.746230,0.490212,690.555,525.370
7.9041667,1897,-8.751617,0.488289,690.388,525.429
7.9083333,1898,-8.781206,0.474652,689.475,525.850
7.9125000,1899,-8.805165,0.463887,688.736,526.183
7.9166667,1900,-8.793712,0.441114,689.089,526.885
7.9208333,1901,-8.815560,0.432974,688.415,527.137
7.9250000,1902,-8.818694,0.420509,688.318,527.521
7.9291667,1903,-8.855252,0.419248,687.190,527.560
7.9333333,1904,-8.881384,0.400522,686.383,528.138
7.9375000,1905,-8.879403,0.395484,686.444,528.294
7.9416667,1906,-8.882386,0.385578,686.352,528.599
7.9458333,1907,-8.894137,0.372702,685.990,528.997
7.9500000,1908,-8.928110,0.369013,684.941,529.111
7.9541667,1909,-8.921350,0.383389,685.150,528.667
7.9583333,1910,-8.931477,0.345558,684.837,529.835
7.9625000,1911,-8.940121,0.347793,684.570,529.766
7.9666667,1912,-8.943210,0.346852,684.475,529.795
7.9708333,1913,-8.975683,0.335066,683.473,530.158
7.9750000,1914,-8.991435,0.321885,682.987,530.565
7.9791667,1915,-8.988439,0.297255,683.079,531.325
7.9833333,1916,-8.993558,0.312571,682.921,530.853
7.9875000,1917,-9.038550,0.300851,681.532,531.214
7.9916667,1918,-9.030674,0.274384,681.775,532.031
7.9958333,1919,-9.023484,0.291382,681.997,531.507
8.0000000,1920,-9.049034,0.258129,681.209,532.533
8.0041667,1921,-9.060933,0.251248,680.842,532.745
8.0083333,1922,-9.077525,0.223174,680.329,533.612
8.0125000,1923,-9.099926,0.236319,679.638,533.206
8.0166667,1924,-9.117104,0.234139,679.108,533.273
8.0208333,1925,-9.131752,0.209227,678.656,534.042
8.0250000,1926,-9.167464,0.197809,677.554,534.395
8.0291667,1927,-9.159932,0.193022,677.786,534.543
8.0333333,1928,-9.206673,0.161383,676.343,535.519
8.0375000,1929,-9.204880,0.169491,676.399,535.269
8.0416667,1930,-9.216842,0.179016,676.030,534.975
8.0458333,1931,-9.228092,0.161961,675.682,535.501
8.0500000,1932,-9.270989,0.131782,674.358,536.433
8.0541667,1933,-9.244148,0.127051,675.187,536.579
8.0583333,1934,-9.277596,0.131225,674.154,536.450
8.0625000,1935,-9.290857,0.114412,673.745,536.969
8.0666667,1936,-9.299587,0.089660,673.476,537.733
8.0708333,1937,-9.310237,0.107964,673.147,537.168
8.0750000,1938,-9.322035,0.096586,672.783,537.519
8.0791667,1939,-9.323916,0.088317,672.725,537.774
8.0833333,1940,-9.349408,0.083238,671.938,537.931
8.0875000,1941,-9.348444,0.077896,671.968,538.096
8.0916667,1942,-9.365990,0.083776,671.426,537.914
8.0958333,1943,-9.370109,0.073414,671.299,538.234
8.1000000,1944,-9.386360,0.043766,670.798,539.149
8.1041667,1945,-9.415125,0.045395,669.910,539.099
8.1083333,1946,-9.407035,0.039052,670.159,539.295
8.1125000,1947,-9.438967,0.023297,669.174,539.781
8.1166667,1948,-9.451419,-0.001200,668.790,540.537
8.1208333,1949,-9.469978,-0.006979,668.217,540.715
8.1250000,1950,-9.476045,0.000430,668.029,540.487
8.1291667,1951,-9.492768,-0.026827,667.513,541.328
8.1333333,1952,-9.529594,-0.019254,666.377,541.094
8.1375000,1953,-9.541554,-0.038411,666.008,541.686
8.1416667,1954,-9.557470,-0.036316,665.516,541.621
8.1458333,1955,-9.556057,-0.066636,665.560,542.557
8.1500000,1956,-9.578743,-0.073633,664.860,542.773
8.1541667,1957,-9.628455,-0.067441,663.325,542.582
8.1583333,1958,-9.620215,-0.098489,663.580,543.540
8.1625000,1959,-9.605760,-0.098666,664.026,543.545
8.1666667,1960,-9.650609,-0.110625,662.642,543.914
8.1708333,1961,-9.674114,-0.098787,661.916,543.549
8.1750000,1962,-9.673895,-0.130780,661.923,544.536
8.1791667,1963,-9.674211,-0.124187,661.913,544.333
8.1833333,1964,-9.704030,-0.145218,660.993,544.982
8.1875000,1965,-9.713240,-0.146664,660.709,545.027
8.1916667,1966,-9.709246,-0.119102,660.832,544.176
8.1958333,1967,-9.752643,-0.160167,659.492,545.443
8.2000000,1968,-9.737950,-0.142608,659.946,544.901
8.2041667,1969,-9.754145,-0.126373,659.446,544.400
8.2083333,1970,-9.763153,-0.149491,659.168,545.114
8.2125000,1971,-9.800451,-0.163555,658.017,545.548
8.2166667,1972,-9.790210,-0.153950,658.333,545.252
8.2208333,1973,-9.825878,-0.195810,657.232,546.544
8.2250000,1974,-9.840223,-0.188248,656.789,546.310
8.2291667,1975,-9.855951,-0.195647,656.304,546.538
8.2333333,1976,-9.875994,-0.199513,655.685,546.658
8.2375000,1977,-9.897304,-0.180228,655.028,546.063
8.2416667,1978,-9.879057,-0.221605,655.591,547.340
8.2458333,1979,-9.918575,-0.220625,654.371,547.309
8.2500000,1980,-9.932899,-0.229683,653.929,547.589
8.2541667,1981,-9.958244,-0.234811,653.147,547.747
8.2583333,1982,-9.971530,-0.243685,652.737,548.021
8.2625000,1983,-9.992792,-0.292386,652.081,549.524
8.2666667,1984,-10.001914,-0.251257,651.799,548.255
8.2708333,1985,-9.997628,-0.309622,651.931,550.056
8.2750000,1986,-10.034811,-0.311744,650.784,550.122
8.2791667,1987,-10.073508,-0.320187,649.589,550.382
8.2833333,1988,-10.058982,-0.338414,650.038,550.945
8.2875000,1989,-10.059903,-0.334191,650.009,550.815
8.2916667,1990,-10.110964,-0.332573,648.433,550.765
8.2958333,1991,-10.092440,-0.351828,649.005,551.359
8.3000000,1992,-10.135411,-0.363808,647.679,551.729
8.3041667,1993,-10.131603,-0.347613,647.796,551.229
8.3083333,1994,-10.147444,-0.396643,647.307,552.742
8.3125000,1995,-10.154880,-0.373426,647.078,552.025
8.3166667,1996,-10.169402,-0.377589,646.630,552.154
8.3208333,1997,-10.161370,-0.399273,646.877,552.823
8.3250000,1998,-10.174556,-0.391014,646.471,552.568
8.3291667,1999,-10.197850,-0.416406,645.752,553.352
8.3333333,2000,-10.193109,-0.396272,645.898,552.731
8.3375000,2001,-10.199958,-0.422456,645.686,553.539
8.3416667,2002,-10.215350,-0.420556,645.211,553.480
8.3458333,2003,-10.243073,-0.435899,644.356,553.954
8.3500000,2004,-10.250314,-0.450943,644.132,554.418
8.3541667,2005,-10.282999,-0.476304,643.123,555.201
8.3583333,2006,-10.283021,-0.462069,643.123,554.761
8.3625000,2007,-10.296138,-0.500150,642.718,555.937
8.3666667,2008,-10.308810,-0.502693,642.327,556.015
8.3708333,2009,-10.318785,-0.514806,642.019,556.389
8.3750000,2010,-10.349102,-0.539052,641.083,557.137
8.3791667,2011,-10.359495,-0.558405,640.762,557.735
8.3833333,2012,-10.387694,-0.565333,639.892,557.949
8.3875000,2013,-10.383559,-0.571224,640.020,558.130
8.3916667,2014,-10.419509,-0.579352,638.910,558.381
8.3958333,2015,-10.407360,-0.599675,639.285,559.008
8.4000000,2016,-10.434137,-0.618327,638.459,559.584
8.4041667,2017,-10.459385,-0.619662,637.679,559.625
8.4083333,2018,-10.468227,-0.611381,637.407,559.370
8.4125000,2019,-10.481616,-0.642313,636.993,560.324
8.4166667,2020,-10.465680,-0.641760,637.485,560.307
8.4208333,2021,-10.485468,-0.644410,636.874,560.389
8.4250000,2022,-10.474048,-0.666313,637.227,561.065
8.4291667,2023,-10.498441,-0.660658,636.474,560.891
8.4333333,2024,-10.528030,-0.677570,635.561,561.413
8.4375000,2025,-10.515505,-0.690859,635.947,561.823
8.4416667,2026,-10.538012,-0.713540,635.253,562.523
8.4458333,2027,-10.554082,-0.717457,634.757,562.644
8.4500000,2028,-10.548659,-0.697317,634.924,562.022
8.4541667,2029,-10.545466,-0.709715,635.023,562.405
8.4583333,2030,-10.562002,-0.743524,634.512,563.448
8.4625000,2031,-10.591772,-0.727053,633.593,562.940
8.4666667,2032,-10.586989,-0.753407,633.741,563.753
8.4708333,2033,-10.613388,-0.778524,632.926,564.529
8.4750000,2034,-10.630755,-0.786493,632.390,564.774
8.4791667,2035,-10.627551,-0.780775,632.489,564.598
8.4833333,2036,-10.648534,-0.799396,631.842,565.173
8.4875000,2037,-10.673700,-0.825917,631.065,565.991
8.4916667,2038,-10.674673,-0.811498,631.035,565.546
8.4958333,2039,-10.705253,-0.871420,630.091,567.396
8.5000000,2040,-10.706046,-0.871110,630.066,567.386
8.5041667,2041,-10.731252,-0.879824,629.289,567.655
8.5083333,2042,-10.759600,-0.885641,628.414,567.835
8.5125000,2043,-10.776256,-0.911358,627.899,568.628
8.5166667,2044,-10.780621,-0.901598,627.765,568.327
8.5208333,2045,-10.813907,-0.914664,626.737,568.730
8.5250000,2046,-10.800712,-0.954066,627.145,569.946
8.5291667,2047,-10.836373,-0.957376,626.044,570.049
8.5333333,2048,-10.835671,-0.941044,626.066,569.545
8.5375000,2049,-10.836864,-0.957264,626.029,570.045
8.5416667,2050,-10.851341,-0.965872,625.582,570.311
8.5458333,2051,-10.860794,-0.959009,625.290,570.099
8.5500000,2052,-10.908611,-0.974923,623.814,570.590
8.5541667,2053,-10.890997,-0.991518,624.358,571.102
8.5583333,2054,-10.876169,-1.002256,624.816,571.434
8.5625000,2055,-10.891831,-1.005629,624.332,571.538
8.5666667,2056,-10.916102,-1.021850,623.583,572.039
8.5708333,2057,-10.905908,-1.027479,623.898,572.212
8.5750000,2058,-10.916561,-1.039660,623.569,572.588
8.5791667,2059,-10.926193,-1.036832,623.272,572.501
8.5833333,2060,-10.972069,-1.063762,621.856,573.332
8.5875000,2061,-10.968612,-1.043936,621.963,572.720
8.5916667,2062,-10.978951,-1.083913,621.643,573.954
8.5958333,2063,-11.001877,-1.083075,620.936,573.928
8.6000000,2064,-11.012511,-1.088530,620.608,574.097
8.6041667,2065,-11.013763,-1.112667,620.569,574.842
8.6083333,2066,-11.047725,-1.164791,619.521,576.450
8.6125000,2067,-11.052705,-1.166985,619.367,576.518
8.6166667,2068,-11.087016,-1.180851,618.308,576.946
8.6208333,2069,-11.081155,-1.190351,618.489,577.239
8.6250000,2070,-11.108458,-1.189063,617.646,577.199
8.6291667,2071,-11.091166,-1.222395,618.180,578.228
8.6333333,2072,-11.133512,-1.230443,616.873,578.477
8.6375000,2073,-11.143784,-1.236147,616.556,578.653
8.6416667,2074,-11.138519,-1.269563,616.719,579.684
8.6458333,2075,-11.139564,-1.279046,616.686,579.977
8.6500000,2076,-11.163132,-1.278182,615.959,579.950
8.6541667,2077,-11.151929,-1.298110,616.305,580.565
8.6583333,2078,-11.169493,-1.323647,615.763,581.353
8.6625000,2079,-11.222492,-1.331601,614.127,581.599
8.6666667,2080,-11.176639,-1.328960,615.542,581.517
8.6708333,2081,-11.216381,-1.328002,614.315,581.488
8.6750000,2082,-11.202975,-1.342281,614.729,581.928
8.6791667,2083,-11.217547,-1.346525,614.279,582.059
8.6833333,2084,-11.210829,-1.339591,614.487,581.845
8.6875000,2085,-11.224482,-1.383371,614.065,583.197
8.6916667,2086,-11.237554,-1.384417,613.662,583.229
8.6958333,2087,-11.242161,-1.389258,613.520,583.378
8.7000000,2088,-11.244620,-1.442307,613.444,585.016
8.7041667,2089,-11.258931,-1.403701,613.002,583.824
8.7083333,2090,-11.282747,-1.439971,612.267,584.944
8.7125000,2091,-11.265392,-1.457944,612.803,585.498
8.7166667,2092,-11.314013,-1.482123,611.302,586.245
8.7208333,2093,-11.311314,-1.499502,611.385,586.781
8.7250000,2094,-11.352091,-1.505476,610.127,586.965
8.7291667,2095,-11.342453,-1.534066,610.424,587.848
8.7333333,2096,-11.340487,-1.564270,610.485,588.780
8.7375000,2097,-11.348024,-1.585364,610.252,589.431
8.7416667,2098,-11.375724,-1.608620,609.397,590.149
8.7458333,2099,-11.394228,-1.595120,608.826,589.732
8.7500000,2100,-11.354347,-1.614239,610.057,590.322
8.7541667,2101,-11.393615,-1.622095,608.845,590.565
8.7583333,2102,-11.410431,-1.625900,608.326,590.682
8.7625000,2103,-11.423929,-1.648343,607.910,591.375
8.7666667,2104,-11.415293,-1.658307,608.176,591.682
8.7708333,2105,-11.416787,-1.688251,608.130,592.607
8.7750000,2106,-11.431954,-1.680090,607.662,592.355
8.7791667,2107,-11.436730,-1.682123,607.515,592.417
8.7833333,2108,-11.470019,-1.708983,606.487,593.246
8.7875000,2109,-11.450881,-1.709906,607.078,593.275
8.7916667,2110,-11.456523,-1.723814,606.904,593.704
8.7958333,2111,-11.483298,-1.729938,606.077,593.893
8.8000000,2112,-11.480140,-1.731266,606.175,593.934
8.8041667,2113,-11.503959,-1.760767,605.440,594.845
8.8083333,2114,-11.523629,-1.784642,604.832,595.582
8.8125000,2115,-11.512564,-1.763266,605.174,594.922
8.8166667,2116,-11.541812,-1.810599,604.271,596.383
8.8208333,2117,-11.512167,-1.792363,605.186,595.820
8.8250000,2118,-11.523964,-1.830417,604.822,596.994
8.8291667,2119,-11.532190,-1.862286,604.568,597.978
8.8333333,2120,-11.558641,-1.851291,603.752,597.639
8.8375000,2121,-11.576419,-1.888833,603.203,598.797
8.8416667,2122,-11.572290,-1.915744,603.331,599.628
8.8458333,2123,-11.570696,-1.918721,603.380,599.720
8.8500000,2124,-11.584360,-1.942903,602.958,600.466
8.8541667,2125,-11.598112,-1.970443,602.534,601.316
8.8583333,2126,-11.624918,-1.969645,601.706,601.292
8.8625000,2127,-11.630638,-2.003227,601.530,602.328
8.8666667,2128,-11.644395,-2.017046,601.105,602.755
8.8708333,2129,-11.649842,-2.054556,600.937,603.912
8.8750000,2130,-11.655735,-2.049603,600.755,603.759
8.8791667,2131,-11.652409,-2.061627,600.858,604.130
8.8833333,2132,-11.674606,-2.063532,600.173,604.189
8.8875000,2133,-11.674436,-2.066242,600.178,604.273
8.8916667,2134,-11.674781,-2.083741,600.167,604.813
8.8958333,2135,-11.688339,-2.108470,599.749,605.576
8.9000000,2136,-11.711896,-2.104498,599.022,605.454
8.9041667,2137,-11.712209,-2.092823,599.012,605.093
8.9083333,2138,-11.699473,-2.121529,599.405,605.979
8.9125000,2139,-11.717011,-2.146270,598.864,606.743
8.9166667,2140,-11.716381,-2.133397,598.883,606.346
8.9208333,2141,-11.711814,-2.163182,599.024,607.265
8.9250000,2142,-11.720099,-2.179353,598.769,607.764
8.9291667,2143,-11.738196,-2.204887,598.210,608.552
8.9333333,2144,-11.741296,-2.210564,598.114,608.727
8.9375000,2145,-11.722760,-2.204210,598.686,608.531
8.9416667,2146,-11.779175,-2.220031,596.945,609.019
8.9458333,2147,-11.790682,-2.248024,596.590,609.883
8.9500000,2148,-11.773898,-2.268132,597.108,610.504
8.9541667,2149,-11.814760,-2.296128,595.847,611.368
8.9583333,2150,-11.815699,-2.307810,595.818,611.729
8.9625000,2151,-11.815021,-2.319101,595.839,612.077
8.9666667,2152,-11.836284,-2.354348,595.183,613.165
8.9708333,2153,-11.864871,-2.345373,594.300,612.888
8.9750000,2154,-11.846349,-2.379062,594.872,613.928
8.9791667,2155,-11.869846,-2.388351,594.147,614.215
8.9833333,2156,-11.883065,-2.422524,593.739,615.269
8.9875000,2157,-11.882811,-2.422945,593.747,615.282
8.9916667,2158,-11.911998,-2.428026,592.846,615.439
8.9958333,2159,-11.895454,-2.459087,593.356,616.398
9.0000000,2160,-11.924931,-2.477019,592.447,616.951
9.0041667,2161,-11.939247,-2.496356,592.005,617.548
9.0083333,2162,-11.931484,-2.495027,592.244,617.507
9.0125000,2163,-11.930374,-2.501228,592.279,617.698
9.0166667,2164,-11.925021,-2.506629,592.444,617.865
9.0208333,2165,-11.952483,-2.511013,591.596,618.000
9.0250000,2166,-11.949426,-2.515794,591.691,618.148
9.0291667,2167,-11.949111,-2.544285,591.700,619.027
9.0333333,2168,-11.963389,-2.555876,591.260,619.385
9.0375000,2169,-11.961223,-2.567666,591.326,619.749
9.0416667,2170,-11.973742,-2.577821,590.940,620.062
9.0458333,2171,-11.971963,-2.577124,590.995,620.041
9.0500000,2172,-11.992057,-2.606607,590.375,620.951
9.0541667,2173,-11.988077,-2.627357,590.498,621.591
9.0583333,2174,-12.014005,-2.630234,589.697,621.680
9.0625000,2175,-12.031998,-2.642090,589.142,622.046
9.0666667,2176,-12.034625,-2.665735,589.061,622.776
9.0708333,2177,-12.064815,-2.677717,588.129,623.146
9.0750000,2178,-12.066735,-2.704722,588.070,623.979
9.0791667,2179,-12.082351,-2.710480,587.588,624.157
9.0833333,2180,-12.108820,-2.703157,586.771,623.931
9.0875000,2181,-12.107518,-2.741106,586.811,625.102
9.0916667,2182,-12.137909,-2.753981,585.873,625.499
9.0958333,2183,-12.132902,-2.798787,586.028,626.882
9.1000000,2184,-12.130226,-2.798811,586.110,626.883
9.1041667,2185,-12.146140,-2.817534,585.619,627.461
9.1083333,2186,-12.146062,-2.829740,585.622,627.838
9.1125000,2187,-12.170718,-2.828665,584.861,627.804
9.1166667,2188,-12.182359,-2.863526,584.501,628.880
9.1208333,2189,-12.202483,-2.851402,583.880,628.506
9.1250000,2190,-12.185496,-2.869210,584.404,629.056
9.1291667,2191,-12.192660,-2.886486,584.183,629.589
9.1333333,2192,-12.207409,-2.899082,583.728,629.978
9.1375000,2193,-12.208223,-2.888062,583.703,629.638
9.1416667,2194,-12.217638,-2.894779,583.412,629.845
9.1458333,2195,-12.204367,-2.936322,583.822,631.127
9.1500000,2196,-12.228176,-2.941044,583.087,631.273
9.1541667,2197,-12.224177,-2.948358,583.211,631.499
9.1583333,2198,-12.237408,-2.973828,582.802,632.285
9.1625000,2199,-12.247383,-2.985535,582.494,632.646
9.1666667,2200,-12.273305,-2.977708,581.694,632.405
9.1708333,2201,-12.308524,-3.003129,580.607,633.189
9.1750000,2202,-12.310547,-3.005173,580.545,633.252
9.1791667,2203,-12.294585,-3.012038,581.037,633.464
9.1833333,2204,-12.312392,-3.034560,580.488,634.159
9.1875000,2205,-12.325178,-3.051691,580.093,634.688
9.1916667,2206,-12.336107,-3.078227,579.756,635.507
9.1958333,2207,-12.335359,-3.095848,579.779,636.051
9.2000000,2208,-12.361777,-3.117605,578.964,636.722
9.2041667,2209,-12.383955,-3.147758,578.279,637.653
9.2083333,2210,-12.378640,-3.140840,578.443,637.440
9.2125000,2211,-12.414670,-3.161935,577.331,638.091
9.2166667,2212,-12.398089,-3.161187,577.843,638.068
9.2208333,2213,-12.418316,-3.171058,577.219,638.372
9.2250000,2214,-12.439661,-3.207020,576.560,639.482
9.2291667,2215,-12.454361,-3.204245,576.106,639.396
9.2333333,2216,-12.455810,-3.228857,576.061,640.156
9.2375000,2217,-12.477893,-3.240456,575.380,640.514
9.2416667,2218,-12.461339,-3.261024,575.891,641.149
9.2458333,2219,-12.499813,-3.249200,574.703,640.784
9.2500000,2220,-12.496642,-3.246770,574.801,640.709
9.2541667,2221,-12.491996,-3.291950,574.945,642.103
9.2583333,2222,-12.513927,-3.272485,574.268,641.503
9.2625000,2223,-12.505562,-3.297843,574.526,642.285
9.2666667,2224,-12.497621,-3.312073,574.771,642.724
9.2708333,2225,-12.542281,-3.320580,573.393,642.987
9.2750000,2226,-12.551388,-3.343349,573.111,643.690
9.2791667,2227,-12.551857,-3.343262,573.097,643.687
9.2833333,2228,-12.556671,-3.340347,572.948,643.597
9.2875000,2229,-12.557296,-3.390608,572.929,645.148
9.2916667,2230,-12.591160,-3.385251,571.884,644.983
9.2958333,2231,-12.596456,-3.384236,571.720,644.952
9.3000000,2232,-12.608712,-3.379462,571.342,644.804
9.3041667,2233,-12.619014,-3.399316,571.024,645.417
9.3083333,2234,-12.617632,-3.425718,571.067,646.232
9.3125000,2235,-12.653609,-3.453135,569.957,647.078
9.3166667,2236,-12.649266,-3.473408,570.091,647.704
9.3208333,2237,-12.669043,-3.484867,569.480,648.058
9.3250000,2238,-12.680523,-3.499499,569.126,648.509
9.3291667,2239,-12.690751,-3.525701,568.810,649.318
9.3333333,2240,-12.709873,-3.526017,568.220,649.328
9.3375000,2241,-12.694171,-3.539727,568.705,649.751
9.3416667,2242,-12.726475,-3.565304,567.708,650.540
9.3458333,2243,-12.743658,-3.572711,567.177,650.769
9.3500000,2244,-12.732412,-3.603798,567.524,651.728
9.3541667,2245,-12.746780,-3.599167,567.081,651.585
9.3583333,2246,-12.757330,-3.609118,566.755,651.893
9.3625000,2247,-12.781965,-3.616106,565.995,652.108
9.3666667,2248,-12.770490,-3.637274,566.349,652.762
9.3708333,2249,-12.776791,-3.659875,566.155,653.459
9.3750000,2250,-12.797642,-3.625077,565.511,652.385
9.3791667,2251,-12.790634,-3.656382,565.727,653.351
9.3833333,2252,-12.799549,-3.682666,565.452,654.163
9.3875000,2253,-12.795109,-3.677108,565.589,653.991
9.3916667,2254,-12.829587,-3.717692,564.525,655.244
9.3958333,2255,-12.828920,-3.716538,564.546,655.208
9.4000000,2256,-12.832137,-3.740829,564.446,655.958
9.4041667,2257,-12.819290,-3.756051,564.843,656.427
9.4083333,2258,-12.838361,-3.749352,564.254,656.221
9.4125000,2259,-12.847122,-3.751607,563.984,656.290
9.4166667,2260,-12.851718,-3.778370,563.842,657.116
9.4208333,2261,-12.854132,-3.793805,563.768,657.593
9.4250000,2262,-12.874840,-3.828200,563.128,658.654
9.4291667,2263,-12.887438,-3.850345,562.740,659.338
9.4333333,2264,-12.930935,-3.877935,561.397,660.189
9.4375000,2265,-12.916195,-3.893351,561.852,660.665
9.4416667,2266,-12.923069,-3.883694,561.640,660.367
9.4458333,2267,-12.965056,-3.907078,560.344,661.089
9.4500000,2268,-12.965717,-3.918093,560.324,661.429
9.4541667,2269,-12.953981,-3.932894,560.686,661.886
9.4583333,2270,-12.957862,-3.951496,560.566,662.460
9.4625000,2271,-12.968312,-3.980134,560.243,663.344
9.4666667,2272,-12.983398,-3.990810,559.778,663.673
9.4708333,2273,-12.989246,-3.989050,559.597,663.619
9.4750000,2274,-13.016770,-4.005014,558.748,664.112
9.4791667,2275,-13.009846,-4.032252,558.962,664.952
9.4833333,2276,-13.032859,-4.037606,558.251,665.117
9.4875000,2277,-13.043486,-4.036390,557.923,665.080
9.4916667,2278,-13.011901,-4.050975,558.898,665.530
9.4958333,2279,-13.057500,-4.051199,557.491,665.537
9.5000000,2280,-13.053134,-4.084032,557.626,666.550
9.5041667,2281,-13.037370,-4.076438,558.112,666.316
9.5083333,2282,-13.063025,-4.095352,557.320,666.900
9.5125000,2283,-13.065029,-4.105070,557.258,667.200
9.5166667,2284,-13.051583,-4.128637,557.673,667.927
9.5208333,2285,-13.055538,-4.146970,557.551,668.493
9.5250000,2286,-13.075105,-4.138528,556.947,668.232
9.5291667,2287,-13.095232,-4.170188,556.326,669.209
9.5333333,2288,-13.096100,-4.183488,556.299,669.620
9.5375000,2289,-13.102919,-4.224621,556.089,670.890
9.5416667,2290,-13.107222,-4.231658,555.956,671.107
9.5458333,2291,-13.130255,-4.235826,555.245,671.235
9.5500000,2292,-13.150581,-4.274292,554.618,672.423
9.5541667,2293,-13.136376,-4.272783,555.056,672.376
9.5583333,2294,-13.160838,-4.310597,554.301,673.543
9.5625000,2295,-13.158035,-4.324870,554.388,673.984
9.5666667,2296,-13.147718,-4.334951,554.706,674.295
9.5708333,2297,-13.184938,-4.346855,553.557,674.662
9.5750000,2298,-13.166997,-4.387775,554.111,675.925
9.5791667,2299,-13.194552,-4.407567,553.261,676.536
9.5833333,2300,-13.194000,-4.423154,553.278,677.017
9.5875000,2301,-13.199219,-4.424782,553.117,677.067
9.5916667,2302,-13.185324,-4.465904,553.546,678.337
9.5958333,2303,-13.210247,-4.452564,552.776,677.925
9.6000000,2304,-13.212753,-4.461347,552.699,678.196
9.6041667,2305,-13.207349,-4.436842,552.866,677.440
9.6083333,2306,-13.217650,-4.488896,552.548,679.046
9.6125000,2307,-13.203145,-4.491332,552.996,679.121
9.6166667,2308,-13.214511,-4.498927,552.645,679.356
9.6208333,2309,-13.224720,-4.502580,552.330,679.469
9.6250000,2310,-13.231721,-4.524920,552.114,680.158
9.6291667,2311,-13.246190,-4.537040,551.667,680.532
9.6333333,2312,-13.210256,-4.559070,552.776,681.212
9.6375000,2313,-13.242470,-4.553873,551.782,681.052
9.6416667,2314,-13.250100,-4.580026,551.546,681.859
9.6458333,2315,-13.283653,-4.631996,550.511,683.463
9.6500000,2316,-13.270605,-4.635898,550.913,683.583
9.6541667,2317,-13.253623,-4.637511,551.438,683.633
9.6583333,2318,-13.300216,-4.655993,550.000,684.204
9.6625000,2319,-13.275466,-4.685535,550.763,685.115
9.6666667,2320,-13.294580,-4.702681,550.173,685.644
9.6708333,2321,-13.306732,-4.700159,549.798,685.567
9.6750000,2322,-13.308512,-4.742451,549.743,686.872
9.6791667,2323,-13.317140,-4.759411,549.477,687.395
9.6833333,2324,-13.307672,-4.801535,549.769,688.696
9.6875000,2325,-13.352097,-4.787082,548.398,688.249
9.6916667,2326,-13.357056,-4.806058,548.245,688.835
9.6958333,2327,-13.359719,-4.812080,548.163,689.021
9.7000000,2328,-13.369495,-4.839665,547.861,689.872
9.7041667,2329,-13.349741,-4.870780,548.471,690.833
9.7083333,2330,-13.359501,-4.871148,548.170,690.844
9.7125000,2331,-13.360969,-4.896942,548.124,691.640
9.7166667,2332,-13.366435,-4.907120,547.956,691.954
9.7208333,2333,-13.381458,-4.894001,547.492,691.549
9.7250000,2334,-13.400195,-4.937675,546.914,692.897
9.7291667,2335,-13.400025,-4.925187,546.919,692.512
9.7333333,2336,-13.399207,-4.953423,546.944,693.383
9.7375000,2337,-13.396922,-4.956479,547.015,693.478
9.7416667,2338,-13.408908,-4.960185,546.645,693.592
9.7458333,2339,-13.409763,-4.988559,546.618,694.468
9.7500000,2340,-13.428819,-4.972326,546.030,693.967
9.7541667,2341,-13.410269,-5.010572,546.603,695.147
9.7583333,2342,-13.446228,-5.023803,545.493,695.556
9.7625000,2343,-13.424622,-5.038344,546.160,696.004
9.7666667,2344,-13.463679,-5.052437,544.954,696.439
9.7708333,2345,-13.461828,-5.080048,545.011,697.292
9.7750000,2346,-13.455340,-5.087538,545.212,697.523
9.7791667,2347,-13.503539,-5.120240,543.724,698.532
9.7833333,2348,-13.477804,-5.144141,544.518,699.270
9.7875000,2349,-13.484742,-5.132532,544.304,698.911
9.7916667,2350,-13.523408,-5.162208,543.111,699.827
9.7958333,2351,-13.501590,-5.201421,543.784,701.038
9.8000000,2352,-13.525536,-5.213741,543.045,701.418
9.8041667,2353,-13.524752,-5.223507,543.069,701.719
9.8083333,2354,-13.536466,-5.234729,542.708,702.066
9.8125000,2355,-13.552139,-5.244138,542.224,702.356
9.8166667,2356,-13.566953,-5.261177,541.767,702.882
9.8208333,2357,-13.557528,-5.282334,542.058,703.535
9.8250000,2358,-13.590874,-5.294679,541.029,703.916
9.8291667,2359,-13.577621,-5.305806,541.438,704.259
9.8333333,2360,-13.571668,-5.299482,541.621,704.064
9.8375000,2361,-13.579020,-5.325836,541.394,704.878
9.8416667,2362,-13.590618,-5.345473,541.036,705.484
9.8458333,2363,-13.576312,-5.331249,541.478,705.045
9.8500000,2364,-13.589663,-5.356335,541.066,705.819
9.8541667,2365,-13.609423,-5.362524,540.456,706.010
9.8583333,2366,-13.622137,-5.375962,540.064,706.425
9.8625000,2367,-13.646989,-5.385626,539.297,706.723
9.8666667,2368,-13.632448,-5.383632,539.745,706.661
9.8708333,2369,-13.620819,-5.397314,540.104,707.084
9.8750000,2370,-13.653844,-5.411176,539.085,707.512
9.8791667,2371,-13.646929,-5.470036,539.298,709.328
9.8833333,2372,-13.657748,-5.439912,538.965,708.399
9.8875000,2373,-13.670722,-5.513451,538.564,710.668
9.8916667,2374,-13.658566,-5.473451,538.939,709.434
9.8958333,2375,-13.675282,-5.546180,538.423,711.678
9.9000000,2376,-13.663443,-5.540476,538.789,711.502
9.9041667,2377,-13.707999,-5.581019,537.414,712.754
9.9083333,2378,-13.720024,-5.586627,537.042,712.927
9.9125000,2379,-13.721475,-5.594539,536.998,713.171
9.9166667,2380,-13.704640,-5.606941,537.517,713.554
9.9208333,2381,-13.752321,-5.654565,536.046,715.024
9.9250000,2382,-13.728968,-5.661796,536.766,715.247
9.9291667,2383,-13.746266,-5.666557,536.233,715.394
9.9333333,2384,-13.756503,-5.680999,535.917,715.839
9.9375000,2385,-13.762235,-5.700694,535.740,716.447
9.9416667,2386,-13.750501,-5.733325,536.102,717.454
9.9458333,2387,-13.781838,-5.736679,535.135,717.558
9.9500000,2388,-13.773519,-5.735821,535.391,717.532
9.9541667,2389,-13.770590,-5.763165,535.482,718.375
9.9583333,2390,-13.769837,-5.761029,535.505,718.310
9.9625000,2391,-13.781748,-5.766807,535.137,718.488
9.9666667,2392,-13.772004,-5.821184,535.438,720.166
9.9708333,2393,-13.763620,-5.792704,535.697,719.287
9.9750000,2394,-13.782462,-5.803251,535.115,719.613
9.9791667,2395,-13.787989,-5.828449,534.945,720.390
9.9833333,2396,-13.795835,-5.849267,534.703,721.033
9.9875000,2397,-13.792903,-5.862193,534.793,721.432
9.9916667,2398,-13.797273,-5.868704,534.658,721.633
9.9958333,2399,-13.813011,-5.861755,534.172,721.418
10.0000000,2400,-13.825947,-5.915938,533.773,723.091
10.0041667,2401,-13.801167,-5.932433,534.538,723.600
10.0083333,2402,-13.796008,-5.770734,534.697,718.609
10.0125000,2403,-13.784402,-5.756643,535.056,718.174
10.0166667,2404,-13.765257,-5.720112,535.646,717.047
10.0208333,2405,-13.784288,-5.719132,535.059,717.016
10.0250000,2406,-13.738651,-5.684668,536.468,715.953
10.0291667,2407,-13.745157,-5.677922,536.267,715.744
10.0333333,2408,-13.744656,-5.653711,536.282,714.997
10.0375000,2409,-13.740342,-5.633159,536.415,714.363
10.0416667,2410,-13.718708,-5.622147,537.083,714.023
10.0458333,2411,-13.719823,-5.589201,537.049,713.006
10.0500000,2412,-13.710165,-5.587286,537.347,712.947
10.0541667,2413,-13.694825,-5.574327,537.820,712.547
10.0583333,2414,-13.703071,-5.554991,537.566,711.950
10.0625000,2415,-13.704668,-5.531254,537.516,711.218
10.0666667,2416,-13.695173,-5.524368,537.809,711.005
10.0708333,2417,-13.718645,-5.516786,537.085,710.771
10.0750000,2418,-13.705473,-5.501310,537.492,710.294
10.0791667,2419,-13.678850,-5.475901,538.313,709.509
10.0833333,2420,-13.684748,-5.491267,538.131,709.984
10.0875000,2421,-13.688662,-5.475853,538.010,709.508
10.0916667,2422,-13.674808,-5.459278,538.438,708.996
10.0958333,2423,-13.696651,-5.427144,537.764,708.004
10.1000000,2424,-13.657346,-5.433391,538.977,708.197
10.1041667,2425,-13.658259,-5.428282,538.949,708.040
10.1083333,2426,-13.677065,-5.409594,538.368,707.463
10.1125000,2427,-13.644201,-5.368239,539.383,706.186
10.1166667,2428,-13.658976,-5.361332,538.927,705.973
10.1208333,2429,-13.667112,-5.353725,538.676,705.738
10.1250000,2430,-13.657193,-5.323968,538.982,704.820
10.1291667,2431,-13.640589,-5.309203,539.494,704.364
10.1333333,2432,-13.625763,-5.287363,539.952,703.690
10.1375000,2433,-13.625118,-5.269793,539.972,703.148
10.1416667,2434,-13.611590,-5.259073,540.389,702.817
10.1458333,2435,-13.614849,-5.225125,540.289,701.769
10.1500000,2436,-13.620627,-5.207378,540.110,701.222
10.1541667,2437,-13.587528,-5.176257,541.132,700.261
10.1583333,2438,-13.586379,-5.175387,541.167,700.234
10.1625000,2439,-13.607777,-5.169523,540.507,700.053
10.1666667,2440,-13.583892,-5.136255,541.244,699.026
10.1708333,2441,-13.593275,-5.102240,540.954,697.977
10.1750000,2442,-13.575354,-5.089938,541.508,697.597
10.1791667,2443,-13.580825,-5.107818,541.339,698.149
10.1833333,2444,-13.560285,-5.088050,541.973,697.539
10.1875000,2445,-13.569601,-5.048966,541.685,696.332
10.1916667,2446,-13.573176,-5.052858,541.575,696.452
10.1958333,2447,-13.567229,-5.045912,541.758,696.238
10.2000000,2448,-13.555023,-5.029769,542.135,695.740
10.2041667,2449,-13.559429,-5.019574,541.999,695.425
10.2083333,2450,-13.556036,-5.003459,542.104,694.928
10.2125000,2451,-13.529513,-4.998679,542.922,694.780
10.2166667,2452,-13.530273,-4.962198,542.899,693.654
10.2208333,2453,-13.553800,-4.963238,542.173,693.686
10.2250000,2454,-13.538427,-4.936085,542.647,692.848
10.2291667,2455,-13.539759,-4.925455,542.606,692.520
10.2333333,2456,-13.550121,-4.923206,542.286,692.451
10.2375000,2457,-13.512353,-4.884813,543.452,691.266
10.2416667,2458,-13.534234,-4.888521,542.777,691.380
10.2458333,2459,-13.517599,-4.851339,543.290,690.233
10.2500000,2460,-13.509688,-4.843888,543.534,690.003
10.2541667,2461,-13.472743,-4.824047,544.675,689.390
10.2583333,2462,-13.463757,-4.801810,544.952,688.704
10.2625000,2463,-13.480235,-4.781428,544.443,688.075
10.2666667,2464,-13.479415,-4.764925,544.469,687.566
10.2708333,2465,-13.458897,-4.768970,545.102,687.690
10.2750000,2466,-13.433609,-4.714141,545.882,685.998
10.2791667,2467,-13.459002,-4.721544,545.099,686.227
10.2833333,2468,-13.425027,-4.700497,546.147,685.577
10.2875000,2469,-13.428064,-4.714962,546.054,686.024
10.2916667,2470,-13.446343,-4.632012,545.489,683.463
10.2958333,2471,-13.405852,-4.649663,546.739,684.008
10.3000000,2472,-13.403385,-4.655069,546.815,684.175
10.3041667,2473,-13.408965,-4.661463,546.643,684.372
10.3083333,2474,-13.408215,-4.614322,546.666,682.917
10.3125000,2475,-13.406416,-4.614238,546.722,682.915
10.3166667,2476,-13.407431,-4.580647,546.690,681.878
10.3208333,2477,-13.421279,-4.579207,546.263,681.834
10.3250000,2478,-13.393689,-4.575299,547.115,681.713
10.3291667,2479,-13.401913,-4.548924,546.861,680.899
10.3333333,2480,-13.385094,-4.549802,547.380,680.926
10.3375000,2481,-13.385468,-4.549651,547.368,680.921
10.3416667,2482,-13.367131,-4.503598,547.934,679.500
10.3458333,2483,-13.372776,-4.512255,547.760,679.767
10.3500000,2484,-13.342571,-4.486227,548.692,678.964
10.3541667,2485,-13.348055,-4.452166,548.523,677.913
10.3583333,2486,-13.337300,-4.463294,548.855,678.256
10.3625000,2487,-13.325882,-4.424621,549.207,677.062
10.3666667,2488,-13.316717,-4.404199,549.490,676.432
10.3708333,2489,-13.314555,-4.389806,549.557,675.988
10.3750000,2490,-13.292925,-4.342946,550.225,674.542
10.3791667,2491,-13.275204,-4.351992,550.771,674.821
10.3833333,2492,-13.298680,-4.317075,550.047,673.743
10.3875000,2493,-13.267049,-4.323548,551.023,673.943
10.3916667,2494,-13.267316,-4.288479,551.015,672.860
10.3958333,2495,-13.256768,-4.262895,551.340,672.071
10.4000000,2496,-13.261102,-4.258235,551.207,671.927
10.4041667,2497,-13.259095,-4.231644,551.269,671.106
10.4083333,2498,-13.244834,-4.235457,551.709,671.224
10.4125000,2499,-13.229756,-4.214153,552.174,670.566
10.4166667,2500,-13.228313,-4.219427,552.219,670.729
10.4208333,2501,-13.230821,-4.193327,552.141,669.924
10.4250000,2502,-13.216392,-4.178667,552.587,669.471
10.4291667,2503,-13.198749,-4.176391,553.131,669.401
10.4333333,2504,-13.197466,-4.161537,553.171,668.943
10.4375000,2505,-13.231494,-4.147358,552.121,668.505
10.4416667,2506,-13.188796,-4.157452,553.438,668.816
10.4458333,2507,-13.211889,-4.137616,552.726,668.204
10.4500000,2508,-13.196710,-4.126222,553.194,667.853
10.4541667,2509,-13.178690,-4.114093,553.750,667.478
10.4583333,2510,-13.171925,-4.083189,553.959,666.524
10.4625000,2511,-13.176645,-4.072933,553.813,666.208
10.4666667,2512,-13.172168,-4.056251,553.952,665.693
10.4708333,2513,-13.166132,-4.033609,554.138,664.994
10.4750000,2514,-13.176453,-4.042898,553.819,665.281
10.4791667,2515,-13.170056,-3.971309,554.017,663.071
10.4833333,2516,-13.167865,-3.983826,554.084,663.458
10.4875000,2517,-13.156253,-3.946908,554.443,662.318
10.4916667,2518,-13.135301,-3.945957,555.089,662.289
10.4958333,2519,-13.133930,-3.930298,555.132,661.805
10.5000000,2520,-13.128866,-3.903959,555.288,660.993
10.5041667,2521,-13.131622,-3.839119,555.203,658.991
10.5083333,2522,-13.142234,-3.853404,554.875,659.432
10.5125000,2523,-13.109127,-3.831090,555.897,658.744
10.5166667,2524,-13.121764,-3.815390,555.507,658.259
10.5208333,2525,-13.104859,-3.815908,556.029,658.275
10.5250000,2526,-13.093490,-3.794856,556.380,657.625
10.5291667,2527,-13.091973,-3.769836,556.427,656.853
10.5333333,2528,-13.085497,-3.738288,556.627,655.879
10.5375000,2529,-13.101895,-3.755673,556.121,656.416
10.5416667,2530,-13.084774,-3.724522,556.649,655.454
10.5458333,2531,-13.055279,-3.712497,557.559,655.083
10.5500000,2532,-13.046666,-3.699885,557.825,654.694
10.5541667,2533,-13.082168,-3.689848,556.729,654.384
10.5583333,2534,-13.047284,-3.686484,557.806,654.280
10.5625000,2535,-13.076231,-3.689256,556.913,654.366
10.5666667,2536,-13.068364,-3.698086,557.155,654.638
10.5708333,2537,-13.041935,-3.668593,557.971,653.728
10.5750000,2538,-13.086311,-3.651800,556.602,653.210
10.5791667,2539,-13.047515,-3.618678,557.799,652.188
10.5833333,2540,-13.042538,-3.614372,557.953,652.055
10.5875000,2541,-13.041863,-3.604055,557.973,651.736
10.5916667,2542,-13.032325,-3.553367,558.268,650.172
10.5958333,2543,-13.004285,-3.537123,559.133,649.670
10.6000000,2544,-13.029638,-3.525129,558.351,649.300
10.6041667,2545,-13.014476,-3.512267,558.819,648.903
10.6083333,2546,-12.993026,-3.497197,559.481,648.438
10.6125000,2547,-12.986321,-3.471209,559.688,647.636
10.6166667,2548,-12.995588,-3.467435,559.402,647.520
10.6208333,2549,-12.979350,-3.401593,559.903,645.487
10.6250000,2550,-12.981285,-3.414993,559.843,645.901
10.6291667,2551,-12.971609,-3.420969,560.142,646.085
10.6333333,2552,-12.974426,-3.399717,560.055,645.430
10.6375000,2553,-12.946053,-3.359163,560.930,644.178
10.6416667,2554,-12.956937,-3.339096,560.595,643.559
10.6458333,2555,-12.931930,-3.327580,561.366,643.203
10.6500000,2556,-12.935276,-3.303906,561.263,642.472
10.6541667,2557,-12.937138,-3.309442,561.206,642.643
10.6583333,2558,-12.933269,-3.292620,561.325,642.124
10.6625000,2559,-12.925778,-3.261594,561.556,641.166
10.6666667,2560,-12.944111,-3.279934,560.990,641.733
10.6708333,2561,-12.903451,-3.271373,562.245,641.468
10.6750000,2562,-12.927783,-3.255904,561.494,640.991
10.6791667,2563,-12.926317,-3.249940,561.540,640.807
10.6833333,2564,-12.910900,-3.237905,562.015,640.435
10.6875000,2565,-12.917711,-3.212023,561.805,639.637
10.6916667,2566,-12.902514,-3.223220,562.274,639.982
10.6958333,2567,-12.873890,-3.181587,563.158,638.697
10.7000000,2568,-12.851463,-3.178881,563.850,638.614
10.7041667,2569,-12.872011,-3.158909,563.216,637.997
10.7083333,2570,-12.875564,-3.119011,563.106,636.766
10.7125000,2571,-12.865555,-3.121262,563.415,636.835
10.7166667,2572,-12.850598,-3.091004,563.877,635.901
10.7208333,2573,-12.849568,-3.081692,563.908,635.614
10.7250000,2574,-12.809291,-3.070849,565.152,635.279
10.7291667,2575,-12.827856,-3.036381,564.579,634.215
10.7333333,2576,-12.817135,-3.025568,564.909,633.882
10.7375000,2577,-12.818669,-2.996876,564.862,632.996
10.7416667,2578,-12.801366,-3.000264,565.396,633.101
10.7458333,2579,-12.781309,-2.977325,566.015,632.393
10.7500000,2580,-12.785026,-2.943240,565.900,631.341
10.7541667,2581,-12.750936,-2.912004,566.953,630.377
10.7583333,2582,-12.739941,-2.893726,567.292,629.813
10.7625000,2583,-12.770313,-2.908573,566.355,630.271
10.7666667,2584,-12.765658,-2.886225,566.498,629.581
10.7708333,2585,-12.759763,-2.894686,566.680,629.842
10.7750000,2586,-12.752014,-2.874353,566.919,629.215
10.7791667,2587,-12.701563,-2.855253,568.476,628.625
10.7833333,2588,-12.735874,-2.843401,567.417,628.259
10.7875000,2589,-12.723288,-2.814969,567.806,627.382
10.7916667,2590,-12.718705,-2.827332,567.947,627.763
10.7958333,2591,-12.723956,-2.819261,567.785,627.514
10.8000000,2592,-12.755322,-2.816995,566.817,627.444
10.8041667,2593,-12.698851,-2.789134,568.560,626.584
10.8083333,2594,-12.715936,-2.765286,568.033,625.848
10.8125000,2595,-12.668273,-2.747135,569.504,625.288
10.8166667,2596,-12.704257,-2.753790,568.393,625.494
10.8208333,2597,-12.704473,-2.710398,568.387,624.154
10.8250000,2598,-12.701279,-2.692597,568.485,623.605
10.8291667,2599,-12.675036,-2.686640,569.295,623.421
10.8333333,2600,-12.667523,-2.665567,569.527,622.771
10.8375000,2601,-12.629258,-2.658851,570.708,622.563
10.8416667,2602,-12.643666,-2.649891,570.263,622.287
10.8458333,2603,-12.655200,-2.625756,569.907,621.542
10.8500000,2604,-12.625310,-2.569042,570.830,619.791
10.8541667,2605,-12.627004,-2.563399,570.778,619.617
10.8583333,2606,-12.607552,-2.554380,571.378,619.339
10.8625000,2607,-12.618079,-2.532672,571.053,618.669
10.8666667,2608,-12.612964,-2.505759,571.211,617.838
10.8708333,2609,-12.569601,-2.507598,572.549,617.895
10.8750000,2610,-12.588726,-2.488819,571.959,617.315
10.8791667,2611,-12.556444,-2.468823,572.955,616.698
10.8833333,2612,-12.541275,-2.480648,573.424,617.063
10.8875000,2613,-12.573086,-2.456043,572.442,616.304
10.8916667,2614,-12.530285,-2.429218,573.763,615.476
10.8958333,2615,-12.544589,-2.421543,573.321,615.239
10.9000000,2616,-12.523814,-2.436495,573.963,615.700
10.9041667,2617,-12.521571,-2.409021,574.032,614.852
10.9083333,2618,-12.530727,-2.367483,573.749,613.570
10.9125000,2619,-12.507894,-2.374404,574.454,613.784
10.9166667,2620,-12.539189,-2.381001,573.488,613.988
10.9208333,2621,-12.506925,-2.360681,574.484,613.361
10.9250000,2622,-12.508754,-2.361222,574.427,613.377
10.9291667,2623,-12.498183,-2.347690,574.754,612.960
10.9333333,2624,-12.497295,-2.331696,574.781,612.466
10.9375000,2625,-12.467796,-2.298830,575.691,611.452
10.9416667,2626,-12.489917,-2.306740,575.009,611.696
10.9458333,2627,-12.469053,-2.250451,575.653,609.958
10.9500000,2628,-12.449882,-2.265200,576.244,610.414
10.9541667,2629,-12.451458,-2.220426,576.196,609.032
10.9583333,2630,-12.448829,-2.201136,576.277,608.436
10.9625000,2631,-12.430045,-2.183032,576.857,607.878
10.9666667,2632,-12.437566,-2.175296,576.625,607.639
10.9708333,2633,-12.413814,-2.159952,577.358,607.165
10.9750000,2634,-12.434188,-2.132444,576.729,606.316
10.9791667,2635,-12.411111,-2.077075,577.441,604.607
10.9833333,2636,-12.399259,-2.089209,577.807,604.982
10.9875000,2637,-12.395445,-2.069982,577.925,604.388
10.9916667,2638,-12.380893,-2.079486,578.374,604.682
10.9958333,2639,-12.390367,-2.041668,578.081,603.514
11.0000000,2640,-12.382420,-2.038743,578.327,603.424
11.0041667,2641,-12.381702,-2.026428,578.349,603.044
11.0083333,2642,-12.369806,-2.007651,578.716,602.465
11.0125000,2643,-12.363886,-1.995981,578.899,602.104
11.0166667,2644,-12.362116,-1.998976,578.953,602.197
11.0208333,2645,-12.356763,-1.983153,579.118,601.708
11.0250000,2646,-12.366593,-1.973305,578.815,601.404
11.0291667,2647,-12.341137,-1.963646,579.601,601.106
11.0333333,2648,-12.344039,-1.938165,579.511,600.320
11.0375000,2649,-12.348102,-1.921057,579.386,599.792
11.0416667,2650,-12.321594,-1.909074,580.204,599.422
11.0458333,2651,-12.331666,-1.908574,579.893,599.407
11.0500000,2652,-12.310576,-1.873374,580.544,598.320
11.0541667,2653,-12.327419,-1.875387,580.024,598.382
11.0583333,2654,-12.276144,-1.863587,581.607,598.018
11.0625000,2655,-12.299133,-1.831380,580.897,597.024
11.0666667,2656,-12.301939,-1.828750,580.811,596.943
11.0708333,2657,-12.275144,-1.796768,581.638,595.956
11.0750000,2658,-12.290870,-1.764629,581.152,594.964
11.0791667,2659,-12.275936,-1.764066,581.613,594.946
11.0833333,2660,-12.284073,-1.743764,581.362,594.320
11.0875000,2661,-12.249090,-1.719143,582.442,593.560
11.0916667,2662,-12.256739,-1.686505,582.206,592.553
11.0958333,2663,-12.241333,-1.685204,582.681,592.512
11.1000000,2664,-12.235365,-1.664994,582.865,591.889
11.1041667,2665,-12.224171,-1.659261,583.211,591.712
11.1083333,2666,-12.214578,-1.615618,583.507,590.365
11.1125000,2667,-12.252241,-1.605443,582.344,590.051
11.1166667,2668,-12.231287,-1.608305,582.991,590.139
11.1208333,2669,-12.191471,-1.602863,584.220,589.971
11.1250000,2670,-12.192778,-1.579672,584.180,589.255
11.1291667,2671,-12.212195,-1.557622,583.580,588.575
11.1333333,2672,-12.197413,-1.542883,584.037,588.120
11.1375000,2673,-12.182294,-1.525733,584.503,587.591
11.1416667,2674,-12.190816,-1.533476,584.240,587.830
11.1458333,2675,-12.174566,-1.499224,584.742,586.772
11.1500000,2676,-12.181405,-1.518739,584.531,587.375
11.1541667,2677,-12.159911,-1.487152,585.194,586.400
11.1583333,2678,-12.162316,-1.473316,585.120,585.973
11.1625000,2679,-12.191519,-1.449421,584.219,585.235
11.1666667,2680,-12.172430,-1.449679,584.808,585.243
11.1708333,2681,-12.163286,-1.430627,585.090,584.655
11.1750000,2682,-12.138607,-1.422607,585.852,584.408
11.1791667,2683,-12.163229,-1.395684,585.092,583.577
11.1833333,2684,-12.163278,-1.384941,585.090,583.245
11.1875000,2685,-12.144894,-1.359792,585.658,582.469
11.1916667,2686,-12.117435,-1.334881,586.505,581.700
11.1958333,2687,-12.103290,-1.312307,586.942,581.003
11.2000000,2688,-12.117040,-1.282879,586.517,580.095
11.2041667,2689,-12.109733,-1.276733,586.743,579.905
11.2083333,2690,-12.102051,-1.252714,586.980,579.164
11.2125000,2691,-12.102702,-1.247480,586.960,579.002
11.2166667,2692,-12.078565,-1.214445,587.705,577.983
11.2208333,2693,-12.071115,-1.192132,587.935,577.294
11.2250000,2694,-12.100310,-1.195626,587.034,577.402
11.2291667,2695,-12.073778,-1.184934,587.853,577.072
11.2333333,2696,-12.079307,-1.141325,587.682,575.726
11.2375000,2697,-12.082812,-1.144249,587.574,575.816
11.2416667,2698,-12.061004,-1.121743,588.247,575.122
11.2458333,2699,-12.061972,-1.093460,588.217,574.249
11.2500000,2700,-12.062924,-1.083261,588.188,573.934
11.2541667,2701,-12.066850,-1.093118,588.066,574.238
11.2583333,2702,-12.060412,-1.091376,588.265,574.184
11.2625000,2703,-12.048534,-1.065756,588.632,573.394
11.2666667,2704,-12.031323,-1.080848,589.163,573.860
11.2708333,2705,-12.023756,-1.035650,589.396,572.464
11.2750000,2706,-12.039875,-1.031642,588.899,572.341
11.2791667,2707,-12.018572,-1.018226,589.556,571.927
11.2833333,2708,-11.995701,-0.999768,590.262,571.357
11.2875000,2709,-12.030793,-1.011355,589.179,571.715
11.2916667,2710,-12.006431,-0.999943,589.931,571.362
11.2958333,2711,-12.000386,-0.945460,590.118,569.681
11.3000000,2712,-11.994793,-0.931676,590.290,569.255
11.3041667,2713,-11.968769,-0.892720,591.094,568.053
11.3083333,2714,-11.972715,-0.900476,590.972,568.292
11.3125000,2715,-11.958048,-0.857358,591.424,566.962
11.3166667,2716,-11.953389,-0.864702,591.568,567.188
11.3208333,2717,-11.929244,-0.831382,592.313,566.160
11.3250000,2718,-11.922933,-0.829840,592.508,566.112
11.3291667,2719,-11.901851,-0.795711,593.159,565.059
11.3333333,2720,-11.920639,-0.788804,592.579,564.846
11.3375000,2721,-11.907279,-0.763222,592.991,564.056
11.3416667,2722,-11.917636,-0.732707,592.672,563.114
11.3458333,2723,-11.904784,-0.741952,593.068,563.400
11.3500000,2724,-11.882564,-0.719127,593.754,562.695
11.3541667,2725,-11.878450,-0.718513,593.881,562.676
11.3583333,2726,-11.873854,-0.687620,594.023,561.723
11.3625000,2727,-11.885743,-0.678070,593.656,561.428
11.3666667,2728,-11.876537,-0.662517,593.940,560.948
11.3708333,2729,-11.874981,-0.643745,593.988,560.369
11.3750000,2730,-11.871764,-0.630886,594.088,559.972
11.3791667,2731,-11.859707,-0.652799,594.460,560.648
11.3833333,2732,-11.869999,-0.599648,594.142,559.008
11.3875000,2733,-11.848621,-0.607018,594.802,559.235
11.3916667,2734,-11.855117,-0.598883,594.601,558.984
11.3958333,2735,-11.860235,-0.591007,594.443,558.741
11.4000000,2736,-11.831151,-0.589347,595.341,558.690
11.4041667,2737,-11.840645,-0.562237,595.048,557.853
11.4083333,2738,-11.818159,-0.564573,595.742,557.925
11.4125000,2739,-11.826551,-0.534503,595.483,556.997
11.4166667,2740,-11.820051,-0.521330,595.684,556.590
11.4208333,2741,-11.805567,-0.503763,596.131,556.048
11.4250000,2742,-11.799492,-0.488845,596.318,555.588
11.4291667,2743,-11.777016,-0.452508,597.012,554.466
11.4333333,2744,-11.775700,-0.437416,597.052,554.001
11.4375000,2745,-11.766870,-0.416419,597.325,553.352
11.4416667,2746,-11.767297,-0.401277,597.312,552.885
11.4458333,2747,-11.741535,-0.369014,598.107,551.889
11.4500000,2748,-11.735136,-0.336954,598.304,550.900
11.4541667,2749,-11.726757,-0.329780,598.563,550.678
11.4583333,2750,-11.733487,-0.304435,598.355,549.896
11.4625000,2751,-11.729467,-0.306878,598.479,549.972
11.4666667,2752,-11.713506,-0.287344,598.972,549.369
11.4708333,2753,-11.710435,-0.276129,599.067,549.023
11.4750000,2754,-11.697188,-0.271652,599.476,548.884
11.4791667,2755,-11.698327,-0.259423,599.441,548.507
11.4833333,2756,-11.701163,-0.231086,599.353,547.632
11.4875000,2757,-11.705416,-0.235053,599.222,547.755
11.4916667,2758,-11.696028,-0.226247,599.511,547.483
11.4958333,2759,-11.696064,-0.223373,599.510,547.394
11.5000000,2760,-11.658628,-0.166062,600.666,545.625
11.5041667,2761,-11.675546,-0.204535,600.144,546.813
11.5083333,2762,-11.659167,-0.182861,600.649,546.144
11.5125000,2763,-11.678443,-0.137463,600.054,544.743
11.5166667,2764,-11.670739,-0.130290,600.292,544.521
11.5208333,2765,-11.683228,-0.116109,599.907,544.084
11.5250000,2766,-11.666671,-0.121455,600.418,544.249
11.5291667,2767,-11.675539,-0.092176,600.144,543.345
11.5333333,2768,-11.647023,-0.068568,601.024,542.616
11.5375000,2769,-11.664214,-0.049924,600.493,542.041
11.5416667,2770,-11.638963,-0.042366,601.273,541.808
11.5458333,2771,-11.631617,-0.013422,601.499,540.914
11.5500000,2772,-11.627637,0.013503,601.622,540.083
11.5541667,2773,-11.605464,0.037921,602.307,539.330
11.5583333,2774,-11.628807,0.063320,601.586,538.546
11.5625000,2775,-11.611960,0.074275,602.106,538.208
11.5666667,2776,-11.620399,0.084050,601.846,537.906
11.5708333,2777,-11.608076,0.143749,602.226,536.063
11.5750000,2778,-11.604147,0.133721,602.347,536.373
11.5791667,2779,-11.589565,0.151065,602.797,535.838
11.5833333,2780,-11.566251,0.137459,603.517,536.257
11.5875000,2781,-11.562527,0.150977,603.632,535.840
11.5916667,2782,-11.584017,0.181090,602.969,534.911
11.5958333,2783,-11.573370,0.190168,603.297,534.631
11.6000000,2784,-11.537028,0.191655,604.419,534.585
11.6041667,2785,-11.551633,0.220193,603.968,533.704
11.6083333,2786,-11.542427,0.240213,604.252,533.086
11.6125000,2787,-11.561561,0.251720,603.662,532.731
11.6166667,2788,-11.539377,0.253219,604.346,532.685
11.6208333,2789,-11.505199,0.246881,605.401,532.880
11.6250000,2790,-11.535395,0.280469,604.469,531.844
11.6291667,2791,-11.527433,0.276222,604.715,531.975
11.6333333,2792,-11.527637,0.306714,604.709,531.034
11.6375000,2793,-11.515626,0.300133,605.079,531.237
11.6416667,2794,-11.520949,0.341338,604.915,529.965
11.6458333,2795,-11.526812,0.348403,604.734,529.747
11.6500000,2796,-11.490967,0.388608,605.841,528.506
11.6541667,2797,-11.489944,0.378913,605.872,528.805
11.6583333,2798,-11.508924,0.435428,605.286,527.061
11.6625000,2799,-11.479730,0.439826,606.187,526.925
11.6666667,2800,-11.474399,0.452599,606.352,526.531
11.6708333,2801,-11.471726,0.468789,606.434,526.031
11.6750000,2802,-11.465059,0.496205,606.640,525.185
11.6791667,2803,-11.447236,0.533217,607.190,524.043
11.6833333,2804,-11.480115,0.518224,606.175,524.505
11.6875000,2805,-11.480935,0.564801,606.150,523.068
11.6916667,2806,-11.471173,0.583309,606.451,522.497
11.6958333,2807,-11.455061,0.590416,606.949,522.277
11.7000000,2808,-11.449803,0.595239,607.111,522.128
11.7041667,2809,-11.460334,0.626208,606.786,521.173
11.7083333,2810,-11.443193,0.628870,607.315,521.090
11.7125000,2811,-11.468715,0.638027,606.527,520.808
11.7166667,2812,-11.450243,0.654183,607.097,520.309
11.7208333,2813,-11.458746,0.685485,606.835,519.343
11.7250000,2814,-11.467597,0.682104,606.562,519.447
11.7291667,2815,-11.469863,0.695526,606.492,519.033
11.7333333,2816,-11.442422,0.706129,607.339,518.706
11.7375000,2817,-11.452154,0.715604,607.038,518.413
11.7416667,2818,-11.445069,0.714832,607.257,518.437
11.7458333,2819,-11.448525,0.735859,607.150,517.788
11.7500000,2820,-11.422114,0.771500,607.966,516.688
11.7541667,2821,-11.432887,0.762857,607.633,516.955
11.7583333,2822,-11.453595,0.808325,606.994,515.552
11.7625000,2823,-11.424822,0.814801,607.882,515.352
11.7666667,2824,-11.447977,0.834565,607.167,514.742
11.7708333,2825,-11.450113,0.858011,607.101,514.018
11.7750000,2826,-11.436445,0.893976,607.523,512.908
11.7791667,2827,-11.443008,0.906276,607.321,512.529
11.7833333,2828,-11.446782,0.918278,607.204,512.158
11.7875000,2829,-11.463261,0.943640,606.696,511.375
11.7916667,2830,-11.442365,0.955597,607.341,511.006
11.7958333,2831,-11.460191,0.962761,606.790,510.785
11.8000000,2832,-11.478117,0.982354,606.237,510.180
11.8041667,2833,-11.471353,1.013152,606.446,509.230
11.8083333,2834,-11.493790,1.029618,605.753,508.722
11.8125000,2835,-11.467611,1.047644,606.561,508.165
11.8166667,2836,-11.464622,1.078476,606.654,507.214
11.8208333,2837,-11.470178,1.068092,606.482,507.534
11.8250000,2838,-11.473336,1.089771,606.385,506.865
11.8291667,2839,-11.486658,1.107674,605.974,506.313
11.8333333,2840,-11.456630,1.107158,606.900,506.328
11.8375000,2841,-11.451553,1.124592,607.057,505.790
11.8416667,2842,-11.473379,1.142136,606.383,505.249
11.8458333,2843,-11.469829,1.156975,606.493,504.791
11.8500000,2844,-11.469591,1.163345,606.500,504.594
11.8541667,2845,-11.446104,1.192517,607.225,503.694
11.8583333,2846,-11.463787,1.181850,606.679,504.023
11.8625000,2847,-11.480525,1.185323,606.163,503.916
11.8666667,2848,-11.465335,1.237066,606.632,502.319
11.8708333,2849,-11.477403,1.220703,606.259,502.824
11.8750000,2850,-11.493397,1.276894,605.766,501.090
11.8791667,2851,-11.479719,1.276049,606.188,501.116
11.8833333,2852,-11.503681,1.281049,605.448,500.961
11.8875000,2853,-11.470100,1.327630,606.485,499.524
11.8916667,2854,-11.503021,1.325247,605.468,499.597
11.8958333,2855,-11.463912,1.363314,606.676,498.422
11.9000000,2856,-11.497880,1.359551,605.627,498.539
11.9041667,2857,-11.502141,1.422018,605.496,496.611
11.9083333,2858,-11.499127,1.426846,605.589,496.462
11.9125000,2859,-11.525522,1.443379,604.774,495.951
11.9166667,2860,-11.489359,1.469531,605.890,495.144
11.9208333,2861,-11.510980,1.495668,605.223,494.337
11.9250000,2862,-11.514403,1.482864,605.117,494.733
11.9291667,2863,-11.539886,1.517598,604.331,493.661
11.9333333,2864,-11.531509,1.527068,604.589,493.368
11.9375000,2865,-11.519875,1.545506,604.948,492.799
11.9416667,2866,-11.545519,1.562297,604.157,492.281
11.9458333,2867,-11.523128,1.569411,604.848,492.061
11.9500000,2868,-11.546591,1.602026,604.124,491.055
11.9541667,2869,-11.545108,1.609911,604.170,490.811
11.9583333,2870,-11.543109,1.609379,604.231,490.828
11.9625000,2871,-11.540839,1.647121,604.301,489.663
11.9666667,2872,-11.555602,1.632390,603.846,490.118
11.9708333,2873,-11.550473,1.627861,604.004,490.257
11.9750000,2874,-11.537641,1.673974,604.400,488.834
11.9791667,2875,-11.565083,1.677364,603.553,488.729
11.9833333,2876,-11.544196,1.689559,604.198,488.353
11.9875000,2877,-11.585333,1.701015,602.928,488.000
11.9916667,2878,-11.569556,1.735497,603.415,486.935
11.9958333,2879,-11.558983,1.705619,603.741,487.857
12.0000000,2880,-11.585140,1.726793,602.934,487.204
12.0041667,2881,-11.581254,1.771839,603.054,485.814
12.0083333,2882,-11.587148,1.792327,602.872,485.181
12.0125000,2883,-11.581364,1.810446,603.050,484.622
12.0166667,2884,-11.581676,1.818590,603.041,484.371
12.0208333,2885,-11.602448,1.848335,602.400,483.453
12.0250000,2886,-11.626286,1.885018,601.664,482.320
12.0291667,2887,-11.598306,1.883931,602.528,482.354
12.0333333,2888,-11.625432,1.918293,601.690,481.293
12.0375000,2889,-11.634951,1.919220,601.397,481.265
12.0416667,2890,-11.647509,1.953622,601.009,480.203
12.0458333,2891,-11.645851,1.943904,601.060,480.503
12.0500000,2892,-11.658155,1.983711,600.680,479.274
12.0541667,2893,-11.659412,2.004418,600.642,478.635
12.0583333,2894,-11.662083,2.005175,600.559,478.612
12.0625000,2895,-11.650425,2.005247,600.919,478.610
12.0666667,2896,-11.677438,2.026590,600.085,477.951
12.0708333,2897,-11.701163,2.042336,599.353,477.465
12.0750000,2898,-11.694867,2.050106,599.547,477.225
12.0791667,2899,-11.684754,2.048312,599.859,477.281
12.0833333,2900,-11.691083,2.076595,599.664,476.408
12.0875000,2901,-11.690453,2.078423,599.684,476.351
12.0916667,2902,-11.675921,2.096647,600.132,475.789
12.0958333,2903,-11.679528,2.114238,600.021,475.246
12.1000000,2904,-11.704340,2.126151,599.255,474.878
12.1041667,2905,-11.714002,2.125061,598.957,474.912
12.1083333,2906,-11.698919,2.152187,599.422,474.074
12.1125000,2907,-11.723184,2.177046,598.673,473.307
12.1166667,2908,-11.727371,2.199806,598.544,472.605
12.1208333,2909,-11.703741,2.220509,599.273,471.966
12.1250000,2910,-11.752513,2.230837,597.768,471.647
12.1291667,2911,-11.742813,2.210344,598.067,472.279
12.1333333,2912,-11.742964,2.260797,598.063,470.722
12.1375000,2913,-11.756690,2.303192,597.639,469.414
12.1416667,2914,-11.759824,2.308786,597.542,469.241
12.1458333,2915,-11.777689,2.329960,596.991,468.588
12.1500000,2916,-11.766567,2.348694,597.334,468.009
12.1541667,2917,-11.774976,2.363613,597.075,467.549
12.1583333,2918,-11.783827,2.397858,596.802,466.492
12.1625000,2919,-11.783429,2.426620,596.814,465.604
12.1666667,2920,-11.781266,2.426474,596.881,465.609
12.1708333,2921,-11.790696,2.453189,596.590,464.784
12.1750000,2922,-11.796149,2.485815,596.421,463.777
12.1791667,2923,-11.779319,2.480673,596.941,463.936
12.1833333,2924,-11.784405,2.480593,596.784,463.938
12.1875000,2925,-11.795750,2.493064,596.434,463.554
12.1916667,2926,-11.792758,2.495653,596.526,463.474
12.1958333,2927,-11.784784,2.511554,596.772,462.983
12.2000000,2928,-11.808144,2.544693,596.051,461.960
12.2041667,2929,-11.802498,2.573105,596.225,461.083
12.2083333,2930,-11.796907,2.556618,596.398,461.592
12.2125000,2931,-11.818300,2.575780,595.738,461.001
12.2166667,2932,-11.800947,2.572893,596.273,461.090
12.2208333,2933,-11.816187,2.588650,595.803,460.603
12.2250000,2934,-11.797081,2.625905,596.393,459.454
12.2291667,2935,-11.816263,2.621218,595.801,459.598
12.2333333,2936,-11.783986,2.647914,596.797,458.774
12.2375000,2937,-11.809543,2.682083,596.008,457.720
12.2416667,2938,-11.796354,2.709040,596.415,456.888
12.2458333,2939,-11.796866,2.712399,596.399,456.784
12.2500000,2940,-11.777500,2.735734,596.997,456.064
12.2541667,2941,-11.789780,2.752879,596.618,455.535
12.2583333,2942,-11.808741,2.771263,596.033,454.967
12.2625000,2943,-11.814294,2.805830,595.861,453.900
12.2666667,2944,-11.800933,2.826928,596.274,453.249
12.2708333,2945,-11.811803,2.828402,595.938,453.204
12.2750000,2946,-11.788252,2.855782,596.665,452.359
12.2791667,2947,-11.795625,2.877301,596.438,451.694
12.2833333,2948,-11.774485,2.907761,597.090,450.754
12.2875000,2949,-11.799820,2.900488,596.308,450.979
12.2916667,2950,-11.790872,2.932846,596.584,449.980
12.2958333,2951,-11.778004,2.960625,596.981,449.123
12.3000000,2952,-11.787444,2.944784,596.690,449.612
12.3041667,2953,-11.797118,2.970064,596.391,448.831
12.3083333,2954,-11.775548,2.970878,597.057,448.806
12.3125000,2955,-11.805475,3.001375,596.133,447.865
12.3166667,2956,-11.793535,2.994487,596.502,448.078
12.3208333,2957,-11.791967,3.012863,596.550,447.510
12.3250000,2958,-11.785965,3.028345,596.736,447.033
12.3291667,2959,-11.778015,3.024385,596.981,447.155
12.3333333,2960,-11.799343,3.049961,596.323,446.365
12.3375000,2961,-11.804846,3.076382,596.153,445.550
12.3416667,2962,-11.809595,3.069506,596.006,445.762
12.3458333,2963,-11.799931,3.125254,596.305,444.042
12.3500000,2964,-11.813745,3.126634,595.878,443.999
12.3541667,2965,-11.823929,3.136424,595.564,443.697
12.3583333,2966,-11.812591,3.172401,595.914,442.586
12.3625000,2967,-11.819496,3.181815,595.701,442.296
12.3666667,2968,-11.830435,3.205409,595.363,441.568
12.3708333,2969,-11.823672,3.245875,595.572,440.319
12.3750000,2970,-11.841130,3.211036,595.033,441.394
12.3791667,2971,-11.847494,3.253306,594.837,440.089
12.3833333,2972,-11.840257,3.291210,595.060,438.919
12.3875000,2973,-11.859306,3.275541,594.472,439.403
12.3916667,2974,-11.857949,3.329552,594.514,437.736
12.3958333,2975,-11.824368,3.337141,595.550,437.502
12.4000000,2976,-11.845372,3.348877,594.902,437.140
12.4041667,2977,-11.836695,3.385986,595.170,435.994
12.4083333,2978,-11.877090,3.392698,593.923,435.787
12.4125000,2979,-11.863332,3.407724,594.348,435.323
12.4166667,2980,-11.870596,3.403815,594.124,435.444
12.4208333,2981,-11.857815,3.413614,594.518,435.142
12.4250000,2982,-11.862048,3.433717,594.387,434.521
12.4291667,2983,-11.867939,3.479751,594.206,433.100
12.4333333,2984,-11.863766,3.463086,594.334,433.615
12.4375000,2985,-11.870527,3.481290,594.126,433.053
12.4416667,2986,-11.881204,3.494667,593.796,432.640
12.4458333,2987,-11.878891,3.497104,593.868,432.565
12.4500000,2988,-11.876402,3.538556,593.944,431.285
12.4541667,2989,-11.867411,3.525785,594.222,431.679
12.4583333,2990,-11.857525,3.537227,594.527,431.326
12.4625000,2991,-11.869898,3.548237,594.145,430.987
12.4666667,2992,-11.877116,3.586841,593.922,429.795
12.4708333,2993,-11.866839,3.600820,594.240,429.364
12.4750000,2994,-11.897337,3.610740,593.298,429.057
12.4791667,2995,-11.891231,3.650782,593.487,427.822
12.4833333,2996,-11.891178,3.674985,593.488,427.075
12.4875000,2997,-11.904981,3.675632,593.062,427.055
12.4916667,2998,-11.884217,3.693170,593.703,426.513
12.4958333,2999,-11.889114,3.717940,593.552,425.749
