,A,,,,,
t,frame,x,y,pixelx,pixely
0.5000000,120,-5.963778,5.029437,776.433,385.270
0.5041667,121,-5.943702,5.050444,777.052,384.622
0.5083333,122,-5.926341,5.065045,777.588,384.171
0.5125000,123,-5.924913,5.091425,777.632,383.357
0.5166667,124,-5.897754,5.113041,778.471,382.690
0.5208333,125,-5.889740,5.121397,778.718,382.432
0.5250000,126,-5.874217,5.130873,779.197,382.140
0.5291667,127,-5.867741,5.141682,779.397,381.806
0.5333333,128,-5.850505,5.146918,779.929,381.645
0.5375000,129,-5.858589,5.153682,779.679,381.436
0.5416667,130,-5.828575,5.164218,780.606,381.111
0.5458333,131,-5.825449,5.184368,780.702,380.489
0.5500000,132,-5.832240,5.199148,780.493,380.032
0.5541667,133,-5.814674,5.193034,781.035,380.221
0.5583333,134,-5.809176,5.206529,781.204,379.805
0.5625000,135,-5.819218,5.205507,780.895,379.836
0.5666667,136,-5.792307,5.217552,781.725,379.464
0.5708333,137,-5.793285,5.229591,781.695,379.093
0.5750000,138,-5.781237,5.242989,782.067,378.679
0.5791667,139,-5.772869,5.257222,782.325,378.240
0.5833333,140,-5.759718,5.267776,782.731,377.914
0.5875000,141,-5.743424,5.280994,783.234,377.506
0.5916667,142,-5.728824,5.279211,783.684,377.561
0.5958333,143,-5.726402,5.290238,783.759,377.221
0.6000000,144,-5.700192,5.306629,784.568,376.715
0.6041667,145,-5.692082,5.331796,784.818,375.938
0.6083333,146,-5.673673,5.346412,785.387,375.487
0.6125000,147,-5.648480,5.360401,786.164,375.056
0.6166667,148,-5.622104,5.378196,786.978,374.506
0.6208333,149,-5.607570,5.394246,787.427,374.011
0.6250000,150,-5.600950,5.397276,787.631,373.917
0.6291667,151,-5.585919,5.407578,788.095,373.599
0.6333333,152,-5.572274,5.434621,788.516,372.765
0.6375000,153,-5.550824,5.451047,789.178,372.258
0.6416667,154,-5.531554,5.453528,789.773,372.181
0.6458333,155,-5.527282,5.446419,789.905,372.401
0.6500000,156,-5.511253,5.461623,790.400,371.931
0.6541667,157,-5.504122,5.466730,790.620,371.774
0.6583333,158,-5.485080,5.481450,791.207,371.319
0.6625000,159,-5.504394,5.477262,790.611,371.449
0.6666667,160,-5.497128,5.506322,790.836,370.552
0.6708333,161,-5.473516,5.509389,791.564,370.457
0.6750000,162,-5.458121,5.509710,792.039,370.447
0.6791667,163,-5.457477,5.529919,792.059,369.823
0.6833333,164,-5.440875,5.527642,792.572,369.894
0.6875000,165,-5.443122,5.536103,792.502,369.633
0.6916667,166,-5.433078,5.545351,792.812,369.347
0.6958333,167,-5.416868,5.549099,793.313,369.232
0.7000000,168,-5.391888,5.552242,794.084,369.135
0.7041667,169,-5.380368,5.577586,794.439,368.352
0.7083333,170,-5.377988,5.586129,794.513,368.089
0.7125000,171,-5.356335,5.584982,795.181,368.124
0.7166667,172,-5.348043,5.610011,795.437,367.352
0.7208333,173,-5.326637,5.625702,796.098,366.867
0.7250000,174,-5.318785,5.647939,796.340,366.181
0.7291667,175,-5.294141,5.659566,797.101,365.822
0.7333333,176,-5.282753,5.679579,797.452,365.204
0.7375000,177,-5.259923,5.690415,798.157,364.870
0.7416667,178,-5.248618,5.698620,798.506,364.617
0.7458333,179,-5.234436,5.702064,798.943,364.510
0.7500000,180,-5.212344,5.735122,799.625,363.490
0.7541667,181,-5.201835,5.732469,799.950,363.572
0.7583333,182,-5.185935,5.754625,800.440,362.888
0.7625000,183,-5.177323,5.766971,800.706,362.507
0.7666667,184,-5.157662,5.764187,801.313,362.593
0.7708333,185,-5.158814,5.771557,801.277,362.366
0.7750000,186,-5.136538,5.788658,801.965,361.838
0.7791667,187,-5.123059,5.793119,802.381,361.700
0.7833333,188,-5.127289,5.806265,802.250,361.294
0.7875000,189,-5.103173,5.818392,802.995,360.920
0.7916667,190,-5.092801,5.809192,803.315,361.204
0.7958333,191,-5.097207,5.820285,803.179,360.862
0.8000000,192,-5.103424,5.854736,802.987,359.798
0.8041667,193,-5.097397,5.841986,803.173,360.192
0.8083333,194,-5.076458,5.865612,803.819,359.463
0.8125000,195,-5.050263,5.866196,804.628,359.445
0.8166667,196,-5.049311,5.865691,804.657,359.460
0.8208333,197,-5.036133,5.884419,805.064,358.882
0.8250000,198,-5.030933,5.906568,805.224,358.199
0.8291667,199,-5.021309,5.908716,805.521,358.132
0.8333333,200,-4.998193,5.936611,806.235,357.271
0.8375000,201,-4.994685,5.949240,806.343,356.881
0.8416667,202,-4.973043,5.956190,807.011,356.667
0.8458333,203,-4.952150,5.975034,807.656,356.085
0.8500000,204,-4.939461,5.987751,808.047,355.693
0.8541667,205,-4.919341,6.009564,808.668,355.020
0.8583333,206,-4.911077,6.040569,808.924,354.063
0.8625000,207,-4.888300,6.042291,809.627,354.010
0.8666667,208,-4.877042,6.056256,809.974,353.579
0.8708333,209,-4.881075,6.071926,809.850,353.095
0.8750000,210,-4.863390,6.071394,810.395,353.111
0.8791667,211,-4.849334,6.080788,810.829,352.821
0.8833333,212,-4.828207,6.115050,811.481,351.764
0.8875000,213,-4.822017,6.107769,811.672,351.989
0.8916667,214,-4.813532,6.121961,811.934,351.551
0.8958333,215,-4.806144,6.139313,812.162,351.015
0.9000000,216,-4.794750,6.132402,812.514,351.228
0.9041667,217,-4.784741,6.150659,812.823,350.665
0.9083333,218,-4.789077,6.157021,812.689,350.468
0.9125000,219,-4.789562,6.158508,812.674,350.423
0.9166667,220,-4.763684,6.173970,813.473,349.945
0.9208333,221,-4.762333,6.165235,813.514,350.215
0.9250000,222,-4.751100,6.184715,813.861,349.614
0.9291667,223,-4.742433,6.216373,814.129,348.637
0.9333333,224,-4.738335,6.202682,814.255,349.059
0.9375000,225,-4.730003,6.224392,814.512,348.389
0.9416667,226,-4.698142,6.239100,815.496,347.935
0.9458333,227,-4.682954,6.261925,815.964,347.231
0.9500000,228,-4.669837,6.262234,816.369,347.221
0.9541667,229,-4.661880,6.285372,816.615,346.507
0.9583333,230,-4.647828,6.304189,817.049,345.926
0.9625000,231,-4.639918,6.316308,817.293,345.552
0.9666667,232,-4.621292,6.329051,817.868,345.159
0.9708333,233,-4.609628,6.368636,818.228,343.937
0.9750000,234,-4.595890,6.365965,818.652,344.020
0.9791667,235,-4.577457,6.384144,819.220,343.459
0.9833333,236,-4.553710,6.407077,819.953,342.751
0.9875000,237,-4.569824,6.398431,819.456,343.018
0.9916667,238,-4.538379,6.426734,820.427,342.144
0.9958333,239,-4.527207,6.449659,820.771,341.436
1.0000000,240,-4.532122,6.457043,820.620,341.209
1.0041667,241,-4.510518,6.446533,821.286,341.533
1.0083333,242,-4.503519,6.476600,821.503,340.605
1.0125000,243,-4.500179,6.489856,821.606,340.196
1.0166667,244,-4.493200,6.477009,821.821,340.592
1.0208333,245,-4.493480,6.495976,821.812,340.007
1.0250000,246,-4.461761,6.497372,822.791,339.964
1.0291667,247,-4.449556,6.514370,823.168,339.439
1.0333333,248,-4.447856,6.535318,823.220,338.793
1.0375000,249,-4.453725,6.531480,823.039,338.911
1.0416667,250,-4.440080,6.540001,823.461,338.648
1.0458333,251,-4.429883,6.552979,823.775,338.248
1.0500000,252,-4.429073,6.557918,823.800,338.095
1.0541667,253,-4.414057,6.576369,824.264,337.526
1.0583333,254,-4.396896,6.579700,824.793,337.423
1.0625000,255,-4.393447,6.595560,824.900,336.933
1.0666667,256,-4.392550,6.631686,824.927,335.818
1.0708333,257,-4.376262,6.651705,825.430,335.200
1.0750000,258,-4.350351,6.678265,826.230,334.381
1.0791667,259,-4.340546,6.668519,826.533,334.682
1.0833333,260,-4.325475,6.692456,826.998,333.943
1.0875000,261,-4.297243,6.702328,827.869,333.638
1.0916667,262,-4.292303,6.732309,828.021,332.713
1.0958333,263,-4.284321,6.732256,828.268,332.714
1.1000000,264,-4.265542,6.734125,828.847,332.657
1.1041667,265,-4.234904,6.766959,829.793,331.643
1.1083333,266,-4.248467,6.766931,829.374,331.644
1.1125000,267,-4.212853,6.796839,830.474,330.721
1.1166667,268,-4.204673,6.808786,830.726,330.352
1.1208333,269,-4.207603,6.809168,830.636,330.340
1.1250000,270,-4.200153,6.826056,830.866,329.819
1.1291667,271,-4.177733,6.836309,831.558,329.503
1.1333333,272,-4.178909,6.833434,831.521,329.592
1.1375000,273,-4.177481,6.849792,831.565,329.087
1.1416667,274,-4.151812,6.869276,832.358,328.485
1.1458333,275,-4.158298,6.870887,832.157,328.436
1.1500000,276,-4.150902,6.861181,832.386,328.735
1.1541667,277,-4.146438,6.874183,832.524,328.334
1.1583333,278,-4.141270,6.891411,832.683,327.802
1.1625000,279,-4.129895,6.901930,833.034,327.477
1.1666667,280,-4.125424,6.935912,833.172,326.429
1.1708333,281,-4.109480,6.927835,833.664,326.678
1.1750000,282,-4.095447,6.948753,834.097,326.032
1.1791667,283,-4.084774,6.960606,834.427,325.666
1.1833333,284,-4.071907,6.970653,834.824,325.356
1.1875000,285,-4.056331,6.986834,835.305,324.857
1.1916667,286,-4.048947,7.008441,835.533,324.190
1.1958333,287,-4.046243,7.018452,835.616,323.881
1.2000000,288,-4.020133,7.037294,836.422,323.300
1.2041667,289,-4.027548,7.052370,836.193,322.834
1.2083333,290,-4.007587,7.078501,836.809,322.028
1.2125000,291,-3.987540,7.103778,837.428,321.248
1.2166667,292,-3.991618,7.122244,837.302,320.678
1.2208333,293,-3.955266,7.134092,838.424,320.312
1.2250000,294,-3.964504,7.149756,838.139,319.829
1.2291667,295,-3.958169,7.164879,838.334,319.362
1.2333333,296,-3.942809,7.182136,838.808,318.829
1.2375000,297,-3.934045,7.203325,839.079,318.175
1.2416667,298,-3.920222,7.187219,839.505,318.672
1.2458333,299,-3.913934,7.208606,839.700,318.012
1.2500000,300,-3.897451,7.213275,840.208,317.868
1.2541667,301,-3.900132,7.219062,840.126,317.689
1.2583333,302,-3.890936,7.248195,840.409,316.790
1.2625000,303,-3.893303,7.245925,840.336,316.860
1.2666667,304,-3.874249,7.258620,840.924,316.469
1.2708333,305,-3.876902,7.273215,840.843,316.018
1.2750000,306,-3.878351,7.278992,840.798,315.840
1.2791667,307,-3.843770,7.272224,841.865,316.049
1.2833333,308,-3.852710,7.299649,841.589,315.202
1.2875000,309,-3.841881,7.312763,841.923,314.797
1.2916667,310,-3.829234,7.331603,842.314,314.216
1.2958333,311,-3.805933,7.336117,843.033,314.077
1.3000000,312,-3.810291,7.348263,842.898,313.702
1.3041667,313,-3.787322,7.370170,843.607,313.026
1.3083333,314,-3.764774,7.392475,844.303,312.337
1.3125000,315,-3.739593,7.400506,845.080,312.089
1.3166667,316,-3.742826,7.408835,844.981,311.832
1.3208333,317,-3.724643,7.421714,845.542,311.435
1.3250000,318,-3.717886,7.458008,845.750,310.315
1.3291667,319,-3.680696,7.463884,846.898,310.133
1.3333333,320,-3.683177,7.476123,846.822,309.755
1.3375000,321,-3.669644,7.488422,847.239,309.376
1.3416667,322,-3.656116,7.501327,847.657,308.978
1.3458333,323,-3.653433,7.532647,847.740,308.011
1.3500000,324,-3.635930,7.548585,848.280,307.519
1.3541667,325,-3.636677,7.548058,848.257,307.535
1.3583333,326,-3.606021,7.549370,849.203,307.495
1.3625000,327,-3.611130,7.562649,849.045,307.085
1.3666667,328,-3.603770,7.571660,849.273,306.807
1.3708333,329,-3.585995,7.577926,849.821,306.613
1.3750000,330,-3.598004,7.590502,849.450,306.225
1.3791667,331,-3.570267,7.584627,850.307,306.407
1.3833333,332,-3.561831,7.612819,850.567,305.536
1.3875000,333,-3.572418,7.604016,850.240,305.808
1.3916667,334,-3.553468,7.625049,850.825,305.159
1.3958333,335,-3.552510,7.649224,850.855,304.413
1.4000000,336,-3.536123,7.660162,851.360,304.075
1.4041667,337,-3.533511,7.670153,851.441,303.767
1.4083333,338,-3.531053,7.677353,851.517,303.545
1.4125000,339,-3.507635,7.702522,852.240,302.768
1.4166667,340,-3.502759,7.713285,852.390,302.436
1.4208333,341,-3.486049,7.725157,852.906,302.069
1.4250000,342,-3.465083,7.724577,853.553,302.087
1.4291667,343,-3.448882,7.760695,854.053,300.972
1.4333333,344,-3.438285,7.749869,854.380,301.307
1.4375000,345,-3.438950,7.792102,854.360,300.003
1.4416667,346,-3.405652,7.813900,855.387,299.330
1.4458333,347,-3.397404,7.804297,855.642,299.627
1.4500000,348,-3.371321,7.837384,856.447,298.605
1.4541667,349,-3.368095,7.847506,856.546,298.293
1.4583333,350,-3.342705,7.860873,857.330,297.880
1.4625000,351,-3.338108,7.878160,857.472,297.347
1.4666667,352,-3.331420,7.874211,857.678,297.469
1.4708333,353,-3.318449,7.892367,858.079,296.908
1.4750000,354,-3.324709,7.908344,857.886,296.415
1.4791667,355,-3.296974,7.917823,858.742,296.123
1.4833333,356,-3.292221,7.911930,858.888,296.305
1.4875000,357,-3.293827,7.938355,858.839,295.489
1.4916667,358,-3.274197,7.950824,859.445,295.104
1.4958333,359,-3.267281,7.953996,859.658,295.006
1.5000000,360,-3.258665,7.952318,859.924,295.058
1.5041667,361,-3.253718,7.962383,860.077,294.747
1.5083333,362,-3.237510,7.970121,860.577,294.509
1.5125000,363,-3.227694,7.975223,860.880,294.351
1.5166667,364,-3.223279,7.980327,861.016,294.194
1.5208333,365,-3.214613,8.008462,861.284,293.325
1.5250000,366,-3.206737,8.018733,861.527,293.008
1.5291667,367,-3.195618,8.026498,861.870,292.769
1.5333333,368,-3.173718,8.053639,862.546,291.931
1.5375000,369,-3.170312,8.051536,862.651,291.996
1.5416667,370,-3.164299,8.072000,862.836,291.364
1.5458333,371,-3.137382,8.093231,863.667,290.709
1.5500000,372,-3.116300,8.127211,864.318,289.660
1.5541667,373,-3.114496,8.121503,864.374,289.836
1.5583333,374,-3.093284,8.153736,865.028,288.841
1.5625000,375,-3.083551,8.173227,865.329,288.240
1.5666667,376,-3.082667,8.180815,865.356,288.006
1.5708333,377,-3.060645,8.192458,866.036,287.646
1.5750000,378,-3.053621,8.211190,866.252,287.068
1.5791667,379,-3.037003,8.233127,866.765,286.391
1.5833333,380,-3.055209,8.221799,866.203,286.741
1.5875000,381,-3.017807,8.269293,867.358,285.275
1.5916667,382,-3.010092,8.268853,867.596,285.288
1.5958333,383,-3.015991,8.287116,867.414,284.725
1.6000000,384,-2.992837,8.282756,868.128,284.859
1.6041667,385,-2.995737,8.308868,868.039,284.053
1.6083333,386,-2.986982,8.300362,868.309,284.316
1.6125000,387,-2.975173,8.307654,868.674,284.091
1.6166667,388,-2.964761,8.326347,868.995,283.514
1.6208333,389,-2.967630,8.351066,868.906,282.751
1.6250000,390,-2.955759,8.353916,869.273,282.663
1.6291667,391,-2.948980,8.357556,869.482,282.551
1.6333333,392,-2.949607,8.355419,869.463,282.617
1.6375000,393,-2.921788,8.385156,870.321,281.699
1.6416667,394,-2.919193,8.391332,870.401,281.508
1.6458333,395,-2.913735,8.391519,870.570,281.503
1.6500000,396,-2.895353,8.407103,871.137,281.022
1.6541667,397,-2.887948,8.438227,871.366,280.061
1.6583333,398,-2.884919,8.453356,871.459,279.594
1.6625000,399,-2.860773,8.472903,872.205,278.991
1.6666667,400,-2.855898,8.488866,872.355,278.498
1.6708333,401,-2.839236,8.509409,872.869,277.864
1.6750000,402,-2.823878,8.516017,873.343,277.660
1.6791667,403,-2.810482,8.544593,873.757,276.778
1.6833333,404,-2.790784,8.565093,874.365,276.145
1.6875000,405,-2.793450,8.588062,874.282,275.436
1.6916667,406,-2.785541,8.599347,874.527,275.088
1.6958333,407,-2.779672,8.612354,874.708,274.687
1.7000000,408,-2.769323,8.624097,875.027,274.324
1.7041667,409,-2.749920,8.641013,875.626,273.802
1.7083333,410,-2.743578,8.643772,875.822,273.717
1.7125000,411,-2.746025,8.660378,875.746,273.204
1.7166667,412,-2.736670,8.668502,876.035,272.954
1.7208333,413,-2.728175,8.677434,876.297,272.678
1.7250000,414,-2.705869,8.695285,876.986,272.127
1.7291667,415,-2.718928,8.692881,876.582,272.201
1.7333333,416,-2.701455,8.714718,877.122,271.527
1.7375000,417,-2.710256,8.712212,876.850,271.605
1.7416667,418,-2.691667,8.716324,877.424,271.478
1.7458333,419,-2.670564,8.737713,878.075,270.818
1.7500000,420,-2.682780,8.756754,877.698,270.230
1.7541667,421,-2.656189,8.770346,878.519,269.810
1.7583333,422,-2.672220,8.765039,878.024,269.974
1.7625000,423,-2.646154,8.782909,878.829,269.423
1.7666667,424,-2.644650,8.795717,878.875,269.027
1.7708333,425,-2.624443,8.818937,879.499,268.311
1.7750000,426,-2.613227,8.850828,879.845,267.326
1.7791667,427,-2.590107,8.839226,880.558,267.684
1.7833333,428,-2.580280,8.861155,880.862,267.008
1.7875000,429,-2.567484,8.898149,881.257,265.866
1.7916667,430,-2.560085,8.884618,881.485,266.283
1.7958333,431,-2.539513,8.938033,882.120,264.635
1.8000000,432,-2.536180,8.928279,882.223,264.936
1.8041667,433,-2.523525,8.947323,882.613,264.348
1.8083333,434,-2.513263,8.978849,882.930,263.375
1.8125000,435,-2.492580,8.989821,883.569,263.036
1.8166667,436,-2.468564,8.995257,884.310,262.869
1.8208333,437,-2.477660,8.990135,884.029,263.027
1.8250000,438,-2.453155,9.022965,884.785,262.013
1.8291667,439,-2.468896,9.031855,884.299,261.739
1.8333333,440,-2.458131,9.039673,884.632,261.498
1.8375000,441,-2.442078,9.052358,885.127,261.106
1.8416667,442,-2.435202,9.051425,885.339,261.135
1.8458333,443,-2.428779,9.067963,885.538,260.625
1.8500000,444,-2.416193,9.077656,885.926,260.325
1.8541667,445,-2.423339,9.086582,885.706,260.050
1.8583333,446,-2.406061,9.102196,886.239,259.568
1.8625000,447,-2.405451,9.113518,886.258,259.219
1.8666667,448,-2.422492,9.114923,885.732,259.175
1.8708333,449,-2.400382,9.138355,886.414,258.452
1.8750000,450,-2.389458,9.146220,886.751,258.209
1.8791667,451,-2.376409,9.153786,887.154,257.976
1.8833333,452,-2.364360,9.182707,887.526,257.083
1.8875000,453,-2.361083,9.207685,887.627,256.312
1.8916667,454,-2.338294,9.212472,888.330,256.164
1.8958333,455,-2.346942,9.237999,888.064,255.377
1.9000000,456,-2.330068,9.249001,888.584,255.037
1.9041667,457,-2.312263,9.265333,889.134,254.533
1.9083333,458,-2.318560,9.293705,888.940,253.657
1.9125000,459,-2.290400,9.295607,889.809,253.599
1.9166667,460,-2.283223,9.334774,890.030,252.390
1.9208333,461,-2.282393,9.351976,890.056,251.859
1.9250000,462,-2.271283,9.372505,890.399,251.225
1.9291667,463,-2.262674,9.393373,890.664,250.581
1.9333333,464,-2.252302,9.402154,890.985,250.310
1.9375000,465,-2.233202,9.435981,891.574,249.266
1.9416667,466,-2.231553,9.418658,891.625,249.801
1.9458333,467,-2.239644,9.449995,891.375,248.833
1.9500000,468,-2.234455,9.444417,891.535,249.006
1.9541667,469,-2.211618,9.459822,892.240,248.530
1.9583333,470,-2.231982,9.479158,891.612,247.933
1.9625000,471,-2.217860,9.491915,892.048,247.540
1.9666667,472,-2.203846,9.490817,892.480,247.574
1.9708333,473,-2.193351,9.508476,892.804,247.029
1.9750000,474,-2.177049,9.496610,893.307,247.395
1.9791667,475,-2.181648,9.527922,893.165,246.428
1.9833333,476,-2.150304,9.523155,894.133,246.575
1.9875000,477,-2.170487,9.544804,893.510,245.907
1.9916667,478,-2.156666,9.560347,893.936,245.428
1.9958333,479,-2.146542,9.572750,894.249,245.045
2.0000000,480,-2.147229,9.598158,894.227,244.261
2.0041667,481,-2.130274,9.616227,894.751,243.703
2.0083333,482,-2.124297,9.638647,894.935,243.011
2.0125000,483,-2.117498,9.654592,895.145,242.519
2.0166667,484,-2.113666,9.667065,895.263,242.134
2.0208333,485,-2.100683,9.670017,895.664,242.043
2.0250000,486,-2.080284,9.706578,896.294,240.914
2.0291667,487,-2.076135,9.720672,896.422,240.479
2.0333333,488,-2.062615,9.730164,896.839,240.186
2.0375000,489,-2.052856,9.780004,897.140,238.648
2.0416667,490,-2.044370,9.780646,897.402,238.628
2.0458333,491,-2.037637,9.784749,897.610,238.502
2.0500000,492,-2.024853,9.798438,898.005,238.079
2.0541667,493,-2.015649,9.818778,898.289,237.451
2.0583333,494,-2.004418,9.836273,898.635,236.911
2.0625000,495,-2.004636,9.853163,898.629,236.390
2.0666667,496,-2.007116,9.855635,898.552,236.314
2.0708333,497,-2.002972,9.876309,898.680,235.676
2.0750000,498,-1.987536,9.887545,899.156,235.329
2.0791667,499,-2.000370,9.913438,898.760,234.530
2.0833333,500,-1.987755,9.906408,899.150,234.747
2.0875000,501,-1.970250,9.911426,899.690,234.592
2.0916667,502,-1.975991,9.931193,899.513,233.982
2.0958333,503,-1.973439,9.942184,899.591,233.642
2.1000000,504,-1.953181,9.949476,900.217,233.417
2.1041667,505,-1.977924,9.965064,899.453,232.936
2.1083333,506,-1.949800,9.978686,900.321,232.516
2.1125000,507,-1.945104,9.994401,900.466,232.031
2.1166667,508,-1.938317,10.031554,900.675,230.884
2.1208333,509,-1.918526,10.019628,901.286,231.252
2.1250000,510,-1.903463,10.042972,901.751,230.532
2.1291667,511,-1.896737,10.047665,901.959,230.387
2.1333333,512,-1.890681,10.081468,902.146,229.344
2.1375000,513,-1.882860,10.112321,902.387,228.391
2.1416667,514,-1.876895,10.135578,902.571,227.674
2.1458333,515,-1.865720,10.143107,902.916,227.441
2.1500000,516,-1.870207,10.155935,902.778,227.045
2.1541667,517,-1.852723,10.178495,903.317,226.349
2.1583333,518,-1.835569,10.202386,903.847,225.612
2.1625000,519,-1.833160,10.224504,903.921,224.929
2.1666667,520,-1.817711,10.231281,904.398,224.720
2.1708333,521,-1.829704,10.242934,904.028,224.360
2.1750000,522,-1.814908,10.259326,904.484,223.854
2.1791667,523,-1.811853,10.254294,904.579,224.009
2.1833333,524,-1.789532,10.273681,905.268,223.411
2.1875000,525,-1.794569,10.303950,905.112,222.477
2.1916667,526,-1.789910,10.319301,905.256,222.003
2.1958333,527,-1.792367,10.328962,905.180,221.705
2.2000000,528,-1.781988,10.334993,905.500,221.519
2.2041667,529,-1.782075,10.332744,905.498,221.588
2.2083333,530,-1.774770,10.342808,905.723,221.278
2.2125000,531,-1.749107,10.356427,906.515,220.857
2.2166667,532,-1.771214,10.368496,905.833,220.485
2.2208333,533,-1.758881,10.381706,906.214,220.077
2.2250000,534,-1.758111,10.399068,906.237,219.541
2.2291667,535,-1.735016,10.409106,906.950,219.231
2.2333333,536,-1.747568,10.433763,906.563,218.470
2.2375000,537,-1.739247,10.442110,906.820,218.213
2.2416667,538,-1.721034,10.470289,907.382,217.343
2.2458333,539,-1.701885,10.471865,907.973,217.294
2.2500000,540,-1.703769,10.519487,907.915,215.824
2.2541667,541,-1.700625,10.523342,908.012,215.705
2.2583333,542,-1.705519,10.552189,907.861,214.815
2.2625000,543,-1.703400,10.565970,907.926,214.390
2.2666667,544,-1.665403,10.589848,909.099,213.653
2.2708333,545,-1.654180,10.603982,909.445,213.217
2.2750000,546,-1.634656,10.618849,910.048,212.758
2.2791667,547,-1.632275,10.642649,910.121,212.023
2.2833333,548,-1.630547,10.666909,910.174,211.274
2.2875000,549,-1.610398,10.670895,910.796,211.151
2.2916667,550,-1.600449,10.686822,911.103,210.660
2.2958333,551,-1.612758,10.687701,910.724,210.633
2.3000000,552,-1.593936,10.714950,911.304,209.792
2.3041667,553,-1.585868,10.731840,911.553,209.270
2.3083333,554,-1.595808,10.734174,911.247,209.198
2.3125000,555,-1.580447,10.753269,911.721,208.609
2.3166667,556,-1.580293,10.761130,911.726,208.366
2.3208333,557,-1.565413,10.763836,912.185,208.283
2.3250000,558,-1.560259,10.769965,912.344,208.094
2.3291667,559,-1.579745,10.778674,911.742,207.825
2.3333333,560,-1.558721,10.787617,912.391,207.549
2.3375000,561,-1.539093,10.803587,912.997,207.056
2.3416667,562,-1.537717,10.821136,913.040,206.514
2.3458333,563,-1.541803,10.827954,912.913,206.304
2.3500000,564,-1.529451,10.861900,913.295,205.256
2.3541667,565,-1.526590,10.862751,913.383,205.230
2.3583333,566,-1.506806,10.883717,913.994,204.583
2.3625000,567,-1.509392,10.896160,913.914,204.199
2.3666667,568,-1.478731,10.907927,914.860,203.836
2.3708333,569,-1.471290,10.939090,915.090,202.874
2.3750000,570,-1.453470,10.955738,915.640,202.360
2.3791667,571,-1.447788,10.977405,915.815,201.691
2.3833333,572,-1.439278,11.005176,916.078,200.834
2.3875000,573,-1.431558,11.006333,916.316,200.798
2.3916667,574,-1.425217,11.037054,916.512,199.850
2.3958333,575,-1.436569,11.065797,916.161,198.963
2.4000000,576,-1.408220,11.077722,917.036,198.595
2.4041667,577,-1.410101,11.089458,916.978,198.233
2.4083333,578,-1.415097,11.106995,916.824,197.692
2.4125000,579,-1.376256,11.106948,918.023,197.693
2.4166667,580,-1.383391,11.115846,917.803,197.418
2.4208333,581,-1.390934,11.145236,917.570,196.511
2.4250000,582,-1.370344,11.146505,918.205,196.472
2.4291667,583,-1.363889,11.158938,918.405,196.088
2.4333333,584,-1.360140,11.161486,918.520,196.010
2.4375000,585,-1.345366,11.179881,918.976,195.442
2.4416667,586,-1.361367,11.170761,918.482,195.723
2.4458333,587,-1.340117,11.186345,919.138,195.242
2.4500000,588,-1.350261,11.203972,918.825,194.698
2.4541667,589,-1.332650,11.203427,919.369,194.715
2.4583333,590,-1.324668,11.232495,919.615,193.818
2.4625000,591,-1.328216,11.240101,919.506,193.583
2.4666667,592,-1.298174,11.257881,920.433,193.035
2.4708333,593,-1.325638,11.279566,919.585,192.365
2.4750000,594,-1.315809,11.302170,919.889,191.668
2.4791667,595,-1.299248,11.311136,920.400,191.391
2.4833333,596,-1.293017,11.332493,920.592,190.732
2.4875000,597,-1.268502,11.364622,921.349,189.740
2.4916667,598,-1.273374,11.363032,921.198,189.789
2.4958333,599,-1.248572,11.388980,921.964,188.988
2.5000000,600,-1.254272,11.429588,921.788,187.735
2.5041667,601,-1.234205,11.428795,922.407,187.759
2.5083333,602,-1.223844,11.451906,922.727,187.046
2.5125000,603,-1.219896,11.461924,922.849,186.737
2.5166667,604,-1.205959,11.488723,923.279,185.910
2.5208333,605,-1.200447,11.500685,923.449,185.541
2.5250000,606,-1.178233,11.524262,924.135,184.813
2.5291667,607,-1.169107,11.521748,924.416,184.890
2.5333333,608,-1.183996,11.558802,923.957,183.747
2.5375000,609,-1.171109,11.556312,924.355,183.824
2.5416667,610,-1.159733,11.568489,924.706,183.448
2.5458333,611,-1.158913,11.589759,924.731,182.791
2.5500000,612,-1.142779,11.590013,925.229,182.784
2.5541667,613,-1.132289,11.618669,925.553,181.899
2.5583333,614,-1.163615,11.599313,924.586,182.497
2.5625000,615,-1.146523,11.615957,925.113,181.983
2.5666667,616,-1.126381,11.631047,925.735,181.517
2.5708333,617,-1.126959,11.650840,925.717,180.906
2.5750000,618,-1.130392,11.646214,925.611,181.049
2.5791667,619,-1.119178,11.670232,925.957,180.308
2.5833333,620,-1.107296,11.687436,926.324,179.777
2.5875000,621,-1.085346,11.705214,927.002,179.228
2.5916667,622,-1.096430,11.713927,926.660,178.959
2.5958333,623,-1.077466,11.729808,927.245,178.469
2.6000000,624,-1.056650,11.750698,927.887,177.824
2.6041667,625,-1.049134,11.762409,928.119,177.463
2.6083333,626,-1.048591,11.801939,928.136,176.243
2.6125000,627,-1.039572,11.796851,928.414,176.400
2.6166667,628,-1.041693,11.827870,928.349,175.442
2.6208333,629,-1.031443,11.847682,928.665,174.831
2.6250000,630,-1.014768,11.856787,929.180,174.550
2.6291667,631,-0.991606,11.860566,929.895,174.433
2.6333333,632,-0.983071,11.896644,930.158,173.320
2.6375000,633,-0.971057,11.916748,930.529,172.699
2.6416667,634,-0.966528,11.924456,930.669,172.461
2.6458333,635,-0.960347,11.949466,930.860,171.689
2.6500000,636,-0.958847,11.954227,930.906,171.542
2.6541667,637,-0.960267,11.960875,930.862,171.337
2.6583333,638,-0.938109,11.980777,931.546,170.723
2.6625000,639,-0.945038,12.000923,931.332,170.101
2.6666667,640,-0.951565,12.003764,931.131,170.013
2.6708333,641,-0.928953,12.002646,931.829,170.048
2.6750000,642,-0.927522,12.026058,931.873,169.325
2.6791667,643,-0.903727,12.031678,932.607,169.152
2.6833333,644,-0.919232,12.045889,932.129,168.713
2.6875000,645,-0.907935,12.049199,932.477,168.611
2.6916667,646,-0.912910,12.061851,932.324,168.221
2.6958333,647,-0.891174,12.075631,932.995,167.795
2.7000000,648,-0.887657,12.094246,933.103,167.221
2.7041667,649,-0.888350,12.107072,933.082,166.825
2.7083333,650,-0.871614,12.124037,933.598,166.301
2.7125000,651,-0.874526,12.134917,933.508,165.966
2.7166667,652,-0.848835,12.167185,934.301,164.970
2.7208333,653,-0.845682,12.182189,934.399,164.507
2.7250000,654,-0.827929,12.206803,934.947,163.747
2.7291667,655,-0.827669,12.212551,934.955,163.569
2.7333333,656,-0.816288,12.247255,935.306,162.498
2.7375000,657,-0.801839,12.249113,935.752,162.441
2.7416667,658,-0.784042,12.279202,936.301,161.512
2.7458333,659,-0.778984,12.279531,936.457,161.502
2.7500000,660,-0.789316,12.306975,936.138,160.655
2.7541667,661,-0.755556,12.319526,937.180,160.268
2.7583333,662,-0.752458,12.332443,937.276,159.869
2.7625000,663,-0.738219,12.351789,937.715,159.272
2.7666667,664,-0.727085,12.368069,938.059,158.769
2.7708333,665,-0.723485,12.373697,938.170,158.596
2.7750000,666,-0.730293,12.391172,937.960,158.056
2.7791667,667,-0.721787,12.402120,938.223,157.719
2.7833333,668,-0.709694,12.404610,938.596,157.642
2.7875000,669,-0.700779,12.415208,938.871,157.315
2.7916667,670,-0.710030,12.436740,938.586,156.650
2.7958333,671,-0.704326,12.445388,938.762,156.383
2.8000000,672,-0.702394,12.451590,938.821,156.192
2.8041667,673,-0.685362,12.464456,939.347,155.795
2.8083333,674,-0.688151,12.474306,939.261,155.491
2.8125000,675,-0.657529,12.480973,940.206,155.285
2.8166667,676,-0.663145,12.487503,940.033,155.083
2.8208333,677,-0.653399,12.520200,940.333,154.074
2.8250000,678,-0.650754,12.546785,940.415,153.254
2.8291667,679,-0.651662,12.559856,940.387,152.850
2.8333333,680,-0.656846,12.583959,940.227,152.106
2.8375000,681,-0.614573,12.590282,941.532,151.911
2.8416667,682,-0.613441,12.607431,941.567,151.382
2.8458333,683,-0.619395,12.613351,941.383,151.199
2.8500000,684,-0.569058,12.638258,942.936,150.430
2.8541667,685,-0.573476,12.674194,942.800,149.321
2.8583333,686,-0.554751,12.686559,943.378,148.940
2.8625000,687,-0.558069,12.701455,943.276,148.480
2.8666667,688,-0.559130,12.710836,943.243,148.190
2.8708333,689,-0.541523,12.730588,943.786,147.581
2.8750000,690,-0.520309,12.749144,944.441,147.008
2.8791667,691,-0.535448,12.751997,943.974,146.920
2.8833333,692,-0.515622,12.779867,944.586,146.060
2.8875000,693,-0.495123,12.798375,945.218,145.488
2.8916667,694,-0.488870,12.802823,945.411,145.351
2.8958333,695,-0.490427,12.806169,945.363,145.248
2.9000000,696,-0.505520,12.833669,944.898,144.399
2.9041667,697,-0.481147,12.842258,945.650,144.134
2.9083333,698,-0.462760,12.806252,946.217,145.245
2.9125000,699,-0.460778,12.839111,946.278,144.231
2.9166667,700,-0.464526,12.855847,946.163,143.715
2.9208333,701,-0.451241,12.881521,946.573,142.922
2.9250000,702,-0.443575,12.884181,946.809,142.840
2.9291667,703,-0.444349,12.898115,946.786,142.410
2.9333333,704,-0.439274,12.905481,946.942,142.183
2.9375000,705,-0.430005,12.906249,947.228,142.159
2.9416667,706,-0.420840,12.945127,947.511,140.959
2.9458333,707,-0.403710,12.955899,948.040,140.627
2.9500000,708,-0.391628,12.965654,948.413,140.325
2.9541667,709,-0.374301,12.991354,948.947,139.532
2.9583333,710,-0.359290,13.003840,949.411,139.147
2.9625000,711,-0.350297,13.002695,949.688,139.182
2.9666667,712,-0.354182,13.035704,949.568,138.163
2.9708333,713,-0.320729,13.055020,950.601,137.567
2.9750000,714,-0.319877,13.062356,950.627,137.341
2.9791667,715,-0.287199,13.085023,951.636,136.641
2.9833333,716,-0.292132,13.101265,951.484,136.140
2.9875000,717,-0.260880,13.122655,952.448,135.480
2.9916667,718,-0.264335,13.136424,952.342,135.055
2.9958333,719,-0.247321,13.151586,952.867,134.587
3.0000000,720,-0.250454,13.162430,952.770,134.252
3.0041667,721,-0.240340,13.172168,953.082,133.952
3.0083333,722,-0.240601,13.175986,953.074,133.834
3.0125000,723,-0.234056,13.204281,953.276,132.960
3.0166667,724,-0.228432,13.197119,953.450,133.182
3.0208333,725,-0.213209,13.223472,953.919,132.368
3.0250000,726,-0.222663,13.228477,953.628,132.214
3.0291667,727,-0.200394,13.212769,954.315,132.698
3.0333333,728,-0.204969,13.247420,954.174,131.629
3.0375000,729,-0.192333,13.257501,954.564,131.318
3.0416667,730,-0.199770,13.275141,954.334,130.773
3.0458333,731,-0.185118,13.277579,954.786,130.698
3.0500000,732,-0.193288,13.297591,954.534,130.081
3.0541667,733,-0.179190,13.309613,954.969,129.709
3.0583333,734,-0.169665,13.336875,955.263,128.868
3.0625000,735,-0.168412,13.356558,955.302,128.261
3.0666667,736,-0.151979,13.370863,955.809,127.819
3.0708333,737,-0.139745,13.386221,956.187,127.345
3.0750000,738,-0.130552,13.403735,956.471,126.804
3.0791667,739,-0.137848,13.414189,956.245,126.482
3.0833333,740,-0.113679,13.450163,956.991,125.372
3.0875000,741,-0.102180,13.464839,957.346,124.919
3.0916667,742,-0.096581,13.480016,957.519,124.450
3.0958333,743,-0.087371,13.503336,957.803,123.730
3.1000000,744,-0.055434,13.511247,958.789,123.486
3.1041667,745,-0.054597,13.545197,958.815,122.438
3.1083333,746,-0.044691,13.553650,959.121,122.177
3.1125000,747,-0.035274,13.575533,959.411,121.502
3.1166667,748,-0.045238,13.565153,959.104,121.822
3.1208333,749,-0.032517,13.589270,959.496,121.078
3.1250000,750,-0.038154,13.598958,959.322,120.779
3.1291667,751,-0.016497,13.621202,959.991,120.093
3.1333333,752,-0.027925,13.619620,959.638,120.141
3.1375000,753,-0.013137,13.638701,960.095,119.552
3.1416667,754,0.003912,13.657887,960.621,118.960
3.1458333,755,0.007558,13.647575,960.733,119.279
3.1500000,756,0.000823,13.664205,960.525,118.765
3.1541667,757,0.007046,13.691534,960.717,117.922
3.1583333,758,0.031052,13.682891,961.458,118.189
3.1625000,759,0.031163,13.698321,961.462,117.712
3.1666667,760,0.030646,13.702302,961.446,117.589
3.1708333,761,0.042100,13.719140,961.799,117.070
3.1750000,762,0.048742,13.758722,962.004,115.848
3.1791667,763,0.047532,13.764471,961.967,115.671
3.1833333,764,0.059272,13.770266,962.329,115.492
3.1875000,765,0.055940,13.792219,962.227,114.814
3.1916667,766,0.086723,13.808024,963.177,114.326
3.1958333,767,0.097808,13.827911,963.519,113.713
3.2000000,768,0.117343,13.839700,964.122,113.349
3.2041667,769,0.127235,13.860583,964.427,112.704
3.2083333,770,0.123974,13.898818,964.326,111.524
3.2125000,771,0.149363,13.918645,965.110,110.912
3.2166667,772,0.139112,13.919728,964.794,110.879
3.2208333,773,0.161940,13.956979,965.498,109.729
3.2250000,774,0.160648,13.971828,965.458,109.271
3.2291667,775,0.169239,13.974118,965.723,109.200
3.2333333,776,0.171966,13.991129,965.808,108.675
3.2375000,777,0.188970,13.994550,966.332,108.569
3.2416667,778,0.214717,14.017092,967.127,107.874
3.2458333,779,0.204308,14.024542,966.806,107.644
3.2500000,780,0.213243,14.035257,967.082,107.313
3.2541667,781,0.212062,14.056497,967.045,106.657
3.2583333,782,0.224049,14.057796,967.415,106.617
3.2625000,783,0.230986,14.060533,967.629,106.533
3.2666667,784,0.235740,14.074290,967.776,106.108
3.2708333,785,0.249051,14.093476,968.187,105.516
3.2750000,786,0.244480,14.084563,968.046,105.791
3.2791667,787,0.255193,14.103460,968.376,105.208
3.2833333,788,0.272085,14.112518,968.898,104.928
3.2875000,789,0.272508,14.135442,968.911,104.221
3.2916667,790,0.270539,14.159475,968.850,103.479
3.2958333,791,0.297087,14.163860,969.669,103.344
3.3000000,792,0.302792,14.180215,969.845,102.839
3.3041667,793,0.303157,14.197267,969.857,102.313
3.3083333,794,0.316580,14.220924,970.271,101.583
3.3125000,795,0.332462,14.232003,970.761,101.241
3.3166667,796,0.354791,14.247890,971.450,100.750
3.3208333,797,0.363638,14.265086,971.723,100.220
3.3250000,798,0.381480,14.276355,972.274,99.872
3.3291667,799,0.404576,14.314774,972.987,98.686
3.3333333,800,0.410878,14.316988,973.181,98.618
3.3375000,801,0.409313,14.334043,973.133,98.091
3.3416667,802,0.412534,14.357743,973.233,97.360
3.3458333,803,0.437739,14.374231,974.010,96.851
3.3500000,804,0.429778,14.386014,973.765,96.487
3.3541667,805,0.437602,14.396882,974.006,96.152
3.3583333,806,0.450591,14.401097,974.407,96.022
3.3625000,807,0.461119,14.428753,974.732,95.168
3.3666667,808,0.463400,14.429134,974.802,95.156
3.3708333,809,0.473360,14.434629,975.110,94.987
3.3750000,810,0.455516,14.447710,974.559,94.583
3.3791667,811,0.479803,14.458543,975.309,94.249
3.3833333,812,0.488842,14.476372,975.588,93.698
3.3875000,813,0.500123,14.488337,975.936,93.329
3.3916667,814,0.502970,14.483667,976.024,93.473
3.3958333,815,0.504829,14.478743,976.081,93.625
3.4000000,816,0.533925,14.510953,976.979,92.631
3.4041667,817,0.528248,14.516321,976.804,92.465
3.4083333,818,0.531629,14.540170,976.908,91.729
3.4125000,819,0.537193,14.568901,977.080,90.843
3.4166667,820,0.545830,14.582675,977.347,90.417
3.4208333,821,0.542786,14.580228,977.253,90.493
3.4250000,822,0.550608,14.603397,977.494,89.778
3.4291667,823,0.570314,14.629219,978.102,88.981
3.4333333,824,0.565186,14.646024,977.944,88.462
3.4375000,825,0.593209,14.664560,978.809,87.890
3.4416667,826,0.595279,14.684515,978.873,87.274
3.4458333,827,0.613452,14.694348,979.434,86.971
3.4500000,828,0.618370,14.743767,979.585,85.445
3.4541667,829,0.620451,14.743238,979.650,85.462
3.4583333,830,0.630647,14.764315,979.964,84.811
3.4625000,831,0.641331,14.777491,980.294,84.405
3.4666667,832,0.662409,14.804135,980.945,83.582
3.4708333,833,0.670461,14.824387,981.193,82.957
3.4750000,834,0.664460,14.822704,981.008,83.009
3.4791667,835,0.672502,14.832238,981.256,82.715
3.4833333,836,0.670444,14.845294,981.193,82.312
3.4875000,837,0.692520,14.835303,981.874,82.620
3.4916667,838,0.687408,14.852676,981.716,82.084
3.4958333,839,0.685145,14.860126,981.646,81.854
3.5000000,840,0.684896,14.900431,981.639,80.610
3.5041667,841,0.704062,14.900681,982.230,80.602
3.5083333,842,0.719329,14.917234,982.702,80.092
3.5125000,843,0.709849,14.928015,982.409,79.759
3.5166667,844,0.706853,14.940069,982.316,79.387
3.5208333,845,0.711372,14.934331,982.456,79.564
3.5250000,846,0.719422,14.965040,982.704,78.616
3.5291667,847,0.711878,14.984436,982.472,78.017
3.5333333,848,0.742681,14.998561,983.422,77.581
3.5375000,849,0.737874,15.025108,983.274,76.762
3.5416667,850,0.682548,14.919119,981.566,80.033
3.5458333,851,0.671922,14.884913,981.238,81.089
3.5500000,852,0.693004,14.858231,981.889,81.913
3.5541667,853,0.684930,14.851218,981.640,82.129
3.5583333,854,0.686343,14.813836,981.683,83.283
3.5625000,855,0.675801,14.794865,981.358,83.868
3.5666667,856,0.657445,14.790067,980.792,84.016
3.5708333,857,0.639944,14.760506,980.251,84.929
3.5750000,858,0.648071,14.743651,980.502,85.449
3.5791667,859,0.634858,14.732834,980.094,85.783
3.5833333,860,0.634233,14.716535,980.075,86.286
3.5875000,861,0.614728,14.728023,979.473,85.931
3.5916667,862,0.619399,14.683900,979.617,87.293
3.5958333,863,0.614540,14.678059,979.467,87.473
3.6000000,864,0.601080,14.644772,979.052,88.501
3.6041667,865,0.592987,14.652205,978.802,88.271
3.6083333,866,0.584902,14.637229,978.553,88.734
3.6125000,867,0.598508,14.638888,978.972,88.682
3.6166667,868,0.602581,14.604086,979.098,89.757
3.6208333,869,0.587997,14.626421,978.648,89.067
3.6250000,870,0.563157,14.587146,977.881,90.279
3.6291667,871,0.578355,14.595991,978.350,90.006
3.6333333,872,0.559720,14.568277,977.775,90.862
3.6375000,873,0.568687,14.556030,978.052,91.240
3.6416667,874,0.573975,14.550294,978.215,91.417
3.6458333,875,0.554783,14.519195,977.623,92.377
3.6500000,876,0.523144,14.509433,976.646,92.678
3.6541667,877,0.544550,14.482974,977.307,93.495
3.6583333,878,0.529221,14.464136,976.834,94.076
3.6625000,879,0.532876,14.456227,976.947,94.320
3.6666667,880,0.513829,14.442421,976.359,94.746
3.6708333,881,0.506552,14.408213,976.134,95.802
3.6750000,882,0.477419,14.387037,975.235,96.456
3.6791667,883,0.493078,14.373250,975.718,96.881
3.6833333,884,0.461667,14.335101,974.749,98.059
3.6875000,885,0.447060,14.330253,974.298,98.208
3.6916667,886,0.459317,14.329943,974.676,98.218
3.6958333,887,0.453251,14.304083,974.489,99.016
3.7000000,888,0.452166,14.277677,974.456,99.831
3.7041667,889,0.442557,14.277569,974.159,99.834
3.7083333,890,0.429732,14.267134,973.763,100.156
3.7125000,891,0.423675,14.243676,973.576,100.880
3.7166667,892,0.422589,14.238342,973.543,101.045
3.7208333,893,0.413611,14.244284,973.266,100.862
3.7250000,894,0.409140,14.218163,973.128,101.668
3.7291667,895,0.383582,14.199533,972.339,102.243
3.7333333,896,0.392843,14.185900,972.625,102.664
3.7375000,897,0.384378,14.192550,972.364,102.458
3.7416667,898,0.384319,14.192770,972.362,102.452
3.7458333,899,0.366568,14.169732,971.814,103.163
3.7500000,900,0.372775,14.169964,972.005,103.155
3.7541667,901,0.361771,14.130361,971.666,104.378
3.7583333,902,0.337876,14.134410,970.928,104.253
3.7625000,903,0.338311,14.118100,970.942,104.756
3.7666667,904,0.330936,14.107945,970.714,105.070
3.7708333,905,0.306613,14.095794,969.963,105.445
3.7750000,906,0.285808,14.060258,969.321,106.541
3.7791667,907,0.291530,14.040352,969.498,107.156
3.7833333,908,0.281724,14.033128,969.195,107.379
3.7875000,909,0.265609,14.014064,968.698,107.967
3.7916667,910,0.260857,13.980859,968.551,108.992
3.7958333,911,0.242202,13.969411,967.975,109.345
3.8000000,912,0.239655,13.971152,967.897,109.292
3.8041667,913,0.209450,13.948223,966.965,109.999
3.8083333,914,0.215773,13.925190,967.160,110.710
3.8125000,915,0.189430,13.912996,966.347,111.087
3.8166667,916,0.184774,13.906082,966.203,111.300
3.8208333,917,0.155509,13.894403,965.300,111.660
3.8250000,918,0.154976,13.866901,965.283,112.509
3.8291667,919,0.163172,13.863164,965.536,112.625
3.8333333,920,0.147390,13.875513,965.049,112.243
3.8375000,921,0.140462,13.842948,964.835,113.249
3.8416667,922,0.124464,13.833280,964.341,113.547
3.8458333,923,0.134181,13.804355,964.641,114.440
3.8500000,924,0.113032,13.813778,963.989,114.149
3.8541667,925,0.125971,13.786573,964.388,114.989
3.8583333,926,0.111380,13.798330,963.938,114.626
3.8625000,927,0.093592,13.782963,963.389,115.100
3.8666667,928,0.082715,13.776609,963.053,115.296
3.8708333,929,0.075984,13.760918,962.845,115.780
3.8750000,930,0.073964,13.757642,962.783,115.881
3.8791667,931,0.062969,13.744882,962.443,116.275
3.8833333,932,0.036508,13.739509,961.627,116.441
3.8875000,933,0.040099,13.697912,961.738,117.725
3.8916667,934,0.016505,13.695381,961.009,117.803
3.8958333,935,0.027408,13.687018,961.346,118.061
3.9000000,936,-0.015330,13.665922,960.027,118.712
3.9041667,937,-0.008147,13.655667,960.249,119.029
3.9083333,938,-0.041354,13.607156,959.224,120.526
3.9125000,939,-0.042545,13.615462,959.187,120.270
3.9166667,940,-0.048519,13.586799,959.002,121.154
3.9208333,941,-0.067037,13.574729,958.431,121.527
3.9250000,942,-0.092467,13.559157,957.646,122.008
3.9291667,943,-0.106461,13.560836,957.214,121.956
3.9333333,944,-0.092624,13.535068,957.641,122.751
3.9375000,945,-0.120713,13.511055,956.774,123.492
3.9416667,946,-0.117220,13.509795,956.882,123.531
3.9458333,947,-0.122294,13.492259,956.726,124.072
3.9500000,948,-0.153034,13.497461,955.777,123.912
3.9541667,949,-0.131582,13.471960,956.439,124.699
3.9583333,950,-0.155843,13.474147,955.690,124.631
3.9625000,951,-0.163185,13.461658,955.463,125.017
3.9666667,952,-0.175899,13.448621,955.071,125.419
3.9708333,953,-0.172569,13.433240,955.174,125.894
3.9750000,954,-0.177162,13.412673,955.032,126.529
3.9791667,955,-0.178669,13.422732,954.986,126.218
3.9833333,956,-0.184934,13.404606,954.792,126.778
3.9875000,957,-0.192057,13.401303,954.572,126.880
3.9916667,958,-0.207700,13.387299,954.090,127.312
3.9958333,959,-0.214677,13.365212,953.874,127.993
4.0000000,960,-0.221361,13.352745,953.668,128.378
4.0041667,961,-0.229171,13.334626,953.427,128.937
4.0083333,962,-0.228054,13.307368,953.461,129.779
4.0125000,963,-0.238641,13.281874,953.135,130.566
4.0166667,964,-0.256093,13.274250,952.596,130.801
4.0208333,965,-0.271097,13.251094,952.133,131.516
4.0250000,966,-0.288911,13.232058,951.583,132.103
4.0291667,967,-0.285053,13.197428,951.702,133.172
4.0333333,968,-0.291714,13.197138,951.496,133.181
4.0375000,969,-0.316617,13.174457,950.728,133.881
4.0416667,970,-0.314403,13.154230,950.796,134.505
4.0458333,971,-0.318784,13.146025,950.661,134.758
4.0500000,972,-0.328651,13.118539,950.356,135.607
4.0541667,973,-0.350422,13.115013,949.685,135.716
4.0583333,974,-0.352413,13.117290,949.623,135.645
4.0625000,975,-0.366172,13.091446,949.198,136.443
4.0666667,976,-0.354287,13.087772,949.565,136.556
4.0708333,977,-0.365605,13.054873,949.216,137.572
4.0750000,978,-0.352886,13.054257,949.608,137.591
4.0791667,979,-0.383922,13.060125,948.651,137.410
4.0833333,980,-0.371744,13.024357,949.026,138.514
4.0875000,981,-0.388612,13.016952,948.506,138.742
4.0916667,982,-0.393446,13.029120,948.357,138.367
4.0958333,983,-0.391287,13.015001,948.423,138.802
4.1000000,984,-0.420783,12.975112,947.513,140.034
4.1041667,985,-0.420961,12.983989,947.507,139.760
4.1083333,986,-0.406057,12.945140,947.967,140.959
4.1125000,987,-0.417316,12.954472,947.620,140.671
4.1166667,988,-0.418133,12.944903,947.595,140.966
4.1208333,989,-0.436967,12.921089,947.013,141.701
4.1250000,990,-0.452934,12.907220,946.521,142.129
4.1291667,991,-0.449881,12.876188,946.615,143.087
4.1333333,992,-0.469512,12.874633,946.009,143.135
4.1375000,993,-0.475352,12.842442,945.829,144.128
4.1416667,994,-0.484343,12.819653,945.551,144.832
4.1458333,995,-0.498518,12.791372,945.114,145.705
4.1500000,996,-0.482608,12.774485,945.605,146.226
4.1541667,997,-0.501225,12.754168,945.030,146.853
4.1583333,998,-0.513480,12.742235,944.652,147.221
4.1625000,999,-0.519592,12.713582,944.463,148.105
4.1666667,1000,-0.534795,12.711045,943.994,148.184
4.1708333,1001,-0.540565,12.699005,943.816,148.555
4.1750000,1002,-0.543237,12.654829,943.733,149.919
4.1791667,1003,-0.548334,12.663808,943.576,149.642
4.1833333,1004,-0.574559,12.652488,942.767,149.991
4.1875000,1005,-0.552016,12.632324,943.462,150.613
4.1916667,1006,-0.583638,12.625495,942.486,150.824
4.1958333,1007,-0.579406,12.619365,942.617,151.013
4.2000000,1008,-0.586956,12.615115,942.384,151.145
4.2041667,1009,-0.579034,12.596225,942.629,151.728
4.2083333,1010,-0.599512,12.594744,941.997,151.773
4.2125000,1011,-0.583431,12.579278,942.493,152.251
4.2166667,1012,-0.591726,12.559943,942.237,152.847
4.2208333,1013,-0.595465,12.545249,942.121,153.301
4.2250000,1014,-0.601129,12.525083,941.947,153.923
4.2291667,1015,-0.616162,12.526774,941.483,153.871
4.2333333,1016,-0.617752,12.512388,941.434,154.315
4.2375000,1017,-0.631740,12.490170,941.002,155.001
4.2416667,1018,-0.632546,12.458331,940.977,155.984
4.2458333,1019,-0.631330,12.458724,941.015,155.971
4.2500000,1020,-0.649687,12.427696,940.448,156.929
4.2541667,1021,-0.646078,12.409364,940.559,157.495
4.2583333,1022,-0.653740,12.384768,940.323,158.254
4.2625000,1023,-0.648769,12.368358,940.476,158.761
4.2666667,1024,-0.658148,12.352409,940.187,159.253
4.2708333,1025,-0.672688,12.314567,939.738,160.421
4.2750000,1026,-0.668432,12.300457,939.869,160.856
4.2791667,1027,-0.664823,12.287818,939.981,161.246
4.2833333,1028,-0.676483,12.261161,939.621,162.069
4.2875000,1029,-0.689375,12.251269,939.223,162.374
4.2916667,1030,-0.693804,12.235750,939.086,162.853
4.2958333,1031,-0.706426,12.219375,938.697,163.359
4.3000000,1032,-0.706983,12.207930,938.680,163.712
4.3041667,1033,-0.703913,12.189520,938.774,164.280
4.3083333,1034,-0.706962,12.192373,938.680,164.192
4.3125000,1035,-0.724832,12.187357,938.129,164.347
4.3166667,1036,-0.726976,12.161881,938.062,165.133
4.3208333,1037,-0.730365,12.149122,937.958,165.527
4.3250000,1038,-0.734237,12.131543,937.838,166.070
4.3291667,1039,-0.735438,12.137113,937.801,165.898
4.3333333,1040,-0.736747,12.099011,937.761,167.074
4.3375000,1041,-0.749713,12.099250,937.361,167.066
4.3416667,1042,-0.751742,12.097901,937.298,167.108
4.3458333,1043,-0.770135,12.072668,936.730,167.887
4.3500000,1044,-0.765144,12.075877,936.884,167.788
4.3541667,1045,-0.770136,12.046630,936.730,168.690
4.3583333,1046,-0.785716,12.017896,936.250,169.577
4.3625000,1047,-0.804200,12.006521,935.679,169.928
4.3666667,1048,-0.782492,12.002561,936.349,170.051
4.3708333,1049,-0.817232,11.991592,935.277,170.389
4.3750000,1050,-0.816005,11.958537,935.315,171.409
4.3791667,1051,-0.846505,11.930065,934.373,172.288
4.3833333,1052,-0.845311,11.918179,934.410,172.655
4.3875000,1053,-0.847807,11.874928,934.333,173.990
4.3916667,1054,-0.859530,11.883068,933.971,173.739
4.3958333,1055,-0.867347,11.851843,933.730,174.702
4.4000000,1056,-0.876337,11.834090,933.453,175.250
4.4041667,1057,-0.890861,11.823764,933.004,175.569
4.4083333,1058,-0.899494,11.813550,932.738,175.884
4.4125000,1059,-0.899896,11.799594,932.725,176.315
4.4166667,1060,-0.909230,11.777304,932.437,177.003
4.4208333,1061,-0.913702,11.785713,932.299,176.743
4.4250000,1062,-0.909943,11.757201,932.415,177.623
4.4291667,1063,-0.915759,11.749027,932.236,177.876
4.4333333,1064,-0.925994,11.737341,931.920,178.236
4.4375000,1065,-0.917977,11.717722,932.167,178.842
4.4416667,1066,-0.931410,11.713301,931.753,178.978
4.4458333,1067,-0.937669,11.707462,931.560,179.159
4.4500000,1068,-0.933816,11.710867,931.679,179.053
4.4541667,1069,-0.942755,11.682450,931.403,179.931
4.4583333,1070,-0.961263,11.643081,930.831,181.146
4.4625000,1071,-0.948955,11.665981,931.211,180.439
4.4666667,1072,-0.970498,11.654113,930.546,180.805
4.4708333,1073,-0.965458,11.622670,930.702,181.776
4.4750000,1074,-0.965521,11.593715,930.700,182.669
4.4791667,1075,-0.968331,11.593920,930.613,182.663
4.4833333,1076,-0.986173,11.555353,930.063,183.853
4.4875000,1077,-0.986504,11.544783,930.052,184.180
4.4916667,1078,-0.983302,11.520664,930.151,184.924
4.4958333,1079,-0.979190,11.506023,930.278,185.376
4.5000000,1080,-0.984441,11.486822,930.116,185.968
4.5041667,1081,-0.998741,11.473989,929.675,186.365
4.5083333,1082,-0.997639,11.444382,929.709,187.278
4.5125000,1083,-1.021444,11.411685,928.974,188.287
4.5166667,1084,-1.024442,11.398393,928.881,188.698
4.5208333,1085,-1.021987,11.376082,928.957,189.386
4.5250000,1086,-1.027914,11.372769,928.774,189.489
4.5291667,1087,-1.051938,11.356231,928.033,189.999
4.5333333,1088,-1.034167,11.338110,928.581,190.558
4.5375000,1089,-1.054414,11.314132,927.956,191.298
4.5416667,1090,-1.051932,11.326283,928.033,190.923
4.5458333,1091,-1.063297,11.310148,927.682,191.421
4.5500000,1092,-1.059997,11.297776,927.784,191.803
4.5541667,1093,-1.051889,11.282433,928.034,192.277
4.5583333,1094,-1.074364,11.283424,927.341,192.246
4.5625000,1095,-1.072571,11.258524,927.396,193.015
4.5666667,1096,-1.071061,11.256968,927.443,193.063
4.5708333,1097,-1.069911,11.241276,927.478,193.547
4.5750000,1098,-1.065680,11.220458,927.609,194.190
4.5791667,1099,-1.084839,11.215534,927.017,194.342
4.5833333,1100,-1.084737,11.187071,927.020,195.220
4.5875000,1101,-1.112151,11.183187,926.174,195.340
4.5916667,1102,-1.109942,11.159686,926.243,196.065
4.5958333,1103,-1.131171,11.148409,925.587,196.413
4.6000000,1104,-1.111068,11.128647,926.208,197.023
4.6041667,1105,-1.136054,11.105485,925.437,197.738
4.6083333,1106,-1.137958,11.094027,925.378,198.092
4.6125000,1107,-1.161534,11.057710,924.650,199.213
4.6166667,1108,-1.172189,11.041244,924.321,199.721
4.6208333,1109,-1.181498,11.034689,924.034,199.923
4.6250000,1110,-1.188466,10.989689,923.819,201.312
4.6291667,1111,-1.194899,10.990234,923.620,201.295
4.6333333,1112,-1.216056,10.968036,922.967,201.980
4.6375000,1113,-1.210764,10.957576,923.131,202.303
4.6416667,1114,-1.215070,10.932887,922.998,203.065
4.6458333,1115,-1.241696,10.936644,922.176,202.949
4.6500000,1116,-1.246192,10.910033,922.037,203.771
4.6541667,1117,-1.248525,10.914963,921.965,203.618
4.6583333,1118,-1.252310,10.891501,921.848,204.343
4.6625000,1119,-1.236527,10.881695,922.336,204.645
4.6666667,1120,-1.249940,10.852842,921.922,205.536
4.6708333,1121,-1.271182,10.870282,921.266,204.997
4.6750000,1122,-1.244166,10.846749,922.100,205.724
4.6791667,1123,-1.264535,10.833435,921.471,206.135
4.6833333,1124,-1.286464,10.812288,920.794,206.787
4.6875000,1125,-1.295376,10.803333,920.519,207.064
4.6916667,1126,-1.285825,10.813572,920.814,206.748
4.6958333,1127,-1.311945,10.801068,920.008,207.134
4.7000000,1128,-1.306139,10.779208,920.187,207.808
4.7041667,1129,-1.307434,10.773491,920.147,207.985
4.7083333,1130,-1.329772,10.738561,919.458,209.063
4.7125000,1131,-1.339582,10.726727,919.155,209.428
4.7166667,1132,-1.352727,10.701914,918.749,210.194
4.7208333,1133,-1.346886,10.696222,918.929,210.370
4.7250000,1134,-1.364192,10.682711,918.395,210.787
4.7291667,1135,-1.379545,10.664421,917.921,211.351
4.7333333,1136,-1.388933,10.638449,917.632,212.153
4.7375000,1137,-1.407396,10.628196,917.062,212.469
4.7416667,1138,-1.423629,10.608795,916.561,213.068
4.7458333,1139,-1.426615,10.580360,916.469,213.946
4.7500000,1140,-1.431555,10.568080,916.316,214.325
4.7541667,1141,-1.448665,10.553524,915.788,214.774
4.7583333,1142,-1.458684,10.533213,915.479,215.401
4.7625000,1143,-1.473351,10.510263,915.026,216.109
4.7666667,1144,-1.462116,10.513992,915.373,215.994
4.7708333,1145,-1.473731,10.500558,915.014,216.409
4.7750000,1146,-1.484460,10.483252,914.683,216.943
4.7791667,1147,-1.490264,10.481558,914.504,216.995
4.7833333,1148,-1.494752,10.474540,914.366,217.212
4.7875000,1149,-1.502795,10.460779,914.117,217.636
4.7916667,1150,-1.500339,10.451897,914.193,217.911
4.7958333,1151,-1.511076,10.437012,913.862,218.370
4.8000000,1152,-1.511399,10.418952,913.852,218.927
4.8041667,1153,-1.523238,10.424220,913.486,218.765
4.8083333,1154,-1.535687,10.396401,913.102,219.623
4.8125000,1155,-1.529703,10.399245,913.287,219.536
4.8166667,1156,-1.537085,10.373264,913.059,220.338
4.8208333,1157,-1.541791,10.353669,912.914,220.942
4.8250000,1158,-1.566854,10.363383,912.140,220.643
4.8291667,1159,-1.578870,10.330191,911.769,221.667
4.8333333,1160,-1.598719,10.305090,911.157,222.442
4.8375000,1161,-1.593842,10.279896,911.307,223.219
4.8416667,1162,-1.611654,10.272506,910.758,223.447
4.8458333,1163,-1.606511,10.264609,910.916,223.691
4.8500000,1164,-1.636262,10.242709,909.998,224.367
4.8541667,1165,-1.629627,10.215561,910.203,225.205
4.8583333,1166,-1.657425,10.195577,909.345,225.822
4.8625000,1167,-1.658628,10.176037,909.308,226.425
4.8666667,1168,-1.657434,10.165766,909.345,226.742
4.8708333,1169,-1.680366,10.143453,908.637,227.430
4.8750000,1170,-1.682607,10.126030,908.568,227.968
4.8791667,1171,-1.689137,10.107231,908.366,228.548
4.8833333,1172,-1.713267,10.120669,907.621,228.134
4.8875000,1173,-1.691543,10.080199,908.292,229.383
4.8916667,1174,-1.726807,10.085579,907.203,229.217
4.8958333,1175,-1.724561,10.077981,907.273,229.451
4.9000000,1176,-1.726413,10.066388,907.216,229.809
4.9041667,1177,-1.730312,10.059807,907.095,230.012
4.9083333,1178,-1.731256,10.048848,907.066,230.350
4.9125000,1179,-1.736138,10.031085,906.915,230.899
4.9166667,1180,-1.762695,10.030040,906.096,230.931
4.9208333,1181,-1.759727,10.013691,906.187,231.435
4.9250000,1182,-1.782907,10.000504,905.472,231.842
4.9291667,1183,-1.771745,9.973929,905.816,232.663
4.9333333,1184,-1.787191,9.963476,905.340,232.985
4.9375000,1185,-1.787422,9.953257,905.333,233.301
4.9416667,1186,-1.812534,9.950613,904.558,233.382
4.9458333,1187,-1.816369,9.938788,904.439,233.747
4.9500000,1188,-1.812254,9.918044,904.566,234.388
4.9541667,1189,-1.818496,9.890987,904.374,235.223
4.9583333,1190,-1.835029,9.867352,903.863,235.952
4.9625000,1191,-1.846376,9.850397,903.513,236.475
4.9666667,1192,-1.857070,9.830129,903.183,237.101
4.9708333,1193,-1.867623,9.809045,902.857,237.752
4.9750000,1194,-1.877786,9.783976,902.544,238.525
4.9791667,1195,-1.861094,9.768511,903.059,239.003
4.9833333,1196,-1.884064,9.756074,902.350,239.387
4.9875000,1197,-1.911407,9.742294,901.506,239.812
4.9916667,1198,-1.910129,9.730072,901.545,240.189
4.9958333,1199,-1.921769,9.704511,901.186,240.978
5.0000000,1200,-1.918331,9.687015,901.292,241.518
5.0041667,1201,-1.907419,9.674087,901.629,241.917
5.0083333,1202,-1.919210,9.671011,901.265,242.012
5.0125000,1203,-1.932526,9.650956,900.854,242.631
5.0166667,1204,-1.934853,9.638407,900.782,243.018
5.0208333,1205,-1.943201,9.637133,900.525,243.058
5.0250000,1206,-1.954785,9.634728,900.167,243.132
5.0291667,1207,-1.956299,9.625247,900.120,243.424
5.0333333,1208,-1.947310,9.603044,900.398,244.110
5.0375000,1209,-1.973911,9.594740,899.577,244.366
5.0416667,1210,-1.956684,9.572981,900.109,245.038
5.0458333,1211,-1.953327,9.554738,900.212,245.601
5.0500000,1212,-1.976204,9.566949,899.506,245.224
5.0541667,1213,-1.972880,9.539874,899.609,246.059
5.0583333,1214,-1.986615,9.512843,899.185,246.894
5.0625000,1215,-1.998312,9.501807,898.824,247.234
5.0666667,1216,-2.020881,9.476334,898.127,248.021
5.0708333,1217,-2.018550,9.462196,898.199,248.457
5.0750000,1218,-2.008626,9.446620,898.505,248.938
5.0791667,1219,-2.029328,9.421064,897.866,249.726
5.0833333,1220,-2.040817,9.407180,897.512,250.155
5.0875000,1221,-2.033269,9.385762,897.745,250.816
5.0916667,1222,-2.054830,9.375689,897.079,251.127
5.0958333,1223,-2.078912,9.329817,896.336,252.543
5.1000000,1224,-2.075958,9.320989,896.427,252.815
5.1041667,1225,-2.067617,9.297429,896.685,253.542
5.1083333,1226,-2.078123,9.288895,896.360,253.806
5.1125000,1227,-2.097547,9.281005,895.761,254.049
5.1166667,1228,-2.094921,9.274725,895.842,254.243
5.1208333,1229,-2.108291,9.248223,895.429,255.061
5.1250000,1230,-2.093354,9.246033,895.890,255.129
5.1291667,1231,-2.112739,9.224822,895.292,255.783
5.1333333,1232,-2.114349,9.205161,895.242,256.390
5.1375000,1233,-2.124869,9.211079,894.918,256.207
5.1416667,1234,-2.124443,9.196102,894.931,256.670
5.1458333,1235,-2.132134,9.173991,894.693,257.352
5.1500000,1236,-2.142013,9.182903,894.388,257.077
5.1541667,1237,-2.151614,9.179367,894.092,257.186
5.1583333,1238,-2.155524,9.154345,893.971,257.958
5.1625000,1239,-2.159173,9.154018,893.859,257.969
5.1666667,1240,-2.157745,9.114188,893.903,259.198
5.1708333,1241,-2.165627,9.107167,893.660,259.415
5.1750000,1242,-2.167739,9.093298,893.594,259.843
5.1791667,1243,-2.188270,9.075208,892.961,260.401
5.1833333,1244,-2.192852,9.063726,892.819,260.755
5.1875000,1245,-2.218865,9.039439,892.017,261.505
5.1916667,1246,-2.218352,9.024899,892.032,261.954
5.1958333,1247,-2.230076,9.000386,891.670,262.710
5.2000000,1248,-2.235083,8.982802,891.516,263.253
5.2041667,1249,-2.243234,8.964995,891.264,263.803
5.2083333,1250,-2.256567,8.928890,890.853,264.917
5.2125000,1251,-2.257015,8.930961,890.839,264.853
5.2166667,1252,-2.269811,8.891057,890.444,266.085
5.2208333,1253,-2.271919,8.886312,890.379,266.231
5.2250000,1254,-2.281955,8.872633,890.069,266.653
5.2291667,1255,-2.280649,8.850609,890.110,267.333
5.2333333,1256,-2.292430,8.821578,889.746,268.229
5.2375000,1257,-2.293783,8.825170,889.704,268.118
5.2416667,1258,-2.302537,8.823468,889.434,268.171
5.2458333,1259,-2.310817,8.793511,889.178,269.095
5.2500000,1260,-2.293148,8.790335,889.724,269.193
5.2541667,1261,-2.312911,8.777229,889.114,269.598
5.2583333,1262,-2.301821,8.756890,889.456,270.226
5.2625000,1263,-2.316551,8.741583,889.002,270.698
5.2666667,1264,-2.317628,8.746714,888.968,270.540
5.2708333,1265,-2.320511,8.730030,888.879,271.055
5.2750000,1266,-2.331994,8.710059,888.525,271.671
5.2791667,1267,-2.343535,8.716440,888.169,271.474
5.2833333,1268,-2.329681,8.686126,888.596,272.410
5.2875000,1269,-2.340881,8.678110,888.251,272.657
5.2916667,1270,-2.363377,8.654727,887.556,273.379
5.2958333,1271,-2.363072,8.651542,887.566,273.477
5.3000000,1272,-2.369400,8.623661,887.370,274.338
5.3041667,1273,-2.363351,8.603583,887.557,274.957
5.3083333,1274,-2.376006,8.587937,887.166,275.440
5.3125000,1275,-2.387414,8.561745,886.814,276.249
5.3166667,1276,-2.385832,8.555543,886.863,276.440
5.3208333,1277,-2.399690,8.529310,886.435,277.250
5.3250000,1278,-2.416824,8.515600,885.907,277.673
5.3291667,1279,-2.431235,8.498816,885.462,278.191
5.3333333,1280,-2.420471,8.451794,885.794,279.642
5.3375000,1281,-2.449766,8.443854,884.890,279.887
5.3416667,1282,-2.434298,8.418843,885.367,280.659
5.3458333,1283,-2.464831,8.416672,884.425,280.726
5.3500000,1284,-2.462050,8.408896,884.511,280.966
5.3541667,1285,-2.453398,8.392591,884.778,281.469
5.3583333,1286,-2.461792,8.380831,884.519,281.832
5.3625000,1287,-2.465234,8.368798,884.413,282.204
5.3666667,1288,-2.492307,8.342661,883.577,283.010
5.3708333,1289,-2.488198,8.348211,883.704,282.839
5.3750000,1290,-2.491327,8.320203,883.607,283.704
5.3791667,1291,-2.498952,8.313273,883.372,283.918
5.3833333,1292,-2.505268,8.326765,883.177,283.501
5.3875000,1293,-2.502903,8.298041,883.250,284.388
5.3916667,1294,-2.510017,8.281248,883.030,284.906
5.3958333,1295,-2.522150,8.268380,882.656,285.303
5.4000000,1296,-2.524241,8.258633,882.591,285.604
5.4041667,1297,-2.527145,8.239193,882.502,286.204
5.4083333,1298,-2.530517,8.217179,882.398,286.883
5.4125000,1299,-2.537289,8.209553,882.189,287.119
5.4166667,1300,-2.551702,8.192037,881.744,287.659
5.4208333,1301,-2.543823,8.170862,881.987,288.313
5.4250000,1302,-2.547904,8.164650,881.861,288.505
5.4291667,1303,-2.548899,8.123318,881.830,289.780
5.4333333,1304,-2.575656,8.124634,881.004,289.740
5.4375000,1305,-2.572496,8.089226,881.102,290.833
5.4416667,1306,-2.591587,8.068108,880.513,291.484
5.4458333,1307,-2.584510,8.048215,880.731,292.098
5.4500000,1308,-2.603149,8.036858,880.156,292.449
5.4541667,1309,-2.608905,8.027951,879.978,292.724
5.4583333,1310,-2.618825,8.000040,879.672,293.585
5.4625000,1311,-2.622603,7.982421,879.555,294.129
5.4666667,1312,-2.628823,7.971950,879.363,294.452
5.4708333,1313,-2.647859,7.956739,878.776,294.922
5.4750000,1314,-2.637085,7.936185,879.108,295.556
5.4791667,1315,-2.656328,7.930847,878.515,295.721
5.4833333,1316,-2.654914,7.913157,878.558,296.267
5.4875000,1317,-2.651108,7.905454,878.676,296.505
5.4916667,1318,-2.665583,7.888485,878.229,297.028
5.4958333,1319,-2.674650,7.889574,877.949,296.995
5.5000000,1320,-2.661647,7.877762,878.350,297.359
5.5041667,1321,-2.669910,7.861290,878.095,297.868
5.5083333,1322,-2.675318,7.855642,877.928,298.042
5.5125000,1323,-2.683617,7.836085,877.672,298.646
5.5166667,1324,-2.695142,7.827047,877.317,298.924
5.5208333,1325,-2.705339,7.829299,877.002,298.855
5.5250000,1326,-2.727578,7.800391,876.315,299.747
5.5291667,1327,-2.734532,7.800902,876.101,299.731
5.5333333,1328,-2.745763,7.770506,875.754,300.670
5.5375000,1329,-2.741334,7.757533,875.891,301.070
5.5416667,1330,-2.742911,7.727955,875.842,301.983
5.5458333,1331,-2.769065,7.728610,875.035,301.963
5.5500000,1332,-2.790366,7.721193,874.378,302.192
5.5541667,1333,-2.791566,7.683268,874.341,303.362
5.5583333,1334,-2.816083,7.677767,873.584,303.532
5.5625000,1335,-2.829808,7.656921,873.160,304.175
5.5666667,1336,-2.840340,7.630115,872.835,305.003
5.5708333,1337,-2.842504,7.628800,872.768,305.043
5.5750000,1338,-2.852627,7.597911,872.456,305.997
5.5791667,1339,-2.870352,7.583220,871.909,306.450
5.5833333,1340,-2.890854,7.574012,871.276,306.734
5.5875000,1341,-2.884356,7.568683,871.477,306.899
5.5916667,1342,-2.905550,7.564932,870.823,307.014
5.5958333,1343,-2.914387,7.539604,870.550,307.796
5.6000000,1344,-2.919073,7.522156,870.405,308.335
5.6041667,1345,-2.929961,7.514268,870.069,308.578
5.6083333,1346,-2.934189,7.521750,869.939,308.347
5.6125000,1347,-2.921564,7.504225,870.328,308.888
5.6166667,1348,-2.950477,7.475454,869.436,309.776
5.6208333,1349,-2.950108,7.500291,869.447,309.010
5.6250000,1350,-2.969894,7.473152,868.837,309.847
5.6291667,1351,-2.973203,7.455262,868.734,310.399
5.6333333,1352,-2.977386,7.450333,868.605,310.551
5.6375000,1353,-2.981108,7.434655,868.490,311.035
5.6416667,1354,-2.990163,7.426173,868.211,311.297
5.6458333,1355,-3.002165,7.408875,867.841,311.831
5.6500000,1356,-3.017968,7.387090,867.353,312.503
5.6541667,1357,-3.011062,7.380218,867.566,312.715
5.6583333,1358,-3.028505,7.374456,867.028,312.893
5.6625000,1359,-3.051410,7.336432,866.321,314.067
5.6666667,1360,-3.061940,7.332513,865.996,314.188
5.6708333,1361,-3.075604,7.309274,865.574,314.905
5.6750000,1362,-3.084915,7.299982,865.287,315.192
5.6791667,1363,-3.103412,7.269256,864.716,316.140
5.6833333,1364,-3.104942,7.256432,864.668,316.536
5.6875000,1365,-3.115138,7.243651,864.354,316.931
5.6916667,1366,-3.134935,7.224795,863.743,317.512
5.6958333,1367,-3.141148,7.218154,863.551,317.717
5.7000000,1368,-3.157972,7.199221,863.032,318.302
5.7041667,1369,-3.151887,7.190057,863.220,318.585
5.7083333,1370,-3.173637,7.160282,862.548,319.504
5.7125000,1371,-3.174426,7.163497,862.524,319.404
5.7166667,1372,-3.182341,7.151827,862.280,319.765
5.7208333,1373,-3.198703,7.145423,861.775,319.962
5.7250000,1374,-3.211225,7.122435,861.388,320.672
5.7291667,1375,-3.208483,7.110717,861.473,321.033
5.7333333,1376,-3.216215,7.105610,861.234,321.191
5.7375000,1377,-3.217746,7.110472,861.187,321.041
5.7416667,1378,-3.218222,7.084518,861.172,321.842
5.7458333,1379,-3.223680,7.071612,861.004,322.240
5.7500000,1380,-3.233580,7.066495,860.698,322.398
5.7541667,1381,-3.222124,7.044719,861.052,323.070
5.7583333,1382,-3.253323,7.036686,860.089,323.318
5.7625000,1383,-3.244412,7.037038,860.364,323.307
5.7666667,1384,-3.254915,6.999612,860.040,324.463
5.7708333,1385,-3.277063,6.976452,859.356,325.177
5.7750000,1386,-3.265831,6.957590,859.703,325.760
5.7791667,1387,-3.284028,6.961371,859.141,325.643
5.7833333,1388,-3.303856,6.941826,858.529,326.246
5.7875000,1389,-3.314181,6.907554,858.210,327.304
5.7916667,1390,-3.329335,6.895427,857.743,327.678
5.7958333,1391,-3.336517,6.885208,857.521,327.994
5.8000000,1392,-3.356355,6.850867,856.909,329.053
5.8041667,1393,-3.352997,6.834457,857.012,329.560
5.8083333,1394,-3.363940,6.812971,856.675,330.223
5.8125000,1395,-3.384912,6.809030,856.027,330.345
5.8166667,1396,-3.402874,6.802613,855.473,330.543
5.8208333,1397,-3.390373,6.782252,855.859,331.171
5.8250000,1398,-3.406504,6.765359,855.361,331.693
5.8291667,1399,-3.423231,6.767712,854.845,331.620
5.8333333,1400,-3.411739,6.744114,855.199,332.348
5.8375000,1401,-3.428471,6.736238,854.683,332.591
5.8416667,1402,-3.448225,6.722951,854.073,333.002
5.8458333,1403,-3.434502,6.719672,854.497,333.103
5.8500000,1404,-3.457707,6.694979,853.781,333.865
5.8541667,1405,-3.469468,6.715587,853.418,333.229
5.8583333,1406,-3.466163,6.676971,853.520,334.421
5.8625000,1407,-3.469039,6.685100,853.431,334.170
5.8666667,1408,-3.490133,6.670232,852.780,334.629
5.8708333,1409,-3.464553,6.670238,853.569,334.628
5.8750000,1410,-3.490038,6.637604,852.783,335.636
5.8791667,1411,-3.499607,6.620018,852.487,336.178
5.8833333,1412,-3.513043,6.609782,852.073,336.494
5.8875000,1413,-3.520704,6.593067,851.836,337.010
5.8916667,1414,-3.540311,6.579918,851.231,337.416
5.8958333,1415,-3.546752,6.556167,851.032,338.149
5.9000000,1416,-3.547452,6.549900,851.011,338.343
5.9041667,1417,-3.571896,6.512547,850.256,339.495
5.9083333,1418,-3.582203,6.523763,849.938,339.149
5.9125000,1419,-3.600474,6.492064,849.374,340.128
5.9166667,1420,-3.596082,6.481957,849.510,340.440
5.9208333,1421,-3.613622,6.458455,848.968,341.165
5.9250000,1422,-3.632650,6.452905,848.381,341.336
5.9291667,1423,-3.642279,6.419364,848.084,342.371
5.9333333,1424,-3.656550,6.406044,847.644,342.783
5.9375000,1425,-3.666951,6.397752,847.322,343.039
5.9416667,1426,-3.656106,6.384083,847.657,343.460
5.9458333,1427,-3.704619,6.369126,846.160,343.922
5.9500000,1428,-3.695650,6.365556,846.437,344.032
5.9541667,1429,-3.701383,6.361359,846.260,344.162
5.9583333,1430,-3.701303,6.341418,846.262,344.777
5.9625000,1431,-3.727856,6.350217,845.443,344.506
5.9666667,1432,-3.727247,6.316476,845.462,345.547
5.9708333,1433,-3.724724,6.323141,845.539,345.341
5.9750000,1434,-3.750053,6.302409,844.758,345.981
5.9791667,1435,-3.737176,6.301839,845.155,345.999
5.9833333,1436,-3.731921,6.290124,845.317,346.360
5.9875000,1437,-3.767079,6.272343,844.232,346.909
5.9916667,1438,-3.786528,6.268965,843.632,347.013
5.9958333,1439,-3.774815,6.243552,843.993,347.798
6.0000000,1440,-3.794330,6.252422,843.391,347.524
6.0041667,1441,-3.787333,6.225038,843.607,348.369
6.0083333,1442,-3.819949,6.212176,842.600,348.766
6.0125000,1443,-3.834796,6.183978,842.142,349.636
6.0166667,1444,-3.833557,6.166191,842.180,350.185
6.0208333,1445,-3.847993,6.146773,841.735,350.785
6.0250000,1446,-3.864741,6.140197,841.218,350.988
6.0291667,1447,-3.868744,6.133977,841.094,351.180
6.0333333,1448,-3.896197,6.109095,840.247,351.948
6.0375000,1449,-3.914320,6.086277,839.688,352.652
6.0416667,1450,-3.932426,6.073668,839.129,353.041
6.0458333,1451,-3.941738,6.069255,838.841,353.177
6.0500000,1452,-3.956422,6.042808,838.388,353.994
6.0541667,1453,-3.968753,6.042156,838.008,354.014
6.0583333,1454,-3.984089,6.029051,837.534,354.418
6.0625000,1455,-4.004416,6.020536,836.907,354.681
6.0666667,1456,-3.991229,6.017188,837.314,354.784
6.0708333,1457,-4.000280,5.991788,837.035,355.568
6.0750000,1458,-4.025795,5.973175,836.247,356.143
6.0791667,1459,-4.013029,5.993771,836.641,355.507
6.0833333,1460,-4.051168,5.973140,835.464,356.144
6.0875000,1461,-4.040100,5.956718,835.806,356.651
6.0916667,1462,-4.042642,5.969774,835.727,356.248
6.0958333,1463,-4.054651,5.962580,835.356,356.470
6.1000000,1464,-4.054411,5.955747,835.364,356.681
6.1041667,1465,-4.061702,5.940176,835.139,357.161
6.1083333,1466,-4.073839,5.914950,834.764,357.940
6.1125000,1467,-4.093966,5.906497,834.143,358.201
6.1166667,1468,-4.093196,5.901168,834.167,358.365
6.1208333,1469,-4.122309,5.896339,833.268,358.514
6.1250000,1470,-4.138093,5.860072,832.781,359.634
6.1291667,1471,-4.153402,5.854922,832.309,359.793
6.1333333,1472,-4.169983,5.831064,831.797,360.529
6.1375000,1473,-4.184630,5.818748,831.345,360.909
6.1416667,1474,-4.208979,5.813339,830.593,361.076
6.1458333,1475,-4.227588,5.801210,830.019,361.450
6.1500000,1476,-4.216906,5.785063,830.349,361.949
6.1541667,1477,-4.239982,5.774221,829.636,362.283
6.1583333,1478,-4.250682,5.759729,829.306,362.731
6.1625000,1479,-4.270047,5.736426,828.708,363.450
6.1666667,1480,-4.294897,5.723705,827.941,363.842
6.1708333,1481,-4.287206,5.722593,828.179,363.877
6.1750000,1482,-4.303162,5.700616,827.686,364.555
6.1791667,1483,-4.329109,5.697964,826.886,364.637
6.1833333,1484,-4.321978,5.684020,827.106,365.067
6.1875000,1485,-4.354207,5.677409,826.111,365.271
6.1916667,1486,-4.337212,5.662602,826.635,365.728
6.1958333,1487,-4.360164,5.670801,825.927,365.475
6.2000000,1488,-4.352657,5.669492,826.159,365.516
6.2041667,1489,-4.376310,5.640216,825.429,366.419
6.2083333,1490,-4.369164,5.627897,825.649,366.799
6.2125000,1491,-4.383571,5.623361,825.205,366.939
6.2166667,1492,-4.390594,5.612750,824.988,367.267
6.2208333,1493,-4.402995,5.609481,824.605,367.368
6.2250000,1494,-4.410634,5.584504,824.369,368.139
6.2291667,1495,-4.419342,5.590799,824.101,367.944
6.2333333,1496,-4.428737,5.551180,823.811,369.167
6.2375000,1497,-4.464439,5.536693,822.709,369.614
6.2416667,1498,-4.461739,5.533972,822.792,369.698
6.2458333,1499,-4.476604,5.512761,822.333,370.353
6.2500000,1500,-4.487469,5.506570,821.998,370.544
6.2541667,1501,-4.499836,5.485226,821.616,371.203
6.2583333,1502,-4.496792,5.472348,821.710,371.600
6.2625000,1503,-4.524380,5.456486,820.859,372.090
6.2666667,1504,-4.556436,5.437818,819.869,372.666
6.2708333,1505,-4.563732,5.426612,819.644,373.012
6.2750000,1506,-4.566624,5.404004,819.555,373.710
6.2791667,1507,-4.598038,5.387754,818.585,374.211
6.2833333,1508,-4.600848,5.389411,818.499,374.160
6.2875000,1509,-4.620131,5.366150,817.903,374.878
6.2916667,1510,-4.623796,5.371045,817.790,374.727
6.2958333,1511,-4.639207,5.344746,817.315,375.539
6.3000000,1512,-4.647586,5.331705,817.056,375.941
6.3041667,1513,-4.658281,5.325936,816.726,376.119
6.3083333,1514,-4.671364,5.318330,816.322,376.354
6.3125000,1515,-4.662391,5.315086,816.599,376.454
6.3166667,1516,-4.677537,5.300952,816.132,376.890
6.3208333,1517,-4.687429,5.308579,815.826,376.655
6.3250000,1518,-4.683698,5.276296,815.941,377.651
6.3291667,1519,-4.702544,5.277835,815.360,377.604
6.3333333,1520,-4.714511,5.264380,814.990,378.019
6.3375000,1521,-4.722720,5.258535,814.737,378.200
6.3416667,1522,-4.738668,5.240537,814.245,378.755
6.3458333,1523,-4.753386,5.247830,813.791,378.530
6.3500000,1524,-4.743223,5.228612,814.104,379.123
6.3541667,1525,-4.778141,5.218490,813.027,379.436
6.3583333,1526,-4.775701,5.204385,813.102,379.871
6.3625000,1527,-4.796695,5.195289,812.454,380.152
6.3666667,1528,-4.825356,5.185888,811.569,380.442
6.3708333,1529,-4.833621,5.181873,811.314,380.566
6.3750000,1530,-4.854860,5.136951,810.659,381.952
6.3791667,1531,-4.865955,5.133118,810.316,382.070
6.3833333,1532,-4.874070,5.124435,810.066,382.338
6.3875000,1533,-4.904218,5.090453,809.135,383.387
6.3916667,1534,-4.920520,5.084953,808.632,383.557
6.3958333,1535,-4.939010,5.071987,808.061,383.957
6.4000000,1536,-4.932197,5.067253,808.272,384.103
6.4041667,1537,-4.957372,5.043371,807.495,384.840
6.4083333,1538,-4.968581,5.040980,807.149,384.914
6.4125000,1539,-4.981618,5.036194,806.746,385.062
6.4166667,1540,-5.002846,5.020301,806.091,385.552
6.4208333,1541,-4.989809,5.019285,806.494,385.584
6.4250000,1542,-5.021331,5.027400,805.521,385.333
6.4291667,1543,-5.038494,4.998575,804.991,386.223
6.4333333,1544,-5.023252,5.000612,805.461,386.160
6.4375000,1545,-5.045237,4.986152,804.783,386.606
6.4416667,1546,-5.037827,4.983162,805.012,386.699
6.4458333,1547,-5.048283,4.966602,804.689,387.210
6.4500000,1548,-5.060854,4.961279,804.301,387.374
6.4541667,1549,-5.064738,4.939379,804.181,388.050
6.4583333,1550,-5.072991,4.929783,803.926,388.346
6.4625000,1551,-5.093430,4.937913,803.295,388.095
6.4666667,1552,-5.107162,4.918664,802.872,388.689
6.4708333,1553,-5.123618,4.898594,802.364,389.309
6.4750000,1554,-5.128538,4.872434,802.212,390.116
6.4791667,1555,-5.143181,4.876200,801.760,390.000
6.4833333,1556,-5.160863,4.866175,801.214,390.309
6.4875000,1557,-5.173623,4.850239,800.820,390.801
6.4916667,1558,-5.161301,4.819883,801.201,391.738
6.4958333,1559,-5.191943,4.797737,800.255,392.422
6.5000000,1560,-5.223040,4.796382,799.295,392.464
6.5041667,1561,-5.212944,4.764487,799.607,393.448
6.5083333,1562,-5.255019,4.772601,798.308,393.197
6.5125000,1563,-5.254203,4.749724,798.333,393.904
6.5166667,1564,-5.274797,4.717875,797.698,394.887
6.5208333,1565,-5.286639,4.723871,797.332,394.702
6.5250000,1566,-5.292407,4.695040,797.154,395.591
6.5291667,1567,-5.294208,4.690034,797.099,395.746
6.5333333,1568,-5.297867,4.678166,796.986,396.112
6.5375000,1569,-5.330531,4.663230,795.977,396.573
6.5416667,1570,-5.326847,4.658070,796.091,396.732
6.5458333,1571,-5.336959,4.648078,795.779,397.041
6.5500000,1572,-5.332289,4.641202,795.923,397.253
6.5541667,1573,-5.336472,4.639840,795.794,397.295
6.5583333,1574,-5.360361,4.619882,795.057,397.911
6.5625000,1575,-5.364336,4.601678,794.934,398.473
6.5666667,1576,-5.371933,4.604939,794.700,398.372
6.5708333,1577,-5.367375,4.585124,794.840,398.984
6.5750000,1578,-5.385144,4.571790,794.292,399.395
6.5791667,1579,-5.396416,4.573680,793.944,399.337
6.5833333,1580,-5.405454,4.556954,793.665,399.853
6.5875000,1581,-5.416887,4.539550,793.312,400.390
6.5916667,1582,-5.420473,4.539878,793.201,400.380
6.5958333,1583,-5.417364,4.506789,793.297,401.402
6.6000000,1584,-5.457257,4.490318,792.066,401.910
6.6041667,1585,-5.461529,4.477841,791.934,402.295
6.6083333,1586,-5.465246,4.472202,791.820,402.469
6.6125000,1587,-5.498924,4.443686,790.780,403.349
6.6166667,1588,-5.490156,4.418237,791.051,404.135
6.6208333,1589,-5.502832,4.398928,790.660,404.731
6.6250000,1590,-5.518674,4.374536,790.171,405.483
6.6291667,1591,-5.541660,4.371417,789.461,405.580
6.6333333,1592,-5.527236,4.363094,789.906,405.837
6.6375000,1593,-5.549801,4.320641,789.210,407.147
6.6416667,1594,-5.561883,4.327949,788.837,406.921
6.6458333,1595,-5.558469,4.303167,788.942,407.686
6.6500000,1596,-5.588796,4.287397,788.006,408.173
6.6541667,1597,-5.590348,4.278239,787.958,408.456
6.6583333,1598,-5.606634,4.269239,787.456,408.733
6.6625000,1599,-5.599141,4.273251,787.687,408.610
6.6666667,1600,-5.602793,4.254912,787.574,409.176
6.6708333,1601,-5.612322,4.252874,787.280,409.238
6.6750000,1602,-5.617504,4.225623,787.120,410.080
6.6791667,1603,-5.615722,4.228579,787.175,409.988
6.6833333,1604,-5.632285,4.214408,786.664,410.426
6.6875000,1605,-5.635015,4.195620,786.580,411.006
6.6916667,1606,-5.649888,4.185588,786.121,411.315
6.6958333,1607,-5.642744,4.181677,786.341,411.436
6.7000000,1608,-5.660009,4.161125,785.808,412.070
6.7041667,1609,-5.654593,4.154739,785.976,412.267
6.7083333,1610,-5.684119,4.141320,785.064,412.681
6.7125000,1611,-5.686802,4.121846,784.981,413.283
6.7166667,1612,-5.699181,4.107660,784.599,413.720
6.7208333,1613,-5.724101,4.091579,783.830,414.217
6.7250000,1614,-5.720393,4.077868,783.945,414.640
6.7291667,1615,-5.735668,4.052943,783.473,415.409
6.7333333,1616,-5.744563,4.038243,783.199,415.863
6.7375000,1617,-5.757964,4.023459,782.785,416.319
6.7416667,1618,-5.780180,4.012925,782.099,416.644
6.7458333,1619,-5.776526,3.982263,782.212,417.591
6.7500000,1620,-5.796921,3.955807,781.583,418.407
6.7541667,1621,-5.803943,3.952631,781.366,418.505
6.7583333,1622,-5.836207,3.939496,780.370,418.911
6.7625000,1623,-5.844374,3.923860,780.118,419.393
6.7666667,1624,-5.850634,3.916143,779.925,419.631
6.7708333,1625,-5.843746,3.890443,780.137,420.425
6.7750000,1626,-5.849512,3.878921,779.960,420.780
6.7791667,1627,-5.850485,3.871411,779.929,421.012
6.7833333,1628,-5.860500,3.853746,779.620,421.557
6.7875000,1629,-5.880633,3.848582,778.999,421.717
6.7916667,1630,-5.876877,3.838471,779.115,422.029
6.7958333,1631,-5.867566,3.845659,779.402,421.807
6.8000000,1632,-5.877084,3.822034,779.109,422.536
6.8041667,1633,-5.905907,3.802300,778.219,423.145
6.8083333,1634,-5.902812,3.810008,778.314,422.907
6.8125000,1635,-5.919477,3.797490,777.800,423.294
6.8166667,1636,-5.912403,3.775944,778.018,423.959
6.8208333,1637,-5.915428,3.757021,777.925,424.543
6.8250000,1638,-5.925796,3.751568,777.605,424.711
6.8291667,1639,-5.950755,3.719175,776.835,425.711
6.8333333,1640,-5.956780,3.719873,776.649,425.689
6.8375000,1641,-5.962800,3.694522,776.463,426.472
6.8416667,1642,-5.955374,3.682968,776.692,426.828
6.8458333,1643,-5.975731,3.654040,776.064,427.721
6.8500000,1644,-5.985959,3.643647,775.748,428.042
6.8541667,1645,-5.994474,3.615749,775.485,428.903
6.8583333,1646,-6.002589,3.590246,775.235,429.690
6.8625000,1647,-6.020908,3.583848,774.670,429.887
6.8666667,1648,-6.032155,3.550876,774.322,430.905
6.8708333,1649,-6.035134,3.534348,774.230,431.415
6.8750000,1650,-6.040344,3.513056,774.070,432.072
6.8791667,1651,-6.050222,3.504614,773.765,432.333
6.8833333,1652,-6.045982,3.496480,773.896,432.584
6.8875000,1653,-6.057658,3.487345,773.535,432.866
6.8916667,1654,-6.057572,3.462736,773.538,433.625
6.8958333,1655,-6.075677,3.464771,772.979,433.563
6.9000000,1656,-6.095674,3.440603,772.362,434.309
6.9041667,1657,-6.085727,3.434005,772.669,434.512
6.9083333,1658,-6.080728,3.437617,772.823,434.401
6.9125000,1659,-6.092822,3.420001,772.450,434.944
6.9166667,1660,-6.121957,3.405974,771.551,435.377
6.9208333,1661,-6.113136,3.403792,771.823,435.445
6.9250000,1662,-6.122048,3.388976,771.548,435.902
6.9291667,1663,-6.126986,3.377334,771.396,436.261
6.9333333,1664,-6.139769,3.379155,771.001,436.205
6.9375000,1665,-6.145535,3.353555,770.823,436.995
6.9416667,1666,-6.160740,3.336214,770.354,437.530
6.9458333,1667,-6.170711,3.322013,770.046,437.969
6.9500000,1668,-6.171181,3.317427,770.031,438.110
6.9541667,1669,-6.189241,3.286806,769.474,439.055
6.9583333,1670,-6.205235,3.270038,768.980,439.573
6.9625000,1671,-6.227924,3.251189,768.280,440.155
6.9666667,1672,-6.235699,3.246326,768.040,440.305
6.9708333,1673,-6.245328,3.227182,767.743,440.896
6.9750000,1674,-6.249261,3.207279,767.622,441.510
6.9791667,1675,-6.277259,3.192976,766.757,441.951
6.9833333,1676,-6.273044,3.167841,766.888,442.727
6.9875000,1677,-6.274862,3.172144,766.831,442.594
6.9916667,1678,-6.294635,3.130017,766.221,443.895
6.9958333,1679,-6.316745,3.120042,765.539,444.202
7.0000000,1680,-6.306058,3.114307,765.869,444.379
7.0041667,1681,-6.321801,3.090124,765.383,445.126
7.0083333,1682,-6.324191,3.089272,765.309,445.152
7.0125000,1683,-6.328733,3.078502,765.169,445.485
7.0166667,1684,-6.337847,3.067645,764.887,445.820
7.0208333,1685,-6.350971,3.069523,764.482,445.762
7.0250000,1686,-6.364026,3.053358,764.079,446.261
7.0291667,1687,-6.346085,3.044778,764.633,446.525
7.0333333,1688,-6.378403,3.022092,763.636,447.226
7.0375000,1689,-6.372190,3.043832,763.827,446.555
7.0416667,1690,-6.394761,3.025610,763.131,447.117
7.0458333,1691,-6.386264,2.988184,763.393,448.272
7.0500000,1692,-6.390778,3.000736,763.254,447.885
7.0541667,1693,-6.409533,2.969063,762.675,448.862
7.0583333,1694,-6.434215,2.952440,761.913,449.375
7.0625000,1695,-6.443631,2.944481,761.623,449.621
7.0666667,1696,-6.441277,2.932076,761.695,450.004
7.0708333,1697,-6.453130,2.918070,761.329,450.436
7.0750000,1698,-6.472711,2.898830,760.725,451.030
7.0791667,1699,-6.489847,2.875278,760.196,451.757
7.0833333,1700,-6.493304,2.874268,760.089,451.788
7.0875000,1701,-6.515679,2.835238,759.399,452.993
7.0916667,1702,-6.531653,2.831073,758.906,453.121
7.0958333,1703,-6.540921,2.823445,758.620,453.357
7.1000000,1704,-6.558032,2.815986,758.092,453.587
7.1041667,1705,-6.563345,2.783233,757.928,454.598
7.1083333,1706,-6.572790,2.769902,757.636,455.009
7.1125000,1707,-6.591023,2.757404,757.073,455.395
7.1166667,1708,-6.623852,2.741087,756.060,455.899
7.1208333,1709,-6.614596,2.739731,756.346,455.940
7.1250000,1710,-6.627057,2.722947,755.961,456.458
7.1291667,1711,-6.639998,2.731247,755.562,456.202
7.1333333,1712,-6.641994,2.703434,755.500,457.061
7.1375000,1713,-6.635125,2.687163,755.712,457.563
7.1416667,1714,-6.664767,2.676434,754.797,457.894
7.1458333,1715,-6.664172,2.692142,754.816,457.409
7.1500000,1716,-6.675376,2.672203,754.470,458.025
7.1541667,1717,-6.689717,2.650837,754.027,458.684
7.1583333,1718,-6.697782,2.649948,753.778,458.711
7.1625000,1719,-6.690797,2.633938,753.994,459.206
7.1666667,1720,-6.716191,2.627695,753.210,459.398
7.1708333,1721,-6.701604,2.607941,753.660,460.008
7.1750000,1722,-6.729141,2.602702,752.810,460.170
7.1791667,1723,-6.737360,2.579716,752.557,460.879
7.1833333,1724,-6.748732,2.591240,752.206,460.523
7.1875000,1725,-6.779341,2.564140,751.261,461.360
7.1916667,1726,-6.773330,2.546673,751.447,461.899
7.1958333,1727,-6.795364,2.530909,750.767,462.386
7.2000000,1728,-6.811165,2.516728,750.279,462.823
7.2041667,1729,-6.819774,2.490153,750.013,463.643
7.2083333,1730,-6.837239,2.468169,749.474,464.322
7.2125000,1731,-6.851493,2.451242,749.034,464.844
7.2166667,1732,-6.874026,2.442042,748.339,465.128
7.2208333,1733,-6.876567,2.425330,748.260,465.644
7.2250000,1734,-6.881076,2.433716,748.121,465.385
7.2291667,1735,-6.902435,2.417854,747.462,465.875
7.2333333,1736,-6.898663,2.398892,747.578,466.460
7.2375000,1737,-6.916042,2.376618,747.042,467.148
7.2416667,1738,-6.916366,2.373017,747.032,467.259
7.2458333,1739,-6.927289,2.352825,746.695,467.882
7.2500000,1740,-6.942335,2.342786,746.230,468.192
7.2541667,1741,-6.942843,2.341795,746.215,468.222
7.2583333,1742,-6.952136,2.318096,745.928,468.954
7.2625000,1743,-6.959986,2.319247,745.686,468.918
7.2666667,1744,-6.966685,2.306528,745.479,469.311
7.2708333,1745,-6.984031,2.298391,744.944,469.562
7.2750000,1746,-6.976133,2.289518,745.187,469.836
7.2791667,1747,-6.982283,2.270467,744.997,470.424
7.2833333,1748,-6.997670,2.246631,744.523,471.160
7.2875000,1749,-7.010588,2.252711,744.124,470.972
7.2916667,1750,-7.002246,2.237596,744.381,471.438
7.2958333,1751,-7.014958,2.213005,743.989,472.197
7.3000000,1752,-7.019162,2.200812,743.859,472.574
7.3041667,1753,-7.030718,2.176433,743.503,473.326
7.3083333,1754,-7.059908,2.166135,742.602,473.644
7.3125000,1755,-7.064213,2.156619,742.469,473.938
7.3166667,1756,-7.078095,2.130708,742.040,474.737
7.3208333,1757,-7.084213,2.123873,741.851,474.948
7.3250000,1758,-7.112764,2.092841,740.970,475.906
7.3291667,1759,-7.124973,2.078850,740.593,476.338
7.3333333,1760,-7.120026,2.039688,740.746,477.547
7.3375000,1761,-7.150716,2.051033,739.799,477.196
7.3416667,1762,-7.152500,2.035412,739.744,477.679
7.3458333,1763,-7.162309,2.006824,739.441,478.561
7.3500000,1764,-7.184258,2.003896,738.764,478.651
7.3541667,1765,-7.187169,1.985618,738.674,479.215
7.3583333,1766,-7.196947,1.982177,738.372,479.322
7.3625000,1767,-7.202621,1.979890,738.197,479.392
7.3666667,1768,-7.214332,1.954395,737.835,480.179
7.3708333,1769,-7.205016,1.958860,738.123,480.041
7.3750000,1770,-7.221543,1.935126,737.613,480.774
7.3791667,1771,-7.218081,1.939361,737.720,480.643
7.3833333,1772,-7.225265,1.920962,737.498,481.211
7.3875000,1773,-7.252193,1.920611,736.667,481.222
7.3916667,1774,-7.239132,1.898514,737.070,481.904
7.3958333,1775,-7.258309,1.885951,736.478,482.292
7.4000000,1776,-7.256661,1.885925,736.529,482.292
7.4041667,1777,-7.263634,1.881978,736.314,482.414
7.4083333,1778,-7.270625,1.865627,736.098,482.919
7.4125000,1779,-7.283454,1.859253,735.702,483.116
7.4166667,1780,-7.303334,1.837266,735.088,483.794
7.4208333,1781,-7.319299,1.818313,734.596,484.379
7.4250000,1782,-7.327580,1.801369,734.340,484.902
7.4291667,1783,-7.340235,1.767357,733.950,485.952
7.4333333,1784,-7.354695,1.769159,733.503,485.896
7.4375000,1785,-7.370235,1.734700,733.024,486.960
7.4416667,1786,-7.377240,1.722878,732.807,487.325
7.4458333,1787,-7.399316,1.696960,732.126,488.125
7.4500000,1788,-7.408734,1.689485,731.835,488.355
7.4541667,1789,-7.422958,1.685921,731.396,488.465
7.4583333,1790,-7.427200,1.660376,731.265,489.254
7.4625000,1791,-7.452845,1.639937,730.474,489.885
7.4666667,1792,-7.464251,1.621581,730.122,490.451
7.4708333,1793,-7.477224,1.631327,729.721,490.150
7.4750000,1794,-7.474036,1.614768,729.820,490.661
7.4791667,1795,-7.486422,1.606684,729.438,490.911
7.4833333,1796,-7.500292,1.594521,729.010,491.286
7.4875000,1797,-7.492702,1.592895,729.244,491.337
7.4916667,1798,-7.521905,1.575963,728.342,491.859
7.4958333,1799,-7.516155,1.578279,728.520,491.788
7.5000000,1800,-7.527723,1.567897,728.163,492.108
7.5041667,1801,-7.542441,1.557918,727.709,492.416
7.5083333,1802,-7.556190,1.560513,727.284,492.336
7.5125000,1803,-7.562518,1.541968,727.089,492.908
7.5166667,1804,-7.559546,1.519149,727.181,493.613
7.5208333,1805,-7.588894,1.531147,726.275,493.242
7.5250000,1806,-7.591209,1.516580,726.203,493.692
7.5291667,1807,-7.608275,1.493868,725.677,494.393
7.5333333,1808,-7.616251,1.492399,725.431,494.438
7.5375000,1809,-7.638479,1.469042,724.744,495.159
7.5416667,1810,-7.652192,1.457065,724.321,495.529
7.5458333,1811,-7.675544,1.426101,723.600,496.485
7.5500000,1812,-7.680107,1.437055,723.460,496.146
7.5541667,1813,-7.704178,1.406163,722.717,497.100
7.5583333,1814,-7.714212,1.396676,722.407,497.393
7.5625000,1815,-7.745921,1.386418,721.428,497.709
7.5666667,1816,-7.757542,1.370087,721.070,498.213
7.5708333,1817,-7.765352,1.357769,720.829,498.594
7.5750000,1818,-7.783509,1.348455,720.268,498.881
7.5791667,1819,-7.793392,1.339493,719.963,499.158
7.5833333,1820,-7.809260,1.319225,719.473,499.783
7.5875000,1821,-7.809883,1.291931,719.454,500.626
7.5916667,1822,-7.822067,1.302239,719.078,500.307
7.5958333,1823,-7.827409,1.299526,718.913,500.391
7.6000000,1824,-7.839986,1.284118,718.525,500.867
7.6041667,1825,-7.844379,1.271450,718.390,501.258
7.6083333,1826,-7.852127,1.281326,718.150,500.953
7.6125000,1827,-7.865923,1.254274,717.725,501.788
7.6166667,1828,-7.879674,1.247504,717.300,501.997
7.6208333,1829,-7.884232,1.237776,717.160,502.297
7.6250000,1830,-7.890817,1.240398,716.956,502.216
7.6291667,1831,-7.906987,1.214458,716.457,503.017
7.6333333,1832,-7.914597,1.210892,716.222,503.127
7.6375000,1833,-7.913904,1.204425,716.244,503.326
7.6416667,1834,-7.928046,1.200950,715.807,503.434
7.6458333,1835,-7.952460,1.199489,715.054,503.479
7.6500000,1836,-7.967328,1.176643,714.595,504.184
7.6541667,1837,-7.978290,1.154187,714.256,504.877
7.6583333,1838,-8.001939,1.145304,713.527,505.151
7.6625000,1839,-7.996404,1.123499,713.697,505.824
7.6666667,1840,-8.017079,1.110944,713.059,506.212
7.6708333,1841,-8.045264,1.090216,712.189,506.851
7.6750000,1842,-8.051899,1.074477,711.985,507.337
7.6791667,1843,-8.068850,1.053680,711.461,507.979
7.6833333,1844,-8.067991,1.055574,711.488,507.921
7.6875000,1845,-8.102031,1.029332,710.437,508.731
7.6916667,1846,-8.111022,1.024031,710.160,508.894
7.6958333,1847,-8.105587,0.995920,710.328,509.762
7.7000000,1848,-8.117052,0.995870,709.974,509.763
7.7041667,1849,-8.128997,0.973381,709.605,510.457
7.7083333,1850,-8.149128,0.971565,708.984,510.513
7.7125000,1851,-8.164908,0.952653,708.497,511.097
7.7166667,1852,-8.177360,0.946986,708.112,511.272
7.7208333,1853,-8.172876,0.935533,708.251,511.626
7.7250000,1854,-8.193500,0.928918,707.614,511.830
7.7291667,1855,-8.196260,0.927683,707.529,511.868
7.7333333,1856,-8.204436,0.897044,707.277,512.813
7.7375000,1857,-8.203356,0.921470,707.310,512.060
7.7416667,1858,-8.225237,0.906265,706.635,512.529
7.7458333,1859,-8.220987,0.888726,706.766,513.070
7.7500000,1860,-8.243572,0.901975,706.069,512.661
7.7541667,1861,-8.253549,0.869340,705.761,513.669
7.7583333,1862,-8.270597,0.863022,705.235,513.864
7.7625000,1863,-8.273089,0.867012,705.158,513.740
7.7666667,1864,-8.290303,0.854099,704.626,514.139
7.7708333,1865,-8.302648,0.819544,704.245,515.205
7.7750000,1866,-8.321572,0.815784,703.661,515.321
7.7791667,1867,-8.335169,0.796242,703.242,515.925
7.7833333,1868,-8.339753,0.794804,703.100,515.969
7.7875000,1869,-8.365787,0.762136,702.297,516.977
7.7916667,1870,-8.377870,0.763492,701.924,516.935
7.7958333,1871,-8.403102,0.741850,701.145,517.603
7.8000000,1872,-8.419237,0.720238,700.647,518.270
7.8041667,1873,-8.426135,0.713724,700.434,518.471
7.8083333,1874,-8.429056,0.694835,700.344,519.054
7.8125000,1875,-8.469552,0.683020,699.094,519.419
7.8166667,1876,-8.474533,0.673799,698.940,519.704
7.8208333,1877,-8.495191,0.677248,698.303,519.597
7.8250000,1878,-8.499745,0.663270,698.162,520.029
7.8291667,1879,-8.513781,0.655741,697.729,520.261
7.8333333,1880,-8.529958,0.646960,697.230,520.532
7.8375000,1881,-8.547554,0.644494,696.687,520.608
7.8416667,1882,-8.557565,0.637746,696.378,520.816
7.8458333,1883,-8.543120,0.631399,696.823,521.012
7.8500000,1884,-8.562446,0.624639,696.227,521.221
7.8541667,1885,-8.572533,0.619149,695.916,521.390
7.8583333,1886,-8.577899,0.607219,695.750,521.759
7.8625000,1887,-8.592758,0.610967,695.291,521.643
7.8666667,1888,-8.586095,0.596508,695.497,522.089
7.8708333,1889,-8.613998,0.569798,694.636,522.914
7.8750000,1890,-8.619460,0.587664,694.467,522.362
7.8791667,1891,-8.638581,0.565442,693.877,523.048
7.8833333,1892,-8.666402,0.556500,693.018,523.324
7.8875000,1893,-8.666957,0.537644,693.001,523.906
7.8916667,1894,-8.685428,0.525756,692.431,524.273
7.8958333,1895,-8.708836,0.513991,691.709,524.636
7.9000000,1896,-8.712629,0.502989,691.592,524.976
7.9041667,1897,-8.736334,0.489859,690.860,525.381
7.9083333,1898,-8.753008,0.469586,690.345,526.007
7.9125000,1899,-8.787107,0.463322,689.293,526.200
7.9166667,1900,-8.798903,0.452275,688.929,526.541
7.9208333,1901,-8.825683,0.428822,688.102,527.265
7.9250000,1902,-8.823978,0.432477,688.155,527.152
7.9291667,1903,-8.835501,0.418549,687.799,527.582
7.9333333,1904,-8.863274,0.410723,686.942,527.823
7.9375000,1905,-8.853816,0.391202,687.234,528.426
7.9416667,1906,-8.893856,0.398131,685.998,528.212
7.9458333,1907,-8.894415,0.392790,685.981,528.377
7.9500000,1908,-8.923659,0.379202,685.078,528.796
7.9541667,1909,-8.932530,0.380566,684.805,528.754
7.9583333,1910,-8.923099,0.352251,685.096,529.628
7.9625000,1911,-8.933930,0.352764,684.761,529.612
7.9666667,1912,-8.927196,0.348154,684.969,529.755
7.9708333,1913,-8.950355,0.338608,684.254,530.049
7.9750000,1914,-8.951161,0.333550,684.230,530.205
7.9791667,1915,-8.977767,0.308933,683.408,530.965
7.9833333,1916,-8.977331,0.316577,683.422,530.729
7.9875000,1917,-8.982938,0.322366,683.249,530.550
7.9916667,1918,-9.005975,0.294768,682.538,531.402
7.9958333,1919,-9.008252,0.291387,682.468,531.507
8.0000000,1920,-9.024921,0.276440,681.953,531.968
8.0041667,1921,-9.047553,0.274102,681.255,532.040
8.0083333,1922,-9.075451,0.271888,680.394,532.108
8.0125000,1923,-9.089738,0.249624,679.953,532.796
8.0166667,1924,-9.115823,0.237033,679.147,533.184
8.0208333,1925,-9.112616,0.212734,679.246,533.934
8.0250000,1926,-9.126436,0.205018,678.820,534.172
8.0291667,1927,-9.153713,0.188247,677.978,534.690
8.0333333,1928,-9.170634,0.189369,677.456,534.655
8.0375000,1929,-9.208136,0.179403,676.298,534.963
8.0416667,1930,-9.201676,0.166982,676.498,535.346
8.0458333,1931,-9.238586,0.146097,675.358,535.991
8.0500000,1932,-9.248317,0.149898,675.058,535.874
8.0541667,1933,-9.242614,0.142603,675.234,536.099
8.0583333,1934,-9.268208,0.117092,674.444,536.886
8.0625000,1935,-9.290346,0.125508,673.761,536.626
8.0666667,1936,-9.302780,0.115611,673.377,536.932
8.0708333,1937,-9.304572,0.104042,673.322,537.289
8.0750000,1938,-9.307426,0.118932,673.234,536.829
8.0791667,1939,-9.324379,0.094948,672.711,537.570
8.0833333,1940,-9.334832,0.091368,672.388,537.680
8.0875000,1941,-9.341698,0.069913,672.176,538.342
8.0916667,1942,-9.350214,0.075812,671.913,538.160
8.0958333,1943,-9.378682,0.078743,671.035,538.070
8.1000000,1944,-9.391832,0.063319,670.629,538.546
8.1041667,1945,-9.378160,0.066284,671.051,538.454
8.1083333,1946,-9.406705,0.064003,670.170,538.525
8.1125000,1947,-9.431054,0.048928,669.418,538.990
8.1166667,1948,-9.432166,0.029073,669.384,539.603
8.1208333,1949,-9.445486,0.004207,668.973,540.370
8.1250000,1950,-9.463548,0.013425,668.415,540.086
8.1291667,1951,-9.469171,-0.007175,668.242,540.721
8.1333333,1952,-9.506424,-0.022515,667.092,541.195
8.1375000,1953,-9.516875,-0.017219,666.769,541.031
8.1416667,1954,-9.546854,-0.029164,665.844,541.400
8.1458333,1955,-9.537252,-0.042712,666.140,541.818
8.1500000,1956,-9.582391,-0.048588,664.747,542.000
8.1541667,1957,-9.605132,-0.056654,664.045,542.249
8.1583333,1958,-9.603666,-0.079474,664.091,542.953
8.1625000,1959,-9.624190,-0.101250,663.457,543.625
8.1666667,1960,-9.652481,-0.085089,662.584,543.126
8.1708333,1961,-9.652893,-0.106852,662.571,543.798
8.1750000,1962,-9.665401,-0.117101,662.185,544.114
8.1791667,1963,-9.688312,-0.129851,661.478,544.508
8.1833333,1964,-9.692598,-0.141034,661.346,544.853
8.1875000,1965,-9.700943,-0.127987,661.088,544.450
8.1916667,1966,-9.713811,-0.128211,660.691,544.457
8.1958333,1967,-9.733314,-0.143052,660.089,544.915
8.2000000,1968,-9.740154,-0.153592,659.878,545.241
8.2041667,1969,-9.753648,-0.155432,659.461,545.297
8.2083333,1970,-9.763645,-0.134369,659.153,544.647
8.2125000,1971,-9.771610,-0.166225,658.907,545.630
8.2166667,1972,-9.786402,-0.152280,658.451,545.200
8.2208333,1973,-9.796345,-0.168396,658.144,545.697
8.2250000,1974,-9.809541,-0.180516,657.736,546.071
8.2291667,1975,-9.824588,-0.193794,657.272,546.481
8.2333333,1976,-9.833717,-0.194037,656.990,546.489
8.2375000,1977,-9.864238,-0.203541,656.048,546.782
8.2416667,1978,-9.879653,-0.209230,655.572,546.958
8.2458333,1979,-9.895626,-0.218701,655.079,547.250
8.2500000,1980,-9.916209,-0.217511,654.444,547.213
8.2541667,1981,-9.924898,-0.223406,654.176,547.395
8.2583333,1982,-9.946704,-0.237395,653.503,547.827
8.2625000,1983,-9.968241,-0.250087,652.838,548.219
8.2666667,1984,-9.988611,-0.281219,652.210,549.180
8.2708333,1985,-10.000460,-0.283586,651.844,549.253
8.2750000,1986,-10.015187,-0.299449,651.389,549.742
8.2791667,1987,-10.031046,-0.303334,650.900,549.862
8.2833333,1988,-10.055544,-0.312923,650.144,550.158
8.2875000,1989,-10.067739,-0.333660,649.767,550.798
8.2916667,1990,-10.095146,-0.334874,648.921,550.836
8.2958333,1991,-10.095849,-0.341083,648.900,551.027
8.3000000,1992,-10.088426,-0.345089,649.129,551.151
8.3041667,1993,-10.122017,-0.360103,648.092,551.614
8.3083333,1994,-10.118866,-0.373865,648.189,552.039
8.3125000,1995,-10.130960,-0.368034,647.816,551.859
8.3166667,1996,-10.152828,-0.374350,647.141,552.054
8.3208333,1997,-10.168976,-0.384883,646.643,552.379
8.3250000,1998,-10.170802,-0.384162,646.586,552.357
8.3291667,1999,-10.164300,-0.402690,646.787,552.929
8.3333333,2000,-10.176727,-0.402346,646.403,552.918
8.3375000,2001,-10.191270,-0.426493,645.955,553.663
8.3416667,2002,-10.211121,-0.414578,645.342,553.296
8.3458333,2003,-10.214148,-0.419381,645.249,553.444
8.3500000,2004,-10.242003,-0.447405,644.389,554.309
8.3541667,2005,-10.240375,-0.433737,644.439,553.887
8.3583333,2006,-10.258472,-0.455214,643.881,554.550
8.3625000,2007,-10.271457,-0.474314,643.480,555.139
8.3666667,2008,-10.269816,-0.497735,643.530,555.862
8.3708333,2009,-10.289827,-0.491860,642.913,555.681
8.3750000,2010,-10.336476,-0.515366,641.473,556.406
8.3791667,2011,-10.344621,-0.525111,641.222,556.707
8.3833333,2012,-10.363403,-0.535341,640.642,557.023
8.3875000,2013,-10.377767,-0.557380,640.199,557.703
8.3916667,2014,-10.377061,-0.575241,640.220,558.254
8.3958333,2015,-10.420160,-0.585527,638.890,558.572
8.4000000,2016,-10.425923,-0.605979,638.712,559.203
8.4041667,2017,-10.427977,-0.611735,638.649,559.381
8.4083333,2018,-10.455636,-0.612543,637.795,559.406
8.4125000,2019,-10.449024,-0.634779,637.999,560.092
8.4166667,2020,-10.471488,-0.644112,637.306,560.380
8.4208333,2021,-10.482347,-0.646764,636.971,560.462
8.4250000,2022,-10.485643,-0.653618,636.869,560.673
8.4291667,2023,-10.501098,-0.666171,636.392,561.061
8.4333333,2024,-10.499591,-0.664262,636.439,561.002
8.4375000,2025,-10.501980,-0.672452,636.365,561.255
8.4416667,2026,-10.543726,-0.681749,635.076,561.542
8.4458333,2027,-10.524282,-0.693135,635.676,561.893
8.4500000,2028,-10.558218,-0.701871,634.629,562.163
8.4541667,2029,-10.568098,-0.709386,634.324,562.395
8.4583333,2030,-10.557212,-0.726393,634.660,562.920
8.4625000,2031,-10.571412,-0.732813,634.222,563.118
8.4666667,2032,-10.582633,-0.741200,633.876,563.377
8.4708333,2033,-10.604444,-0.756501,633.202,563.849
8.4750000,2034,-10.615096,-0.754258,632.874,563.780
8.4791667,2035,-10.627479,-0.775995,632.491,564.450
8.4833333,2036,-10.654360,-0.798688,631.662,565.151
8.4875000,2037,-10.654837,-0.815113,631.647,565.658
8.4916667,2038,-10.677341,-0.827366,630.952,566.036
8.4958333,2039,-10.687691,-0.849286,630.633,566.713
8.5000000,2040,-10.729972,-0.853827,629.328,566.853
8.5041667,2041,-10.749237,-0.858011,628.733,566.982
8.5083333,2042,-10.750644,-0.877432,628.690,567.581
8.5125000,2043,-10.763490,-0.874440,628.294,567.489
8.5166667,2044,-10.771517,-0.903971,628.046,568.400
8.5208333,2045,-10.792257,-0.913254,627.406,568.687
8.5250000,2046,-10.806754,-0.922224,626.958,568.964
8.5291667,2047,-10.820236,-0.933173,626.542,569.302
8.5333333,2048,-10.816592,-0.938688,626.655,569.472
8.5375000,2049,-10.833133,-0.944414,626.144,569.649
8.5416667,2050,-10.829727,-0.970507,626.249,570.454
8.5458333,2051,-10.853557,-0.971301,625.514,570.478
8.5500000,2052,-10.858736,-0.979547,625.354,570.733
8.5541667,2053,-10.871607,-0.974219,624.957,570.568
8.5583333,2054,-10.882097,-0.988428,624.633,571.007
8.5625000,2055,-10.885995,-0.989221,624.513,571.032
8.5666667,2056,-10.907462,-0.999301,623.850,571.343
8.5708333,2057,-10.911779,-1.014457,623.717,571.810
8.5750000,2058,-10.915224,-1.023051,623.610,572.076
8.5791667,2059,-10.935020,-1.041287,622.999,572.638
8.5833333,2060,-10.958019,-1.045018,622.290,572.754
8.5875000,2061,-10.959463,-1.047345,622.245,572.825
8.5916667,2062,-10.978724,-1.054629,621.651,573.050
8.5958333,2063,-10.980186,-1.086881,621.605,574.046
8.6000000,2064,-11.007933,-1.107310,620.749,574.676
8.6041667,2065,-11.020128,-1.122516,620.373,575.146
8.6083333,2066,-11.027408,-1.132767,620.148,575.462
8.6125000,2067,-11.047120,-1.139831,619.540,575.680
8.6166667,2068,-11.054379,-1.171001,619.315,576.642
8.6208333,2069,-11.073174,-1.185521,618.735,577.090
8.6250000,2070,-11.090196,-1.191810,618.210,577.284
8.6291667,2071,-11.097286,-1.210696,617.991,577.867
8.6333333,2072,-11.112443,-1.213312,617.523,577.948
8.6375000,2073,-11.130773,-1.246490,616.958,578.972
8.6416667,2074,-11.129224,-1.246931,617.005,578.986
8.6458333,2075,-11.147353,-1.264847,616.446,579.538
8.6500000,2076,-11.152870,-1.278538,616.276,579.961
8.6541667,2077,-11.165964,-1.294617,615.871,580.457
8.6583333,2078,-11.169704,-1.273088,615.756,579.793
8.6625000,2079,-11.184183,-1.299668,615.309,580.613
8.6666667,2080,-11.182410,-1.312588,615.364,581.012
8.6708333,2081,-11.190635,-1.319961,615.110,581.240
8.6750000,2082,-11.199453,-1.328552,614.838,581.505
8.6791667,2083,-11.204173,-1.328983,614.692,581.518
8.6833333,2084,-11.213664,-1.350266,614.399,582.175
8.6875000,2085,-11.213887,-1.349689,614.392,582.157
8.6916667,2086,-11.213668,-1.366712,614.399,582.682
8.6958333,2087,-11.240754,-1.389558,613.563,583.388
8.7000000,2088,-11.245233,-1.391473,613.425,583.447
8.7041667,2089,-11.265641,-1.415433,612.795,584.186
8.7083333,2090,-11.267055,-1.416726,612.751,584.226
8.7125000,2091,-11.274088,-1.450605,612.534,585.272
8.7166667,2092,-11.282959,-1.468716,612.261,585.831
8.7208333,2093,-11.308484,-1.467145,611.473,585.782
8.7250000,2094,-11.315488,-1.497722,611.257,586.726
8.7291667,2095,-11.321686,-1.517844,611.065,587.347
8.7333333,2096,-11.310071,-1.533598,611.424,587.833
8.7375000,2097,-11.343586,-1.553136,610.389,588.436
8.7416667,2098,-11.356967,-1.559972,609.976,588.647
8.7458333,2099,-11.376939,-1.583085,609.360,589.361
8.7500000,2100,-11.385719,-1.606752,609.089,590.091
8.7541667,2101,-11.412419,-1.623209,608.265,590.599
8.7583333,2102,-11.408274,-1.632628,608.393,590.890
8.7625000,2103,-11.418190,-1.628515,608.087,590.763
8.7666667,2104,-11.423375,-1.654569,607.927,591.567
8.7708333,2105,-11.431697,-1.675595,607.670,592.216
8.7750000,2106,-11.418892,-1.690309,608.065,592.670
8.7791667,2107,-11.434576,-1.691859,607.581,592.718
8.7833333,2108,-11.449712,-1.701739,607.114,593.023
8.7875000,2109,-11.470401,-1.703228,606.475,593.069
8.7916667,2110,-11.447231,-1.713192,607.190,593.376
8.7958333,2111,-11.472272,-1.723384,606.418,593.691
8.8000000,2112,-11.481425,-1.744665,606.135,594.348
8.8041667,2113,-11.483031,-1.744299,606.085,594.336
8.8083333,2114,-11.490885,-1.760098,605.843,594.824
8.8125000,2115,-11.485954,-1.767163,605.995,595.042
8.8166667,2116,-11.503825,-1.789577,605.444,595.734
8.8208333,2117,-11.508561,-1.801456,605.298,596.100
8.8250000,2118,-11.516606,-1.815808,605.049,596.543
8.8291667,2119,-11.518971,-1.823812,604.976,596.791
8.8333333,2120,-11.536051,-1.857196,604.449,597.821
8.8375000,2121,-11.554322,-1.868518,603.885,598.170
8.8416667,2122,-11.567254,-1.879074,603.486,598.496
8.8458333,2123,-11.585650,-1.900176,602.918,599.147
8.8500000,2124,-11.593502,-1.916419,602.676,599.649
8.8541667,2125,-11.622332,-1.958938,601.786,600.961
8.8583333,2126,-11.601105,-1.971309,602.441,601.343
8.8625000,2127,-11.625402,-1.973604,601.691,601.414
8.8666667,2128,-11.634715,-2.005526,601.404,602.399
8.8708333,2129,-11.635411,-2.022122,601.382,602.911
8.8750000,2130,-11.654043,-2.032478,600.807,603.231
8.8791667,2131,-11.657925,-2.031627,600.688,603.205
8.8833333,2132,-11.672951,-2.069478,600.224,604.373
8.8875000,2133,-11.677316,-2.066797,600.089,604.290
8.8916667,2134,-11.680961,-2.062698,599.977,604.164
8.8958333,2135,-11.674214,-2.095683,600.185,605.182
8.9000000,2136,-11.705362,-2.091788,599.223,605.061
8.9041667,2137,-11.704540,-2.115909,599.249,605.806
8.9083333,2138,-11.700060,-2.121410,599.387,605.976
8.9125000,2139,-11.703399,-2.143132,599.284,606.646
8.9166667,2140,-11.716710,-2.140900,598.873,606.577
8.9208333,2141,-11.720271,-2.159938,598.763,607.165
8.9250000,2142,-11.727183,-2.162739,598.550,607.251
8.9291667,2143,-11.728037,-2.177394,598.524,607.704
8.9333333,2144,-11.753269,-2.182560,597.745,607.863
8.9375000,2145,-11.751289,-2.197163,597.806,608.314
8.9416667,2146,-11.748715,-2.207330,597.885,608.627
8.9458333,2147,-11.760525,-2.251613,597.521,609.994
8.9500000,2148,-11.782784,-2.247023,596.834,609.853
8.9541667,2149,-11.784210,-2.281089,596.790,610.904
8.9583333,2150,-11.805513,-2.294072,596.132,611.305
8.9625000,2151,-11.803446,-2.307067,596.196,611.706
8.9666667,2152,-11.817425,-2.334053,595.765,612.539
8.9708333,2153,-11.833806,-2.348199,595.259,612.975
8.9750000,2154,-11.844554,-2.356491,594.927,613.231
8.9791667,2155,-11.860630,-2.371357,594.431,613.690
8.9833333,2156,-11.860610,-2.397492,594.432,614.497
8.9875000,2157,-11.872264,-2.393845,594.072,614.384
8.9916667,2158,-11.883616,-2.427532,593.722,615.424
8.9958333,2159,-11.888905,-2.439430,593.558,615.791
9.0000000,2160,-11.896036,-2.456923,593.338,616.331
9.0041667,2161,-11.911407,-2.454414,592.864,616.254
9.0083333,2162,-11.914473,-2.462457,592.769,616.502
9.0125000,2163,-11.926561,-2.491269,592.396,617.391
9.0166667,2164,-11.945846,-2.502778,591.801,617.746
9.0208333,2165,-11.928824,-2.528364,592.326,618.536
9.0250000,2166,-11.945550,-2.528719,591.810,618.547
9.0291667,2167,-11.950964,-2.517747,591.643,618.208
9.0333333,2168,-11.940514,-2.523474,591.966,618.385
9.0375000,2169,-11.964278,-2.548855,591.232,619.168
9.0416667,2170,-11.972521,-2.562228,590.978,619.581
9.0458333,2171,-11.992796,-2.552631,590.352,619.285
9.0500000,2172,-11.984638,-2.580665,590.604,620.150
9.0541667,2173,-11.995135,-2.594949,590.280,620.591
9.0583333,2174,-12.010909,-2.593630,589.793,620.550
9.0625000,2175,-12.007734,-2.624712,589.891,621.510
9.0666667,2176,-12.031218,-2.632840,589.166,621.760
9.0708333,2177,-12.049946,-2.672862,588.588,622.996
9.0750000,2178,-12.058264,-2.664602,588.331,622.741
9.0791667,2179,-12.068531,-2.705160,588.014,623.993
9.0833333,2180,-12.081172,-2.719351,587.624,624.431
9.0875000,2181,-12.093203,-2.735854,587.253,624.940
9.0916667,2182,-12.115048,-2.762243,586.579,625.754
9.0958333,2183,-12.125575,-2.777444,586.254,626.224
9.1000000,2184,-12.143854,-2.780794,585.690,626.327
9.1041667,2185,-12.139940,-2.803825,585.811,627.038
9.1083333,2186,-12.137555,-2.806177,585.884,627.110
9.1125000,2187,-12.151305,-2.827478,585.460,627.768
9.1166667,2188,-12.179569,-2.844862,584.587,628.304
9.1208333,2189,-12.180376,-2.841286,584.562,628.194
9.1250000,2190,-12.173457,-2.863736,584.776,628.887
9.1291667,2191,-12.193921,-2.876215,584.144,629.272
9.1333333,2192,-12.200624,-2.891407,583.938,629.741
9.1375000,2193,-12.214675,-2.890052,583.504,629.699
9.1416667,2194,-12.195617,-2.902567,584.092,630.085
9.1458333,2195,-12.207692,-2.902875,583.719,630.095
9.1500000,2196,-12.231373,-2.932407,582.988,631.006
9.1541667,2197,-12.222219,-2.961727,583.271,631.911
9.1583333,2198,-12.244641,-2.940317,582.579,631.251
9.1625000,2199,-12.244099,-2.940821,582.596,631.266
9.1666667,2200,-12.244113,-2.967222,582.595,632.081
9.1708333,2201,-12.270982,-2.967989,581.766,632.105
9.1750000,2202,-12.281899,-2.999194,581.429,633.068
9.1791667,2203,-12.295736,-3.017346,581.002,633.628
9.1833333,2204,-12.300102,-3.012366,580.867,633.474
9.1875000,2205,-12.304168,-3.034912,580.742,634.170
9.1916667,2206,-12.316034,-3.058199,580.376,634.889
9.1958333,2207,-12.322283,-3.076598,580.183,635.457
9.2000000,2208,-12.334319,-3.103817,579.811,636.297
9.2041667,2209,-12.357063,-3.110527,579.109,636.504
9.2083333,2210,-12.388245,-3.124950,578.147,636.949
9.2125000,2211,-12.397675,-3.152325,577.856,637.794
9.2166667,2212,-12.398008,-3.154597,577.845,637.864
9.2208333,2213,-12.412908,-3.170932,577.386,638.368
9.2250000,2214,-12.427913,-3.188544,576.922,638.912
9.2291667,2215,-12.442458,-3.219838,576.474,639.878
9.2333333,2216,-12.444263,-3.217810,576.418,639.815
9.2375000,2217,-12.468284,-3.230040,575.676,640.193
9.2416667,2218,-12.466812,-3.242881,575.722,640.589
9.2458333,2219,-12.470032,-3.247008,575.622,640.716
9.2500000,2220,-12.470168,-3.252034,575.618,640.871
9.2541667,2221,-12.476996,-3.264718,575.408,641.263
9.2583333,2222,-12.499793,-3.271345,574.704,641.467
9.2625000,2223,-12.511049,-3.278160,574.357,641.678
9.2666667,2224,-12.508370,-3.293838,574.439,642.162
9.2708333,2225,-12.512834,-3.310273,574.301,642.669
9.2750000,2226,-12.535722,-3.326907,573.595,643.182
9.2791667,2227,-12.545366,-3.315915,573.297,642.843
9.2833333,2228,-12.548025,-3.336419,573.215,643.476
9.2875000,2229,-12.554576,-3.356783,573.013,644.104
9.2916667,2230,-12.563032,-3.360569,572.752,644.221
9.2958333,2231,-12.578345,-3.355627,572.279,644.069
9.3000000,2232,-12.589825,-3.384662,571.925,644.965
9.3041667,2233,-12.595681,-3.404301,571.744,645.571
9.3083333,2234,-12.619870,-3.404464,570.998,645.576
9.3125000,2235,-12.633657,-3.434937,570.572,646.517
9.3166667,2236,-12.656604,-3.447119,569.864,646.893
9.3208333,2237,-12.654847,-3.479358,569.918,647.888
9.3250000,2238,-12.661320,-3.487664,569.719,648.144
9.3291667,2239,-12.676250,-3.501231,569.258,648.563
9.3333333,2240,-12.699252,-3.522082,568.548,649.206
9.3375000,2241,-12.694252,-3.535436,568.702,649.618
9.3416667,2242,-12.716382,-3.554442,568.019,650.205
9.3458333,2243,-12.709969,-3.585344,568.217,651.159
9.3500000,2244,-12.730947,-3.584473,567.570,651.132
9.3541667,2245,-12.731392,-3.599729,567.556,651.603
9.3583333,2246,-12.746036,-3.618497,567.104,652.182
9.3625000,2247,-12.753075,-3.621886,566.887,652.287
9.3666667,2248,-12.766463,-3.634730,566.473,652.683
9.3708333,2249,-12.771918,-3.640551,566.305,652.863
9.3750000,2250,-12.762965,-3.656047,566.581,653.341
9.3791667,2251,-12.785435,-3.654231,565.888,653.285
9.3833333,2252,-12.770738,-3.657803,566.341,653.395
9.3875000,2253,-12.803568,-3.680805,565.328,654.105
9.3916667,2254,-12.796570,-3.699137,565.544,654.671
9.3958333,2255,-12.807447,-3.693930,565.208,654.510
9.4000000,2256,-12.797131,-3.719803,565.527,655.309
9.4041667,2257,-12.823460,-3.738794,564.714,655.895
9.4083333,2258,-12.833513,-3.744341,564.404,656.066
9.4125000,2259,-12.847611,-3.757600,563.969,656.475
9.4166667,2260,-12.846418,-3.762820,564.006,656.636
9.4208333,2261,-12.864961,-3.789167,563.433,657.450
9.4250000,2262,-12.875274,-3.811238,563.115,658.131
9.4291667,2263,-12.900221,-3.824932,562.345,658.553
9.4333333,2264,-12.903147,-3.856140,562.255,659.517
9.4375000,2265,-12.913686,-3.851550,561.929,659.375
9.4416667,2266,-12.928298,-3.882470,561.478,660.329
9.4458333,2267,-12.921364,-3.892940,561.692,660.652
9.4500000,2268,-12.928192,-3.913846,561.482,661.298
9.4541667,2269,-12.958885,-3.926066,560.534,661.675
9.4583333,2270,-12.972438,-3.975459,560.116,663.199
9.4625000,2271,-12.972690,-3.970074,560.108,663.033
9.4666667,2272,-12.980530,-3.985303,559.866,663.503
9.4708333,2273,-13.001880,-3.986948,559.207,663.554
9.4750000,2274,-12.997422,-4.006367,559.345,664.153
9.4791667,2275,-13.013450,-4.011391,558.850,664.308
9.4833333,2276,-13.018400,-4.028789,558.698,664.845
9.4875000,2277,-13.022179,-4.022191,558.581,664.642
9.4916667,2278,-13.018923,-4.040964,558.681,665.221
9.4958333,2279,-13.029446,-4.046295,558.357,665.386
9.5000000,2280,-13.032670,-4.064667,558.257,665.953
9.5041667,2281,-13.039543,-4.084580,558.045,666.567
9.5083333,2282,-13.060773,-4.084923,557.390,666.578
9.5125000,2283,-13.041636,-4.095305,557.980,666.898
9.5166667,2284,-13.059137,-4.105339,557.440,667.208
9.5208333,2285,-13.069774,-4.127041,557.112,667.878
9.5250000,2286,-13.081184,-4.126117,556.760,667.849
9.5291667,2287,-13.092433,-4.152495,556.413,668.663
9.5333333,2288,-13.087506,-4.167337,556.565,669.122
9.5375000,2289,-13.088838,-4.192400,556.524,669.895
9.5416667,2290,-13.105863,-4.231244,555.998,671.094
9.5458333,2291,-13.116130,-4.230935,555.681,671.084
9.5500000,2292,-13.118716,-4.234635,555.601,671.199
9.5541667,2293,-13.155756,-4.272440,554.458,672.365
9.5583333,2294,-13.137928,-4.296764,555.008,673.116
9.5625000,2295,-13.150575,-4.324125,554.618,673.961
9.5666667,2296,-13.149952,-4.325396,554.637,674.000
9.5708333,2297,-13.155313,-4.350942,554.472,674.788
9.5750000,2298,-13.172924,-4.358458,553.928,675.020
9.5791667,2299,-13.185710,-4.388991,553.534,675.963
9.5833333,2300,-13.176915,-4.405278,553.805,676.465
9.5875000,2301,-13.187514,-4.420740,553.478,676.943
9.5916667,2302,-13.188567,-4.418130,553.445,676.862
9.5958333,2303,-13.191583,-4.450393,553.352,677.858
9.6000000,2304,-13.201493,-4.452021,553.047,677.908
9.6041667,2305,-13.210315,-4.472711,552.774,678.547
9.6083333,2306,-13.206337,-4.483699,552.897,678.886
9.6125000,2307,-13.212339,-4.492987,552.712,679.172
9.6166667,2308,-13.206201,-4.493329,552.901,679.183
9.6208333,2309,-13.220006,-4.503085,552.475,679.484
9.6250000,2310,-13.215881,-4.511627,552.602,679.748
9.6291667,2311,-13.222716,-4.518583,552.391,679.962
9.6333333,2312,-13.232973,-4.540140,552.075,680.628
9.6375000,2313,-13.257691,-4.563569,551.312,681.351
9.6416667,2314,-13.253215,-4.560536,551.450,681.257
9.6458333,2315,-13.245128,-4.577446,551.700,681.779
9.6500000,2316,-13.250301,-4.611225,551.540,682.822
9.6541667,2317,-13.270867,-4.622774,550.905,683.178
9.6583333,2318,-13.286774,-4.646622,550.414,683.914
9.6625000,2319,-13.261844,-4.666637,551.184,684.532
9.6666667,2320,-13.290693,-4.677179,550.293,684.857
9.6708333,2321,-13.313361,-4.702314,549.594,685.633
9.6750000,2322,-13.302723,-4.719750,549.922,686.171
9.6791667,2323,-13.303054,-4.746886,549.912,687.009
9.6833333,2324,-13.341001,-4.750077,548.741,687.107
9.6875000,2325,-13.331449,-4.782812,549.036,688.118
9.6916667,2326,-13.344042,-4.802319,548.647,688.720
9.6958333,2327,-13.347227,-4.810700,548.549,688.978
9.7000000,2328,-13.348535,-4.831490,548.508,689.620
9.7041667,2329,-13.367245,-4.835927,547.931,689.757
9.7083333,2330,-13.374049,-4.849303,547.721,690.170
9.7125000,2331,-13.380354,-4.855087,547.526,690.348
9.7166667,2332,-13.366949,-4.866042,547.940,690.686
9.7208333,2333,-13.370147,-4.896934,547.841,691.640
9.7250000,2334,-13.392722,-4.921688,547.144,692.404
9.7291667,2335,-13.378345,-4.918865,547.588,692.317
9.7333333,2336,-13.396766,-4.924860,547.020,692.502
9.7375000,2337,-13.395942,-4.935790,547.045,692.839
9.7416667,2338,-13.404936,-4.953717,546.767,693.393
9.7458333,2339,-13.408765,-4.969290,546.649,693.873
9.7500000,2340,-13.402206,-4.968540,546.852,693.850
9.7541667,2341,-13.420835,-4.985914,546.277,694.386
9.7583333,2342,-13.437186,-5.001605,545.772,694.871
9.7625000,2343,-13.424828,-5.010225,546.153,695.137
9.7666667,2344,-13.430297,-5.023278,545.985,695.539
9.7708333,2345,-13.453144,-5.046258,545.279,696.249
9.7750000,2346,-13.450352,-5.076082,545.366,697.169
9.7791667,2347,-13.458947,-5.071868,545.100,697.039
9.7833333,2348,-13.487649,-5.099525,544.215,697.893
9.7875000,2349,-13.505173,-5.118281,543.674,698.472
9.7916667,2350,-13.511765,-5.154688,543.470,699.595
9.7958333,2351,-13.521969,-5.178435,543.155,700.328
9.8000000,2352,-13.523633,-5.180656,543.104,700.397
9.8041667,2353,-13.513043,-5.201743,543.431,701.048
9.8083333,2354,-13.540309,-5.214286,542.589,701.435
9.8125000,2355,-13.549614,-5.237130,542.302,702.140
9.8166667,2356,-13.539649,-5.233939,542.610,702.041
9.8208333,2357,-13.561188,-5.256862,541.945,702.749
9.8250000,2358,-13.561987,-5.294862,541.920,703.922
9.8291667,2359,-13.554908,-5.294088,542.139,703.898
9.8333333,2360,-13.589181,-5.317580,541.081,704.623
9.8375000,2361,-13.591680,-5.312721,541.004,704.473
9.8416667,2362,-13.589208,-5.331297,541.080,705.046
9.8458333,2363,-13.589358,-5.344163,541.075,705.443
9.8500000,2364,-13.594462,-5.337887,540.918,705.250
9.8541667,2365,-13.596551,-5.352786,540.853,705.709
9.8583333,2366,-13.616511,-5.371278,540.237,706.280
9.8625000,2367,-13.616108,-5.393070,540.250,706.953
9.8666667,2368,-13.629458,-5.389678,539.838,706.848
9.8708333,2369,-13.628177,-5.409418,539.877,707.457
9.8750000,2370,-13.630624,-5.415946,539.802,707.659
9.8791667,2371,-13.637178,-5.440955,539.599,708.431
9.8833333,2372,-13.646538,-5.453139,539.311,708.807
9.8875000,2373,-13.645856,-5.474687,539.332,709.472
9.8916667,2374,-13.674002,-5.497915,538.463,710.189
9.8958333,2375,-13.672056,-5.507361,538.523,710.480
9.9000000,2376,-13.678027,-5.510259,538.339,710.570
9.9041667,2377,-13.703328,-5.535519,537.558,711.349
9.9083333,2378,-13.676873,-5.569959,538.374,712.412
9.9125000,2379,-13.713686,-5.584585,537.238,712.864
9.9166667,2380,-13.709924,-5.613849,537.354,713.767
9.9208333,2381,-13.729239,-5.625931,536.758,714.140
9.9250000,2382,-13.735395,-5.629127,536.568,714.238
9.9291667,2383,-13.743886,-5.667862,536.306,715.434
9.9333333,2384,-13.735776,-5.673486,536.556,715.608
9.9375000,2385,-13.754363,-5.687334,535.983,716.035
9.9416667,2386,-13.752909,-5.715031,536.027,716.890
9.9458333,2387,-13.756806,-5.726864,535.907,717.255
9.9500000,2388,-13.762791,-5.735551,535.722,717.523
9.9541667,2389,-13.764241,-5.739213,535.678,717.636
9.9583333,2390,-13.779680,-5.770223,535.201,718.593
9.9625000,2391,-13.790625,-5.765244,534.863,718.440
9.9666667,2392,-13.782057,-5.772361,535.128,718.659
9.9708333,2393,-13.788908,-5.795670,534.916,719.379
9.9750000,2394,-13.802591,-5.796817,534.494,719.414
9.9791667,2395,-13.777836,-5.816242,535.258,720.014
9.9833333,2396,-13.806481,-5.826838,534.374,720.341
9.9875000,2397,-13.782127,-5.844444,535.126,720.884
9.9916667,2398,-13.811110,-5.854956,534.231,721.209
9.9958333,2399,-13.810168,-5.868802,534.260,721.636
10.0000000,2400,-13.803303,-5.883972,534.472,722.104
10.0041667,2401,-13.809069,-5.908609,534.294,722.864
10.0083333,2402,-13.779801,-5.795956,535.198,719.388
10.0125000,2403,-13.778558,-5.766302,535.236,718.472
10.0166667,2404,-13.776052,-5.757833,535.313,718.211
10.0208333,2405,-13.787912,-5.736763,534.947,717.561
10.0250000,2406,-13.757279,-5.716335,535.893,716.930
10.0291667,2407,-13.754445,-5.692290,535.980,716.188
10.0333333,2408,-13.746202,-5.662922,536.235,715.282
10.0375000,2409,-13.735853,-5.641895,536.554,714.633
10.0416667,2410,-13.722647,-5.616573,536.962,713.851
10.0458333,2411,-13.734323,-5.614783,536.601,713.796
10.0500000,2412,-13.722966,-5.588748,536.952,712.992
10.0541667,2413,-13.718062,-5.588580,537.103,712.987
10.0583333,2414,-13.724598,-5.553119,536.901,711.893
10.0625000,2415,-13.696720,-5.547058,537.762,711.705
10.0666667,2416,-13.704123,-5.530162,537.533,711.184
10.0708333,2417,-13.712553,-5.528843,537.273,711.143
10.0750000,2418,-13.691836,-5.502603,537.912,710.333
10.0791667,2419,-13.690940,-5.493041,537.940,710.038
10.0833333,2420,-13.687192,-5.492230,538.056,710.013
10.0875000,2421,-13.697997,-5.493380,537.722,710.049
10.0916667,2422,-13.694251,-5.476419,537.838,709.525
10.0958333,2423,-13.681711,-5.443371,538.225,708.505
10.1000000,2424,-13.672768,-5.459037,538.501,708.989
10.1041667,2425,-13.683234,-5.439879,538.178,708.398
10.1083333,2426,-13.671639,-5.414348,538.536,707.610
10.1125000,2427,-13.671324,-5.395874,538.546,707.039
10.1166667,2428,-13.661953,-5.380872,538.835,706.576
10.1208333,2429,-13.651840,-5.374870,539.147,706.391
10.1250000,2430,-13.646539,-5.349204,539.311,705.599
10.1291667,2431,-13.636132,-5.329520,539.632,704.991
10.1333333,2432,-13.625331,-5.303413,539.965,704.186
10.1375000,2433,-13.637661,-5.277757,539.585,703.394
10.1416667,2434,-13.615082,-5.243938,540.281,702.350
10.1458333,2435,-13.621565,-5.248382,540.081,702.487
10.1500000,2436,-13.615136,-5.228242,540.280,701.865
10.1541667,2437,-13.612268,-5.200913,540.368,701.022
10.1583333,2438,-13.597513,-5.182808,540.824,700.463
10.1625000,2439,-13.609366,-5.173802,540.458,700.185
10.1666667,2440,-13.602297,-5.143091,540.676,699.237
10.1708333,2441,-13.593255,-5.135026,540.955,698.988
10.1750000,2442,-13.591202,-5.105346,541.018,698.072
10.1791667,2443,-13.592386,-5.099827,540.982,697.902
10.1833333,2444,-13.572866,-5.087810,541.584,697.531
10.1875000,2445,-13.572821,-5.063739,541.586,696.788
10.1916667,2446,-13.573906,-5.077434,541.552,697.211
10.1958333,2447,-13.559161,-5.044949,542.007,696.208
10.2000000,2448,-13.546838,-5.049497,542.388,696.349
10.2041667,2449,-13.564407,-5.028345,541.845,695.696
10.2083333,2450,-13.543634,-5.018330,542.487,695.387
10.2125000,2451,-13.555261,-5.008520,542.128,695.084
10.2166667,2452,-13.535513,-4.995747,542.737,694.690
10.2208333,2453,-13.533456,-4.984859,542.801,694.354
10.2250000,2454,-13.545848,-4.959032,542.418,693.557
10.2291667,2455,-13.518250,-4.950624,543.270,693.297
10.2333333,2456,-13.538547,-4.928629,542.644,692.618
10.2375000,2457,-13.538677,-4.911497,542.640,692.089
10.2416667,2458,-13.524332,-4.884783,543.082,691.265
10.2458333,2459,-13.509290,-4.871017,543.547,690.840
10.2500000,2460,-13.510198,-4.853725,543.519,690.306
10.2541667,2461,-13.506370,-4.832932,543.637,689.665
10.2583333,2462,-13.483393,-4.822357,544.346,689.338
10.2625000,2463,-13.479224,-4.810035,544.475,688.958
10.2666667,2464,-13.479034,-4.794639,544.480,688.483
10.2708333,2465,-13.450837,-4.758801,545.351,687.377
10.2750000,2466,-13.471415,-4.739143,544.716,686.770
10.2791667,2467,-13.455644,-4.709112,545.202,685.843
10.2833333,2468,-13.451995,-4.704103,545.315,685.688
10.2875000,2469,-13.440531,-4.690610,545.669,685.272
10.2916667,2470,-13.431582,-4.676430,545.945,684.834
10.2958333,2471,-13.420071,-4.646433,546.300,683.908
10.3000000,2472,-13.425386,-4.639109,546.136,683.682
10.3041667,2473,-13.413194,-4.649216,546.513,683.994
10.3083333,2474,-13.416541,-4.604948,546.409,682.628
10.3125000,2475,-13.394890,-4.616643,547.077,682.989
10.3166667,2476,-13.415163,-4.600364,546.452,682.487
10.3208333,2477,-13.401997,-4.576327,546.858,681.745
10.3250000,2478,-13.389836,-4.592260,547.233,682.236
10.3291667,2479,-13.382051,-4.563624,547.474,681.353
10.3333333,2480,-13.383317,-4.556239,547.435,681.125
10.3375000,2481,-13.379671,-4.539481,547.547,680.607
10.3416667,2482,-13.362211,-4.537606,548.086,680.550
10.3458333,2483,-13.368763,-4.515716,547.884,679.874
10.3500000,2484,-13.360178,-4.505327,548.149,679.553
10.3541667,2485,-13.358788,-4.485883,548.192,678.953
10.3583333,2486,-13.336320,-4.471683,548.885,678.515
10.3625000,2487,-13.335245,-4.438942,548.918,677.504
10.3666667,2488,-13.340951,-4.419787,548.742,676.913
10.3708333,2489,-13.332265,-4.405029,549.010,676.458
10.3750000,2490,-13.328650,-4.383458,549.122,675.792
10.3791667,2491,-13.298233,-4.373325,550.061,675.479
10.3833333,2492,-13.288712,-4.339898,550.355,674.447
10.3875000,2493,-13.274044,-4.314732,550.807,673.671
10.3916667,2494,-13.281276,-4.296638,550.584,673.112
10.3958333,2495,-13.289627,-4.276242,550.326,672.483
10.4000000,2496,-13.259691,-4.274135,551.250,672.418
10.4041667,2497,-13.255945,-4.252620,551.366,671.754
10.4083333,2498,-13.250550,-4.240955,551.532,671.394
10.4125000,2499,-13.237505,-4.223645,551.935,670.859
10.4166667,2500,-13.246333,-4.211734,551.663,670.492
10.4208333,2501,-13.231775,-4.194578,552.112,669.962
10.4250000,2502,-13.228028,-4.193387,552.228,669.926
10.4291667,2503,-13.218522,-4.193120,552.521,669.917
10.4333333,2504,-13.204742,-4.171532,552.946,669.251
10.4375000,2505,-13.221654,-4.140744,552.424,668.301
10.4416667,2506,-13.205418,-4.145965,552.925,668.462
10.4458333,2507,-13.204849,-4.141162,552.943,668.314
10.4500000,2508,-13.200088,-4.121720,553.090,667.714
10.4541667,2509,-13.184581,-4.104774,553.569,667.191
10.4583333,2510,-13.179634,-4.110894,553.721,667.379
10.4625000,2511,-13.193935,-4.088959,553.280,666.702
10.4666667,2512,-13.180094,-4.089305,553.707,666.713
10.4708333,2513,-13.179447,-4.051578,553.727,665.549
10.4750000,2514,-13.180257,-4.025736,553.702,664.751
10.4791667,2515,-13.162038,-4.011615,554.264,664.315
10.4833333,2516,-13.159593,-3.994646,554.340,663.792
10.4875000,2517,-13.147650,-3.985313,554.708,663.503
10.4916667,2518,-13.148324,-3.962522,554.688,662.800
10.4958333,2519,-13.148715,-3.925083,554.675,661.645
10.5000000,2520,-13.142733,-3.909144,554.860,661.153
10.5041667,2521,-13.133829,-3.887370,555.135,660.481
10.5083333,2522,-13.122141,-3.866461,555.496,659.835
10.5125000,2523,-13.126543,-3.846259,555.360,659.212
10.5166667,2524,-13.117015,-3.825569,555.654,658.573
10.5208333,2525,-13.109393,-3.803296,555.889,657.886
10.5250000,2526,-13.091648,-3.800205,556.437,657.790
10.5291667,2527,-13.101150,-3.766857,556.144,656.761
10.5333333,2528,-13.092137,-3.761027,556.422,656.581
10.5375000,2529,-13.097652,-3.752118,556.251,656.306
10.5416667,2530,-13.095747,-3.751614,556.310,656.291
10.5458333,2531,-13.080647,-3.735837,556.776,655.804
10.5500000,2532,-13.090401,-3.732045,556.475,655.687
10.5541667,2533,-13.086309,-3.723582,556.602,655.425
10.5583333,2534,-13.068958,-3.706969,557.137,654.913
10.5625000,2535,-13.075828,-3.689492,556.925,654.373
10.5666667,2536,-13.068288,-3.670243,557.158,653.779
10.5708333,2537,-13.075508,-3.674810,556.935,653.920
10.5750000,2538,-13.066327,-3.654823,557.218,653.303
10.5791667,2539,-13.063086,-3.638220,557.318,652.791
10.5833333,2540,-13.058674,-3.618407,557.455,652.179
10.5875000,2541,-13.042481,-3.603473,557.954,651.718
10.5916667,2542,-13.045400,-3.588969,557.864,651.271
10.5958333,2543,-13.039989,-3.576405,558.031,650.883
10.6000000,2544,-13.029151,-3.547976,558.366,650.005
10.6041667,2545,-13.019848,-3.535259,558.653,649.613
10.6083333,2546,-12.996041,-3.508427,559.388,648.785
10.6125000,2547,-13.006932,-3.488853,559.051,648.181
10.6166667,2548,-12.994353,-3.478868,559.440,647.872
10.6208333,2549,-12.979097,-3.443047,559.911,646.767
10.6250000,2550,-12.991017,-3.434000,559.543,646.488
10.6291667,2551,-12.973382,-3.397328,560.087,645.356
10.6333333,2552,-12.964364,-3.393469,560.365,645.237
10.6375000,2553,-12.956060,-3.366403,560.622,644.401
10.6416667,2554,-12.956940,-3.345789,560.594,643.765
10.6458333,2555,-12.952976,-3.341987,560.717,643.648
10.6500000,2556,-12.945561,-3.323784,560.946,643.086
10.6541667,2557,-12.946982,-3.310723,560.902,642.683
10.6583333,2558,-12.944435,-3.300222,560.980,642.359
10.6625000,2559,-12.922115,-3.289933,561.669,642.041
10.6666667,2560,-12.932545,-3.285286,561.347,641.898
10.6708333,2561,-12.935699,-3.276991,561.250,641.642
10.6750000,2562,-12.917571,-3.250142,561.810,640.813
10.6791667,2563,-12.930165,-3.246800,561.421,640.710
10.6833333,2564,-12.924576,-3.241469,561.593,640.545
10.6875000,2565,-12.917869,-3.225534,561.800,640.054
10.6916667,2566,-12.894050,-3.211006,562.535,639.605
10.6958333,2567,-12.897329,-3.200371,562.434,639.277
10.7000000,2568,-12.881186,-3.190394,562.933,638.969
10.7041667,2569,-12.883833,-3.166755,562.851,638.239
10.7083333,2570,-12.877203,-3.152958,563.055,637.814
10.7125000,2571,-12.872904,-3.135319,563.188,637.269
10.7166667,2572,-12.857629,-3.101534,563.660,636.226
10.7208333,2573,-12.841193,-3.100142,564.167,636.183
10.7250000,2574,-12.834928,-3.071495,564.360,635.299
10.7291667,2575,-12.834433,-3.052746,564.376,634.721
10.7333333,2576,-12.824806,-3.032717,564.673,634.102
10.7375000,2577,-12.808102,-3.033721,565.188,634.133
10.7416667,2578,-12.807796,-2.980898,565.198,632.503
10.7458333,2579,-12.798201,-2.986078,565.494,632.663
10.7500000,2580,-12.800135,-2.957142,565.434,631.770
10.7541667,2581,-12.786522,-2.956466,565.854,631.749
10.7583333,2582,-12.768279,-2.936045,566.417,631.119
10.7625000,2583,-12.761062,-2.914840,566.640,630.464
10.7666667,2584,-12.756967,-2.887299,566.766,629.614
10.7708333,2585,-12.745800,-2.870105,567.111,629.083
10.7750000,2586,-12.756991,-2.877173,566.766,629.302
10.7791667,2587,-12.742980,-2.875801,567.198,629.259
10.7833333,2588,-12.740851,-2.853216,567.264,628.562
10.7875000,2589,-12.732485,-2.859901,567.522,628.769
10.7916667,2590,-12.709382,-2.842170,568.235,628.221
10.7958333,2591,-12.718949,-2.834749,567.940,627.992
10.8000000,2592,-12.733689,-2.816450,567.485,627.427
10.8041667,2593,-12.714976,-2.810866,568.062,627.255
10.8083333,2594,-12.700015,-2.782016,568.524,626.365
10.8125000,2595,-12.688441,-2.779046,568.881,626.273
10.8166667,2596,-12.692281,-2.761533,568.763,625.732
10.8208333,2597,-12.687528,-2.729236,568.910,624.736
10.8250000,2598,-12.690536,-2.738360,568.817,625.017
10.8291667,2599,-12.685669,-2.714314,568.967,624.275
10.8333333,2600,-12.671806,-2.686812,569.395,623.426
10.8375000,2601,-12.661530,-2.670042,569.712,622.909
10.8416667,2602,-12.642643,-2.635101,570.295,621.830
10.8458333,2603,-12.632467,-2.639629,570.609,621.970
10.8500000,2604,-12.629558,-2.610988,570.699,621.086
10.8541667,2605,-12.632646,-2.587277,570.604,620.354
10.8583333,2606,-12.621232,-2.594511,570.956,620.578
10.8625000,2607,-12.611792,-2.540779,571.247,618.919
10.8666667,2608,-12.593816,-2.534095,571.802,618.713
10.8708333,2609,-12.592863,-2.518684,571.831,618.237
10.8750000,2610,-12.590945,-2.500992,571.891,617.691
10.8791667,2611,-12.578551,-2.500327,572.273,617.671
10.8833333,2612,-12.567487,-2.470502,572.615,616.750
10.8875000,2613,-12.551567,-2.466629,573.106,616.631
10.8916667,2614,-12.546315,-2.455840,573.268,616.298
10.8958333,2615,-12.549507,-2.447614,573.170,616.044
10.9000000,2616,-12.552806,-2.442353,573.068,615.881
10.9041667,2617,-12.549077,-2.413238,573.183,614.983
10.9083333,2618,-12.523241,-2.404540,573.980,614.714
10.9125000,2619,-12.529512,-2.400799,573.787,614.599
10.9166667,2620,-12.518754,-2.384033,574.119,614.081
10.9208333,2621,-12.518880,-2.378568,574.115,613.913
10.9250000,2622,-12.515024,-2.363297,574.234,613.441
10.9291667,2623,-12.500740,-2.356396,574.675,613.228
10.9333333,2624,-12.500903,-2.345554,574.670,612.894
10.9375000,2625,-12.488837,-2.325945,575.042,612.288
10.9416667,2626,-12.502845,-2.328537,574.610,612.368
10.9458333,2627,-12.476526,-2.276693,575.422,610.768
10.9500000,2628,-12.447884,-2.269782,576.306,610.555
10.9541667,2629,-12.462450,-2.242186,575.856,609.703
10.9583333,2630,-12.454542,-2.241183,576.101,609.672
10.9625000,2631,-12.453943,-2.198697,576.119,608.361
10.9666667,2632,-12.433525,-2.179585,576.749,607.771
10.9708333,2633,-12.437762,-2.167708,576.618,607.405
10.9750000,2634,-12.427230,-2.150071,576.944,606.860
10.9791667,2635,-12.418251,-2.122963,577.221,606.024
10.9833333,2636,-12.418085,-2.109840,577.226,605.619
10.9875000,2637,-12.396254,-2.086952,577.900,604.912
10.9916667,2638,-12.406518,-2.068495,577.583,604.342
10.9958333,2639,-12.378573,-2.070859,578.445,604.415
11.0000000,2640,-12.389816,-2.043137,578.098,603.560
11.0041667,2641,-12.379298,-2.031296,578.423,603.194
11.0083333,2642,-12.366736,-2.014278,578.811,602.669
11.0125000,2643,-12.370179,-2.001504,578.704,602.275
11.0166667,2644,-12.343417,-1.993672,579.530,602.033
11.0208333,2645,-12.353555,-2.005009,579.217,602.383
11.0250000,2646,-12.344173,-1.966508,579.507,601.195
11.0291667,2647,-12.343910,-1.972857,579.515,601.391
11.0333333,2648,-12.333621,-1.970029,579.833,601.303
11.0375000,2649,-12.341790,-1.941538,579.581,600.424
11.0416667,2650,-12.329772,-1.935620,579.951,600.241
11.0458333,2651,-12.323718,-1.915969,580.138,599.635
11.0500000,2652,-12.310241,-1.910021,580.554,599.451
11.0541667,2653,-12.309843,-1.892071,580.567,598.897
11.0583333,2654,-12.321942,-1.872065,580.193,598.280
11.0625000,2655,-12.315991,-1.845026,580.377,597.445
11.0666667,2656,-12.292335,-1.834569,581.107,597.122
11.0708333,2657,-12.282982,-1.810827,581.396,596.390
11.0750000,2658,-12.278930,-1.795516,581.521,595.917
11.0791667,2659,-12.268418,-1.769915,581.845,595.127
11.0833333,2660,-12.266613,-1.743649,581.901,594.316
11.0875000,2661,-12.257129,-1.745806,582.194,594.383
11.0916667,2662,-12.251046,-1.720746,582.381,593.609
11.0958333,2663,-12.251415,-1.695316,582.370,592.825
11.1000000,2664,-12.252129,-1.692443,582.348,592.736
11.1041667,2665,-12.233417,-1.668542,582.925,591.998
11.1083333,2666,-12.230032,-1.652150,583.030,591.492
11.1125000,2667,-12.228662,-1.635940,583.072,590.992
11.1166667,2668,-12.222527,-1.615304,583.262,590.355
11.1208333,2669,-12.217055,-1.581770,583.430,589.320
11.1250000,2670,-12.210018,-1.587674,583.648,589.502
11.1291667,2671,-12.207411,-1.565169,583.728,588.808
11.1333333,2672,-12.198616,-1.548672,584.000,588.299
11.1375000,2673,-12.202801,-1.543521,583.870,588.140
11.1416667,2674,-12.178280,-1.541934,584.627,588.091
11.1458333,2675,-12.181976,-1.523828,584.513,587.532
11.1500000,2676,-12.190396,-1.508651,584.253,587.063
11.1541667,2677,-12.181204,-1.507131,584.537,587.016
11.1583333,2678,-12.184819,-1.503826,584.425,586.914
11.1625000,2679,-12.173083,-1.478415,584.788,586.130
11.1666667,2680,-12.148930,-1.452981,585.533,585.345
11.1708333,2681,-12.166746,-1.467185,584.983,585.783
11.1750000,2682,-12.164618,-1.422439,585.049,584.402
11.1791667,2683,-12.150239,-1.415204,585.493,584.179
11.1833333,2684,-12.140918,-1.392272,585.780,583.471
11.1875000,2685,-12.128656,-1.384922,586.159,583.245
11.1916667,2686,-12.139528,-1.354382,585.823,582.302
11.1958333,2687,-12.132366,-1.344708,586.044,582.003
11.2000000,2688,-12.116933,-1.310606,586.521,580.951
11.2041667,2689,-12.119172,-1.301948,586.451,580.684
11.2083333,2690,-12.079997,-1.260447,587.661,579.403
11.2125000,2691,-12.120750,-1.243811,586.403,578.889
11.2166667,2692,-12.097229,-1.216541,587.129,578.048
11.2208333,2693,-12.092879,-1.219492,587.263,578.139
11.2250000,2694,-12.091773,-1.204143,587.297,577.665
11.2291667,2695,-12.074158,-1.170877,587.841,576.638
11.2333333,2696,-12.075847,-1.173733,587.789,576.726
11.2375000,2697,-12.070733,-1.155019,587.947,576.149
11.2416667,2698,-12.056312,-1.141061,588.392,575.718
11.2458333,2699,-12.060392,-1.130022,588.266,575.377
11.2500000,2700,-12.060259,-1.118015,588.270,575.007
11.2541667,2701,-12.062489,-1.105831,588.201,574.631
11.2583333,2702,-12.043194,-1.075979,588.796,573.709
11.2625000,2703,-12.056691,-1.081090,588.380,573.867
11.2666667,2704,-12.034319,-1.062448,589.070,573.292
11.2708333,2705,-12.044811,-1.061784,588.747,573.271
11.2750000,2706,-12.015537,-1.046258,589.650,572.792
11.2791667,2707,-12.026284,-1.034643,589.318,572.433
11.2833333,2708,-12.020476,-1.018403,589.498,571.932
11.2875000,2709,-12.016054,-1.029397,589.634,572.272
11.2916667,2710,-12.008074,-0.987928,589.880,570.992
11.2958333,2711,-11.994940,-0.964554,590.286,570.270
11.3000000,2712,-11.999381,-0.954552,590.149,569.961
11.3041667,2713,-11.990818,-0.937927,590.413,569.448
11.3083333,2714,-11.987148,-0.927336,590.526,569.121
11.3125000,2715,-11.964831,-0.896694,591.215,568.176
11.3166667,2716,-11.968777,-0.872469,591.093,567.428
11.3208333,2717,-11.958277,-0.851593,591.417,566.784
11.3250000,2718,-11.930489,-0.840805,592.275,566.451
11.3291667,2719,-11.952478,-0.808448,591.596,565.452
11.3333333,2720,-11.944678,-0.783256,591.837,564.675
11.3375000,2721,-11.923147,-0.778234,592.502,564.520
11.3416667,2722,-11.912620,-0.762346,592.827,564.029
11.3458333,2723,-11.897467,-0.750387,593.294,563.660
11.3500000,2724,-11.897433,-0.714893,593.295,562.565
11.3541667,2725,-11.895037,-0.723692,593.369,562.836
11.3583333,2726,-11.883060,-0.709575,593.739,562.400
11.3625000,2727,-11.897964,-0.695513,593.279,561.966
11.3666667,2728,-11.891847,-0.671015,593.468,561.210
11.3708333,2729,-11.877145,-0.670446,593.921,561.193
11.3750000,2730,-11.854193,-0.662559,594.630,560.949
11.3791667,2731,-11.872478,-0.653348,594.066,560.665
11.3833333,2732,-11.865741,-0.631646,594.273,559.995
11.3875000,2733,-11.864014,-0.628040,594.327,559.884
11.3916667,2734,-11.863665,-0.620948,594.337,559.665
11.3958333,2735,-11.865104,-0.593343,594.293,558.813
11.4000000,2736,-11.840221,-0.591583,595.061,558.759
11.4041667,2737,-11.836544,-0.568671,595.175,558.052
11.4083333,2738,-11.836390,-0.561503,595.179,557.830
11.4125000,2739,-11.825114,-0.548260,595.527,557.422
11.4166667,2740,-11.812339,-0.536171,595.922,557.048
11.4208333,2741,-11.811062,-0.507650,595.961,556.168
11.4250000,2742,-11.802599,-0.496933,596.222,555.837
11.4291667,2743,-11.799774,-0.472869,596.309,555.095
11.4333333,2744,-11.783573,-0.442226,596.809,554.149
11.4375000,2745,-11.760855,-0.433040,597.511,553.865
11.4416667,2746,-11.768909,-0.412766,597.262,553.240
11.4458333,2747,-11.757294,-0.390691,597.621,552.558
11.4500000,2748,-11.742240,-0.378055,598.085,552.168
11.4541667,2749,-11.737322,-0.350783,598.237,551.327
11.4583333,2750,-11.728057,-0.319041,598.523,550.347
11.4625000,2751,-11.720375,-0.311387,598.760,550.111
11.4666667,2752,-11.713755,-0.318051,598.964,550.316
11.4708333,2753,-11.713866,-0.293818,598.961,549.568
11.4750000,2754,-11.708233,-0.262528,599.135,548.603
11.4791667,2755,-11.691085,-0.270707,599.664,548.855
11.4833333,2756,-11.702252,-0.261830,599.319,548.581
11.4875000,2757,-11.692465,-0.250460,599.621,548.230
11.4916667,2758,-11.700123,-0.228445,599.385,547.551
11.4958333,2759,-11.683715,-0.229096,599.892,547.571
11.5000000,2760,-11.679681,-0.208264,600.016,546.928
11.5041667,2761,-11.684951,-0.197310,599.853,546.590
11.5083333,2762,-11.680812,-0.178813,599.981,546.019
11.5125000,2763,-11.686001,-0.168643,599.821,545.705
11.5166667,2764,-11.683801,-0.164430,599.889,545.575
11.5208333,2765,-11.674836,-0.138883,600.166,544.787
11.5250000,2766,-11.660972,-0.117603,600.593,544.130
11.5291667,2767,-11.675278,-0.114892,600.152,544.046
11.5333333,2768,-11.650137,-0.100313,600.928,543.596
11.5375000,2769,-11.650820,-0.078150,600.907,542.912
11.5416667,2770,-11.650310,-0.050386,600.923,542.055
11.5458333,2771,-11.652786,-0.023014,600.846,541.210
11.5500000,2772,-11.626315,-0.009862,601.663,540.804
11.5541667,2773,-11.627518,0.011181,601.626,540.155
11.5583333,2774,-11.618773,0.039702,601.896,539.275
11.5625000,2775,-11.603258,0.066158,602.375,538.458
11.5666667,2776,-11.605975,0.063423,602.291,538.542
11.5708333,2777,-11.609442,0.099473,602.184,537.430
11.5750000,2778,-11.582002,0.112666,603.031,537.023
11.5791667,2779,-11.596574,0.134884,602.581,536.337
11.5833333,2780,-11.586339,0.134353,602.897,536.353
11.5875000,2781,-11.574809,0.155469,603.253,535.702
11.5916667,2782,-11.560673,0.163229,603.689,535.462
11.5958333,2783,-11.565617,0.176117,603.537,535.064
11.6000000,2784,-11.545289,0.195234,604.164,534.474
11.6041667,2785,-11.562603,0.198483,603.630,534.374
11.6083333,2786,-11.540064,0.212977,604.325,533.927
11.6125000,2787,-11.539738,0.238390,604.335,533.142
11.6166667,2788,-11.546910,0.231554,604.114,533.353
11.6208333,2789,-11.546735,0.245757,604.119,532.915
11.6250000,2790,-11.540328,0.261071,604.317,532.442
11.6291667,2791,-11.539889,0.256907,604.331,532.571
11.6333333,2792,-11.517014,0.282627,605.037,531.777
11.6375000,2793,-11.528226,0.305437,604.691,531.073
11.6416667,2794,-11.526904,0.308784,604.731,530.970
11.6458333,2795,-11.511113,0.334301,605.219,530.182
11.6500000,2796,-11.516997,0.357164,605.037,529.476
11.6541667,2797,-11.519291,0.363517,604.966,529.280
11.6583333,2798,-11.498207,0.388675,605.617,528.504
11.6625000,2799,-11.501050,0.398247,605.529,528.208
11.6666667,2800,-11.482923,0.433217,606.089,527.129
11.6708333,2801,-11.472754,0.438084,606.403,526.979
11.6750000,2802,-11.478674,0.495935,606.220,525.193
11.6791667,2803,-11.479021,0.493195,606.209,525.278
11.6833333,2804,-11.465616,0.541101,606.623,523.799
11.6875000,2805,-11.469503,0.533296,606.503,524.040
11.6916667,2806,-11.482078,0.551289,606.115,523.485
11.6958333,2807,-11.467854,0.587212,606.554,522.376
11.7000000,2808,-11.469963,0.590427,606.489,522.277
11.7041667,2809,-11.460473,0.608183,606.782,521.729
11.7083333,2810,-11.472105,0.631606,606.423,521.006
11.7125000,2811,-11.440099,0.641300,607.411,520.707
11.7166667,2812,-11.456888,0.640979,606.892,520.717
11.7208333,2813,-11.453645,0.664646,606.992,519.986
11.7250000,2814,-11.458496,0.687122,606.843,519.293
11.7291667,2815,-11.444453,0.677396,607.276,519.593
11.7333333,2816,-11.454040,0.696444,606.980,519.005
11.7375000,2817,-11.458604,0.699371,606.839,518.914
11.7416667,2818,-11.465674,0.714178,606.621,518.457
11.7458333,2819,-11.439332,0.733847,607.434,517.850
11.7500000,2820,-11.458271,0.765181,606.850,516.883
11.7541667,2821,-11.437159,0.758287,607.501,517.096
11.7583333,2822,-11.432865,0.771522,607.634,516.688
11.7625000,2823,-11.451063,0.796445,607.072,515.918
11.7666667,2824,-11.455731,0.814177,606.928,515.371
11.7708333,2825,-11.435446,0.846047,607.554,514.387
11.7750000,2826,-11.453710,0.848834,606.990,514.301
11.7791667,2827,-11.446123,0.867027,607.225,513.740
11.7833333,2828,-11.472873,0.899192,606.399,512.747
11.7875000,2829,-11.460007,0.902132,606.796,512.656
11.7916667,2830,-11.448962,0.942811,607.137,511.401
11.7958333,2831,-11.446325,0.962565,607.218,510.791
11.8000000,2832,-11.463738,0.984393,606.681,510.118
11.8041667,2833,-11.450615,1.000786,607.086,509.612
11.8083333,2834,-11.451436,1.011127,607.061,509.292
11.8125000,2835,-11.461671,1.032532,606.745,508.632
11.8166667,2836,-11.455616,1.055964,606.932,507.909
11.8208333,2837,-11.475688,1.083002,606.312,507.074
11.8250000,2838,-11.465812,1.094161,606.617,506.730
11.8291667,2839,-11.454509,1.090948,606.966,506.829
11.8333333,2840,-11.483801,1.130285,606.062,505.615
11.8375000,2841,-11.466915,1.122607,606.583,505.852
11.8416667,2842,-11.470090,1.136424,606.485,505.425
11.8458333,2843,-11.480085,1.150373,606.176,504.995
11.8500000,2844,-11.486964,1.171181,605.964,504.352
11.8541667,2845,-11.487438,1.163544,605.949,504.588
11.8583333,2846,-11.486157,1.174134,605.989,504.261
11.8625000,2847,-11.483862,1.213498,606.060,503.046
11.8666667,2848,-11.481625,1.209525,606.129,503.169
11.8708333,2849,-11.478769,1.217410,606.217,502.926
11.8750000,2850,-11.472416,1.232027,606.413,502.474
11.8791667,2851,-11.481845,1.262850,606.122,501.523
11.8833333,2852,-11.488394,1.287998,605.920,500.747
11.8875000,2853,-11.502633,1.301340,605.480,500.335
11.8916667,2854,-11.491421,1.309197,605.827,500.093
11.8958333,2855,-11.504744,1.325376,605.415,499.593
11.9000000,2856,-11.494689,1.377554,605.726,497.983
11.9041667,2857,-11.498683,1.370905,605.602,498.188
11.9083333,2858,-11.494580,1.398810,605.729,497.327
11.9125000,2859,-11.510550,1.422533,605.236,496.595
11.9166667,2860,-11.511381,1.432699,605.210,496.281
11.9208333,2861,-11.514435,1.472055,605.116,495.066
11.9250000,2862,-11.514117,1.489195,605.126,494.537
11.9291667,2863,-11.522038,1.500939,604.882,494.175
11.9333333,2864,-11.507810,1.523300,605.321,493.485
11.9375000,2865,-11.527108,1.531521,604.725,493.231
11.9416667,2866,-11.512325,1.557969,605.181,492.415
11.9458333,2867,-11.537940,1.574823,604.391,491.894
11.9500000,2868,-11.528471,1.581577,604.683,491.686
11.9541667,2869,-11.545420,1.589713,604.160,491.435
11.9583333,2870,-11.528449,1.606124,604.684,490.928
11.9625000,2871,-11.535091,1.615922,604.479,490.626
11.9666667,2872,-11.533347,1.623831,604.533,490.382
11.9708333,2873,-11.529134,1.628179,604.663,490.248
11.9750000,2874,-11.535791,1.641449,604.457,489.838
11.9791667,2875,-11.546817,1.662089,604.117,489.201
11.9833333,2876,-11.549260,1.687082,604.041,488.430
11.9875000,2877,-11.558542,1.690627,603.755,488.320
11.9916667,2878,-11.553671,1.703018,603.905,487.938
11.9958333,2879,-11.578225,1.708229,603.147,487.777
12.0000000,2880,-11.563716,1.724950,603.595,487.261
12.0041667,2881,-11.588164,1.736408,602.841,486.907
12.0083333,2882,-11.585289,1.773546,602.929,485.761
12.0125000,2883,-11.579089,1.797245,603.121,485.029
12.0166667,2884,-11.596446,1.815373,602.585,484.470
12.0208333,2885,-11.602331,1.849554,602.403,483.415
12.0250000,2886,-11.612153,1.855041,602.100,483.246
12.0291667,2887,-11.612888,1.876453,602.078,482.585
12.0333333,2888,-11.634843,1.898125,601.400,481.916
12.0375000,2889,-11.629860,1.919874,601.554,481.245
12.0416667,2890,-11.626405,1.936176,601.660,480.741
12.0458333,2891,-11.648585,1.956612,600.976,480.111
12.0500000,2892,-11.650678,1.970469,600.911,479.683
12.0541667,2893,-11.655434,1.991159,600.764,479.044
12.0583333,2894,-11.661196,1.986331,600.587,479.193
12.0625000,2895,-11.668971,2.012754,600.347,478.378
12.0666667,2896,-11.682763,2.015970,599.921,478.279
12.0708333,2897,-11.678433,2.029740,600.055,477.854
12.0750000,2898,-11.688462,2.055857,599.745,477.048
12.0791667,2899,-11.676189,2.055022,600.124,477.073
12.0833333,2900,-11.685771,2.083676,599.828,476.189
12.0875000,2901,-11.698047,2.071032,599.449,476.579
12.0916667,2902,-11.679611,2.094203,600.018,475.864
12.0958333,2903,-11.708452,2.116140,599.128,475.187
12.1000000,2904,-11.705324,2.106825,599.225,475.475
12.1041667,2905,-11.687247,2.128559,599.783,474.804
12.1083333,2906,-11.719762,2.136771,598.779,474.550
12.1125000,2907,-11.728996,2.155719,598.494,473.965
12.1166667,2908,-11.724920,2.179950,598.620,473.218
12.1208333,2909,-11.732227,2.202352,598.394,472.526
12.1250000,2910,-11.748010,2.209263,597.907,472.313
12.1291667,2911,-11.724882,2.227951,598.621,471.736
12.1333333,2912,-11.733010,2.261310,598.370,470.706
12.1375000,2913,-11.749947,2.256085,597.847,470.868
12.1416667,2914,-11.771316,2.308698,597.188,469.244
12.1458333,2915,-11.770625,2.314992,597.209,469.050
12.1500000,2916,-11.745246,2.338479,597.992,468.325
12.1541667,2917,-11.765122,2.363204,597.379,467.562
12.1583333,2918,-11.770131,2.376293,597.224,467.158
12.1625000,2919,-11.787159,2.394201,596.699,466.605
12.1666667,2920,-11.776366,2.421876,597.032,465.751
12.1708333,2921,-11.776139,2.425732,597.039,465.632
12.1750000,2922,-11.790919,2.459298,596.583,464.596
12.1791667,2923,-11.797933,2.483752,596.366,463.841
12.1833333,2924,-11.788838,2.475073,596.647,464.109
12.1875000,2925,-11.806847,2.476468,596.091,464.066
12.1916667,2926,-11.801772,2.513546,596.248,462.921
12.1958333,2927,-11.783549,2.505941,596.810,463.156
12.2000000,2928,-11.790475,2.508790,596.596,463.068
12.2041667,2929,-11.795163,2.538868,596.452,462.140
12.2083333,2930,-11.793396,2.546865,596.506,461.893
12.2125000,2931,-11.811108,2.552979,595.960,461.704
12.2166667,2932,-11.794470,2.575811,596.473,461.000
12.2208333,2933,-11.786991,2.597303,596.704,460.336
12.2250000,2934,-11.783728,2.601658,596.805,460.202
12.2291667,2935,-11.800157,2.606195,596.298,460.062
12.2333333,2936,-11.798299,2.622858,596.355,459.548
12.2375000,2937,-11.804752,2.641540,596.156,458.971
12.2416667,2938,-11.791433,2.686353,596.567,457.588
12.2458333,2939,-11.788948,2.697822,596.644,457.234
12.2500000,2940,-11.790080,2.717141,596.609,456.638
12.2541667,2941,-11.799187,2.730747,596.328,456.218
12.2583333,2942,-11.799848,2.765194,596.307,455.155
12.2625000,2943,-11.777170,2.784934,597.007,454.545
12.2666667,2944,-11.789072,2.811809,596.640,453.716
12.2708333,2945,-11.783063,2.828589,596.825,453.198
12.2750000,2946,-11.795576,2.846835,596.439,452.635
12.2791667,2947,-11.803115,2.858131,596.206,452.286
12.2833333,2948,-11.787318,2.884814,596.694,451.463
12.2875000,2949,-11.784129,2.886480,596.792,451.411
12.2916667,2950,-11.802825,2.916431,596.215,450.487
12.2958333,2951,-11.800487,2.936523,596.287,449.867
12.3000000,2952,-11.792850,2.936733,596.523,449.860
12.3041667,2953,-11.786372,2.943405,596.723,449.654
12.3083333,2954,-11.794208,2.981493,596.481,448.479
12.3125000,2955,-11.796910,2.975072,596.398,448.677
12.3166667,2956,-11.807282,2.996761,596.078,448.007
12.3208333,2957,-11.804855,3.011657,596.153,447.548
12.3250000,2958,-11.796429,3.008299,596.413,447.651
12.3291667,2959,-11.799314,3.027207,596.324,447.068
12.3333333,2960,-11.804331,3.029182,596.169,447.007
12.3375000,2961,-11.807249,3.056270,596.079,446.171
12.3416667,2962,-11.807212,3.067858,596.080,445.813
12.3458333,2963,-11.821983,3.080564,595.624,445.421
12.3500000,2964,-11.802230,3.098712,596.234,444.861
12.3541667,2965,-11.804827,3.124631,596.154,444.061
12.3583333,2966,-11.825076,3.148370,595.529,443.328
12.3625000,2967,-11.831456,3.160335,595.332,442.959
12.3666667,2968,-11.832520,3.174631,595.299,442.518
12.3708333,2969,-11.829302,3.212956,595.398,441.335
12.3750000,2970,-11.844138,3.219104,594.940,441.145
12.3791667,2971,-11.835375,3.233637,595.211,440.696
12.3833333,2972,-11.838647,3.260281,595.110,439.874
12.3875000,2973,-11.840635,3.281604,595.048,439.216
12.3916667,2974,-11.839922,3.295138,595.070,438.798
12.3958333,2975,-11.852358,3.307678,594.686,438.411
12.4000000,2976,-11.862676,3.343512,594.368,437.305
12.4041667,2977,-11.843311,3.360182,594.966,436.791
12.4083333,2978,-11.854845,3.369375,594.610,436.507
12.4125000,2979,-11.865012,3.382011,594.296,436.117
12.4166667,2980,-11.863660,3.399394,594.338,435.580
12.4208333,2981,-11.880746,3.409140,593.810,435.280
12.4250000,2982,-11.874967,3.421893,593.989,434.886
12.4291667,2983,-11.871408,3.437577,594.099,434.402
12.4333333,2984,-11.870534,3.443892,594.126,434.207
12.4375000,2985,-11.871010,3.469279,594.111,433.423
12.4416667,2986,-11.869869,3.462643,594.146,433.628
12.4458333,2987,-11.878704,3.475080,593.873,433.244
12.4500000,2988,-11.898728,3.481674,593.255,433.041
12.4541667,2989,-11.879082,3.511463,593.862,432.122
12.4583333,2990,-11.875967,3.537218,593.958,431.327
12.4625000,2991,-11.887930,3.557834,593.589,430.690
12.4666667,2992,-11.883555,3.553535,593.724,430.823
12.4708333,2993,-11.874930,3.580568,593.990,429.989
12.4750000,2994,-11.886279,3.595940,593.640,429.514
12.4791667,2995,-11.886410,3.615859,593.635,428.899
12.4833333,2996,-11.908419,3.627869,592.956,428.529
12.4875000,2997,-11.886748,3.647561,593.625,427.921
12.4916667,2998,-11.902562,3.685265,593.137,426.757
12.4958333,2999,-11.883122,3.692719,593.737,426.527
