,mass A,,,
t,frame,x,y,
0.000000E0,1.200000E2,-5.992044E0,4.993726E0,
4.166667E-3,1.210000E2,-5.983581E0,5.023091E0,
8.333333E-3,1.220000E2,-5.969813E0,5.025362E0,
1.250000E-2,1.230000E2,-5.945792E0,5.055798E0,
1.666667E-2,1.240000E2,-5.935202E0,5.081843E0,
2.083333E-2,1.250000E2,-5.909681E0,5.093808E0,
2.500000E-2,1.260000E2,-5.893673E0,5.114836E0,
2.916667E-2,1.270000E2,-5.879781E0,5.122176E0,
3.333333E-2,1.280000E2,-5.880793E0,5.137063E0,
3.750000E-2,1.290000E2,-5.865299E0,5.144470E0,
4.166667E-2,1.300000E2,-5.844600E0,5.150701E0,
4.583333E-2,1.310000E2,-5.850143E0,5.163516E0,
5.000000E-2,1.320000E2,-5.835033E0,5.173800E0,
5.416667E-2,1.330000E2,-5.828174E0,5.161397E0,
5.833333E-2,1.340000E2,-5.841330E0,5.173662E0,
6.250000E-2,1.350000E2,-5.821034E0,5.170766E0,
6.666667E-2,1.360000E2,-5.819308E0,5.183031E0,
7.083333E-2,1.370000E2,-5.813549E0,5.186488E0,
7.500000E-2,1.380000E2,-5.802905E0,5.197953E0,
7.916667E-2,1.390000E2,-5.803670E0,5.206649E0,
8.333333E-2,1.400000E2,-5.797739E0,5.223047E0,
8.750000E-2,1.410000E2,-5.784857E0,5.235009E0,
9.166667E-2,1.420000E2,-5.779449E0,5.234212E0,
9.583333E-2,1.430000E2,-5.760985E0,5.248939E0,
1.000000E-1,1.440000E2,-5.761303E0,5.269868E0,
1.041667E-1,1.450000E2,-5.721727E0,5.277302E0,
1.083333E-1,1.460000E2,-5.717378E0,5.294666E0,
1.125000E-1,1.470000E2,-5.691141E0,5.301939E0,
1.166667E-1,1.480000E2,-5.672243E0,5.334496E0,
1.208333E-1,1.490000E2,-5.653248E0,5.348929E0,
1.250000E-1,1.500000E2,-5.632953E0,5.358545E0,
1.291667E-1,1.510000E2,-5.613215E0,5.372752E0,
1.333333E-1,1.520000E2,-5.604591E0,5.390241E0,
1.375000E-1,1.530000E2,-5.580163E0,5.414674E0,
1.416667E-1,1.540000E2,-5.553047E0,5.422944E0,
1.458333E-1,1.550000E2,-5.551902E0,5.431201E0,
1.500000E-1,1.560000E2,-5.539255E0,5.448305E0,
1.541667E-1,1.570000E2,-5.508565E0,5.465667E0,
1.583333E-1,1.580000E2,-5.504344E0,5.476584E0,
1.625000E-1,1.590000E2,-5.493905E0,5.484425E0,
1.666667E-1,1.600000E2,-5.496598E0,5.483206E0,
1.708333E-1,1.610000E2,-5.489006E0,5.489502E0,
1.750000E-1,1.620000E2,-5.480649E0,5.494443E0,
1.791667E-1,1.630000E2,-5.476794E0,5.501120E0,
1.833333E-1,1.640000E2,-5.475572E0,5.504988E0,
1.875000E-1,1.650000E2,-5.478207E0,5.499958E0,
1.916667E-1,1.660000E2,-5.467144E0,5.506480E0,
1.958333E-1,1.670000E2,-5.464234E0,5.514714E0,
2.000000E-1,1.680000E2,-5.436211E0,5.528458E0,
2.041667E-1,1.690000E2,-5.437799E0,5.529586E0,
2.083333E-1,1.700000E2,-5.424419E0,5.538159E0,
2.125000E-1,1.710000E2,-5.407988E0,5.560880E0,
2.166667E-1,1.720000E2,-5.394516E0,5.576858E0,
2.208333E-1,1.730000E2,-5.375068E0,5.577275E0,
2.250000E-1,1.740000E2,-5.364110E0,5.597589E0,
2.291667E-1,1.750000E2,-5.350786E0,5.622224E0,
2.333333E-1,1.760000E2,-5.311403E0,5.630290E0,
2.375000E-1,1.770000E2,-5.306184E0,5.655559E0,
2.416667E-1,1.780000E2,-5.284563E0,5.658586E0,
2.458333E-1,1.790000E2,-5.266647E0,5.682814E0,
2.500000E-1,1.800000E2,-5.246255E0,5.704749E0,
2.541667E-1,1.810000E2,-5.224805E0,5.725598E0,
2.583333E-1,1.820000E2,-5.203691E0,5.736399E0,
2.625000E-1,1.830000E2,-5.199637E0,5.733820E0,
2.666667E-1,1.840000E2,-5.177795E0,5.745832E0,
2.708333E-1,1.850000E2,-5.171862E0,5.760116E0,
2.750000E-1,1.860000E2,-5.150215E0,5.779271E0,
2.791667E-1,1.870000E2,-5.156477E0,5.786204E0,
2.833333E-1,1.880000E2,-5.141001E0,5.794698E0,
2.875000E-1,1.890000E2,-5.131101E0,5.797808E0,
2.916667E-1,1.900000E2,-5.138395E0,5.795004E0,
2.958333E-1,1.910000E2,-5.124450E0,5.800747E0,
3.000000E-1,1.920000E2,-5.119338E0,5.802190E0,
3.041667E-1,1.930000E2,-5.120002E0,5.817750E0,
3.083333E-1,1.940000E2,-5.110917E0,5.810806E0,
3.125000E-1,1.950000E2,-5.096888E0,5.825539E0,
3.166667E-1,1.960000E2,-5.093690E0,5.834628E0,
3.208333E-1,1.970000E2,-5.088683E0,5.850122E0,
3.250000E-1,1.980000E2,-5.076899E0,5.848913E0,
3.291667E-1,1.990000E2,-5.060593E0,5.868392E0,
3.333333E-1,2.000000E2,-5.042094E0,5.874069E0,
3.375000E-1,2.010000E2,-5.029683E0,5.901818E0,
3.416667E-1,2.020000E2,-5.013708E0,5.910112E0,
3.458333E-1,2.030000E2,-4.991732E0,5.928737E0,
3.500000E-1,2.040000E2,-4.992402E0,5.943272E0,
3.541667E-1,2.050000E2,-4.972995E0,5.964162E0,
3.583333E-1,2.060000E2,-4.958764E0,5.982273E0,
3.625000E-1,2.070000E2,-4.920971E0,6.000681E0,
3.666667E-1,2.080000E2,-4.922145E0,6.029632E0,
3.708333E-1,2.090000E2,-4.892369E0,6.034380E0,
3.750000E-1,2.100000E2,-4.871905E0,6.058005E0,
3.791667E-1,2.110000E2,-4.870503E0,6.076174E0,
3.833333E-1,2.120000E2,-4.853293E0,6.077331E0,
3.875000E-1,2.130000E2,-4.840043E0,6.083080E0,
3.916667E-1,2.140000E2,-4.824751E0,6.109511E0,
3.958333E-1,2.150000E2,-4.830319E0,6.105310E0,
4.000000E-1,2.160000E2,-4.812430E0,6.118108E0,
4.041667E-1,2.170000E2,-4.804379E0,6.128604E0,
4.083333E-1,2.180000E2,-4.802688E0,6.136393E0,
4.125000E-1,2.190000E2,-4.797910E0,6.138055E0,
4.166667E-1,2.200000E2,-4.786774E0,6.140284E0,
4.208333E-1,2.210000E2,-4.788255E0,6.155807E0,
4.250000E-1,2.220000E2,-4.784438E0,6.156864E0,
4.291667E-1,2.230000E2,-4.780161E0,6.173876E0,
4.333333E-1,2.240000E2,-4.766734E0,6.164270E0,
4.375000E-1,2.250000E2,-4.763520E0,6.178145E0,
4.416667E-1,2.260000E2,-4.747692E0,6.189105E0,
4.458333E-1,2.270000E2,-4.739328E0,6.204891E0,
4.500000E-1,2.280000E2,-4.719498E0,6.216439E0,
4.541667E-1,2.290000E2,-4.716391E0,6.230469E0,
4.583333E-1,2.300000E2,-4.695361E0,6.259060E0,
4.625000E-1,2.310000E2,-4.677616E0,6.264750E0,
4.666667E-1,2.320000E2,-4.660412E0,6.287911E0,
4.708333E-1,2.330000E2,-4.638620E0,6.306240E0,
4.750000E-1,2.340000E2,-4.624895E0,6.320889E0,
4.791667E-1,2.350000E2,-4.604346E0,6.348918E0,
4.833333E-1,2.360000E2,-4.582020E0,6.353088E0,
4.875000E-1,2.370000E2,-4.573232E0,6.390288E0,
4.916667E-1,2.380000E2,-4.569937E0,6.391314E0,
4.958333E-1,2.390000E2,-4.558819E0,6.415048E0,
5.000000E-1,2.400000E2,-4.533940E0,6.431938E0,
5.041667E-1,2.410000E2,-4.529363E0,6.440949E0,
5.083333E-1,2.420000E2,-4.515823E0,6.451658E0,
5.125000E-1,2.430000E2,-4.510518E0,6.471463E0,
5.166667E-1,2.440000E2,-4.494912E0,6.486803E0,
5.208333E-1,2.450000E2,-4.489885E0,6.485431E0,
5.250000E-1,2.460000E2,-4.499087E0,6.486082E0,
5.291667E-1,2.470000E2,-4.486279E0,6.486663E0,
5.333333E-1,2.480000E2,-4.485564E0,6.491008E0,
5.375000E-1,2.490000E2,-4.487101E0,6.508238E0,
5.416667E-1,2.500000E2,-4.470170E0,6.511878E0,
5.458333E-1,2.510000E2,-4.469095E0,6.520961E0,
5.500000E-1,2.520000E2,-4.458614E0,6.526598E0,
5.541667E-1,2.530000E2,-4.438280E0,6.537587E0,
5.583333E-1,2.540000E2,-4.435810E0,6.536528E0,
5.625000E-1,2.550000E2,-4.426659E0,6.547994E0,
5.666667E-1,2.560000E2,-4.424069E0,6.561110E0,
5.708333E-1,2.570000E2,-4.416046E0,6.583510E0,
5.750000E-1,2.580000E2,-4.387540E0,6.600395E0,
5.791667E-1,2.590000E2,-4.381718E0,6.621200E0,
5.833333E-1,2.600000E2,-4.363408E0,6.632898E0,
5.875000E-1,2.610000E2,-4.349007E0,6.661423E0,
5.916667E-1,2.620000E2,-4.328542E0,6.685297E0,
5.958333E-1,2.630000E2,-4.296961E0,6.700578E0,
6.000000E-1,2.640000E2,-4.296006E0,6.702913E0,
6.041667E-1,2.650000E2,-4.279319E0,6.737623E0,
6.083333E-1,2.660000E2,-4.260796E0,6.752834E0,
6.125000E-1,2.670000E2,-4.245314E0,6.775900E0,
6.166667E-1,2.680000E2,-4.240675E0,6.783198E0,
6.208333E-1,2.690000E2,-4.232151E0,6.800341E0,
6.250000E-1,2.700000E2,-4.214791E0,6.805111E0,
6.291667E-1,2.710000E2,-4.203939E0,6.818941E0,
6.333333E-1,2.720000E2,-4.199967E0,6.830821E0,
6.375000E-1,2.730000E2,-4.194870E0,6.829938E0,
6.416667E-1,2.740000E2,-4.189247E0,6.839403E0,
6.458333E-1,2.750000E2,-4.181370E0,6.843879E0,
6.500000E-1,2.760000E2,-4.175562E0,6.851835E0,
6.541667E-1,2.770000E2,-4.180644E0,6.852884E0,
6.583333E-1,2.780000E2,-4.169709E0,6.862381E0,
6.625000E-1,2.790000E2,-4.159262E0,6.855169E0,
6.666667E-1,2.800000E2,-4.156328E0,6.872830E0,
6.708333E-1,2.810000E2,-4.156981E0,6.888745E0,
6.750000E-1,2.820000E2,-4.143140E0,6.899038E0,
6.791667E-1,2.830000E2,-4.132099E0,6.902214E0,
6.833333E-1,2.840000E2,-4.117143E0,6.918139E0,
6.875000E-1,2.850000E2,-4.119577E0,6.941734E0,
6.916667E-1,2.860000E2,-4.092554E0,6.959410E0,
6.958333E-1,2.870000E2,-4.084983E0,6.979102E0,
7.000000E-1,2.880000E2,-4.065778E0,6.996842E0,
7.041667E-1,2.890000E2,-4.046943E0,7.017850E0,
7.083333E-1,2.900000E2,-4.040291E0,7.044770E0,
7.125000E-1,2.910000E2,-4.024315E0,7.054395E0,
7.166667E-1,2.920000E2,-4.005010E0,7.072854E0,
7.208333E-1,2.930000E2,-3.985538E0,7.107783E0,
7.250000E-1,2.940000E2,-3.979558E0,7.116413E0,
7.291667E-1,2.950000E2,-3.972025E0,7.142971E0,
7.333333E-1,2.960000E2,-3.956097E0,7.150851E0,
7.375000E-1,2.970000E2,-3.939129E0,7.162543E0,
7.416667E-1,2.980000E2,-3.925395E0,7.191061E0,
7.458333E-1,2.990000E2,-3.927570E0,7.192115E0,
7.500000E-1,3.000000E2,-3.919945E0,7.193291E0,
7.541667E-1,3.010000E2,-3.913337E0,7.208137E0,
7.583333E-1,3.020000E2,-3.908280E0,7.215081E0,
7.625000E-1,3.030000E2,-3.908829E0,7.220655E0,
7.666667E-1,3.040000E2,-3.901709E0,7.228257E0,
7.708333E-1,3.050000E2,-3.893674E0,7.225624E0,
7.750000E-1,3.060000E2,-3.889884E0,7.236492E0,
7.791667E-1,3.070000E2,-3.885358E0,7.247330E0,
7.833333E-1,3.080000E2,-3.885572E0,7.255762E0,
7.875000E-1,3.090000E2,-3.875647E0,7.261156E0,
7.916667E-1,3.100000E2,-3.867988E0,7.265795E0,
7.958333E-1,3.110000E2,-3.847700E0,7.270624E0,
8.000000E-1,3.120000E2,-3.834157E0,7.304916E0,
8.041667E-1,3.130000E2,-3.827932E0,7.304360E0,
8.083333E-1,3.140000E2,-3.806265E0,7.324904E0,
8.125000E-1,3.150000E2,-3.801659E0,7.345101E0,
8.166667E-1,3.160000E2,-3.785451E0,7.366737E0,
8.208333E-1,3.170000E2,-3.774031E0,7.383196E0,
8.250000E-1,3.180000E2,-3.747283E0,7.398306E0,
8.291667E-1,3.190000E2,-3.733917E0,7.423105E0,
8.333333E-1,3.200000E2,-3.712901E0,7.455115E0,
8.375000E-1,3.210000E2,-3.693511E0,7.476458E0,
8.416667E-1,3.220000E2,-3.682072E0,7.478164E0,
8.458333E-1,3.230000E2,-3.672796E0,7.500332E0,
8.500000E-1,3.240000E2,-3.653190E0,7.501465E0,
8.541667E-1,3.250000E2,-3.641832E0,7.527406E0,
8.583333E-1,3.260000E2,-3.631151E0,7.542862E0,
8.625000E-1,3.270000E2,-3.618663E0,7.547567E0,
8.666667E-1,3.280000E2,-3.616581E0,7.569528E0,
8.708333E-1,3.290000E2,-3.610744E0,7.571706E0,
8.750000E-1,3.300000E2,-3.593463E0,7.576726E0,
8.791667E-1,3.310000E2,-3.592791E0,7.563130E0,
8.833333E-1,3.320000E2,-3.595450E0,7.580489E0,
8.875000E-1,3.330000E2,-3.596165E0,7.593582E0,
8.916667E-1,3.340000E2,-3.588759E0,7.591772E0,
8.958333E-1,3.350000E2,-3.579015E0,7.590377E0,
9.000000E-1,3.360000E2,-3.570808E0,7.604833E0,
9.041667E-1,3.370000E2,-3.554981E0,7.626066E0,
9.083333E-1,3.380000E2,-3.563198E0,7.631245E0,
9.125000E-1,3.390000E2,-3.551906E0,7.644246E0,
9.166667E-1,3.400000E2,-3.544643E0,7.653824E0,
9.208333E-1,3.410000E2,-3.530467E0,7.677766E0,
9.250000E-1,3.420000E2,-3.519623E0,7.667629E0,
9.291667E-1,3.430000E2,-3.509000E0,7.695205E0,
9.333333E-1,3.440000E2,-3.480523E0,7.732702E0,
9.375000E-1,3.450000E2,-3.468780E0,7.746858E0,
9.416667E-1,3.460000E2,-3.443832E0,7.761345E0,
9.458333E-1,3.470000E2,-3.435666E0,7.776749E0,
9.500000E-1,3.480000E2,-3.412191E0,7.786267E0,
9.541667E-1,3.490000E2,-3.391784E0,7.812715E0,
9.583333E-1,3.500000E2,-3.390214E0,7.832248E0,
9.625000E-1,3.510000E2,-3.371368E0,7.844170E0,
9.666667E-1,3.520000E2,-3.345176E0,7.873568E0,
9.708333E-1,3.530000E2,-3.336466E0,7.885409E0,
9.750000E-1,3.540000E2,-3.336405E0,7.889340E0,
9.791667E-1,3.550000E2,-3.319911E0,7.906766E0,
9.833333E-1,3.560000E2,-3.313317E0,7.909952E0,
9.875000E-1,3.570000E2,-3.302721E0,7.919291E0,
9.916667E-1,3.580000E2,-3.284594E0,7.921138E0,
9.958333E-1,3.590000E2,-3.291934E0,7.944545E0,
1.000000E0,3.600000E2,-3.271694E0,7.925564E0,
1.004167E0,3.610000E2,-3.280423E0,7.938373E0,
1.008333E0,3.620000E2,-3.278301E0,7.950272E0,
1.012500E0,3.630000E2,-3.259133E0,7.955502E0,
1.016667E0,3.640000E2,-3.256386E0,7.945596E0,
1.020833E0,3.650000E2,-3.246415E0,7.956940E0,
1.025000E0,3.660000E2,-3.234618E0,7.970932E0,
1.029167E0,3.670000E2,-3.229866E0,7.977001E0,
1.033333E0,3.680000E2,-3.217588E0,7.989835E0,
1.037500E0,3.690000E2,-3.222438E0,8.006250E0,
1.041667E0,3.700000E2,-3.203352E0,8.022490E0,
1.045833E0,3.710000E2,-3.181164E0,8.047465E0,
1.050000E0,3.720000E2,-3.166718E0,8.049077E0,
1.054167E0,3.730000E2,-3.147300E0,8.085363E0,
1.058333E0,3.740000E2,-3.138371E0,8.098570E0,
1.062500E0,3.750000E2,-3.113087E0,8.124892E0,
1.066667E0,3.760000E2,-3.091691E0,8.140366E0,
1.070833E0,3.770000E2,-3.084827E0,8.177365E0,
1.075000E0,3.780000E2,-3.069145E0,8.172563E0,
1.079167E0,3.790000E2,-3.057925E0,8.209613E0,
1.083333E0,3.800000E2,-3.043099E0,8.217198E0,
1.087500E0,3.810000E2,-3.036694E0,8.234549E0,
1.091667E0,3.820000E2,-3.031176E0,8.258487E0,
1.095833E0,3.830000E2,-3.018631E0,8.260967E0,
1.100000E0,3.840000E2,-3.011969E0,8.278140E0,
1.104167E0,3.850000E2,-3.015367E0,8.290200E0,
1.108333E0,3.860000E2,-2.999754E0,8.285416E0,
1.112500E0,3.870000E2,-2.996581E0,8.307739E0,
1.116667E0,3.880000E2,-2.991436E0,8.308900E0,
1.120833E0,3.890000E2,-2.992130E0,8.305478E0,
1.125000E0,3.900000E2,-2.982100E0,8.313735E0,
1.129167E0,3.910000E2,-2.976758E0,8.314006E0,
1.133333E0,3.920000E2,-2.979418E0,8.326774E0,
1.137500E0,3.930000E2,-2.967199E0,8.338147E0,
1.141667E0,3.940000E2,-2.957393E0,8.348355E0,
1.145833E0,3.950000E2,-2.949323E0,8.354727E0,
1.150000E0,3.960000E2,-2.949617E0,8.363072E0,
1.154167E0,3.970000E2,-2.939454E0,8.377004E0,
1.158333E0,3.980000E2,-2.921131E0,8.391502E0,
1.162500E0,3.990000E2,-2.914651E0,8.413846E0,
1.166667E0,4.000000E2,-2.879858E0,8.438827E0,
1.170833E0,4.010000E2,-2.885126E0,8.452530E0,
1.175000E0,4.020000E2,-2.870390E0,8.473658E0,
1.179167E0,4.030000E2,-2.846491E0,8.493146E0,
1.183333E0,4.040000E2,-2.837501E0,8.524436E0,
1.187500E0,4.050000E2,-2.833993E0,8.540907E0,
1.191667E0,4.060000E2,-2.807039E0,8.553445E0,
1.195833E0,4.070000E2,-2.798803E0,8.589344E0,
1.200000E0,4.080000E2,-2.783950E0,8.607136E0,
1.204167E0,4.090000E2,-2.779285E0,8.617173E0,
1.208333E0,4.100000E2,-2.765248E0,8.629503E0,
1.212500E0,4.110000E2,-2.752113E0,8.644014E0,
1.216667E0,4.120000E2,-2.744142E0,8.649537E0,
1.220833E0,4.130000E2,-2.743668E0,8.670188E0,
1.225000E0,4.140000E2,-2.735915E0,8.680287E0,
1.229167E0,4.150000E2,-2.732028E0,8.684773E0,
1.233333E0,4.160000E2,-2.721816E0,8.685749E0,
1.237500E0,4.170000E2,-2.719462E0,8.691052E0,
1.241667E0,4.180000E2,-2.721863E0,8.698167E0,
1.245833E0,4.190000E2,-2.706239E0,8.710969E0,
1.250000E0,4.200000E2,-2.709028E0,8.702282E0,
1.254167E0,4.210000E2,-2.696616E0,8.714460E0,
1.258333E0,4.220000E2,-2.697956E0,8.719778E0,
1.262500E0,4.230000E2,-2.682965E0,8.727423E0,
1.266667E0,4.240000E2,-2.676449E0,8.749332E0,
1.270833E0,4.250000E2,-2.665049E0,8.768489E0,
1.275000E0,4.260000E2,-2.650816E0,8.771474E0,
1.279167E0,4.270000E2,-2.637815E0,8.801092E0,
1.283333E0,4.280000E2,-2.624548E0,8.817567E0,
1.287500E0,4.290000E2,-2.608966E0,8.835936E0,
1.291667E0,4.300000E2,-2.601232E0,8.861687E0,
1.295833E0,4.310000E2,-2.578244E0,8.870865E0,
1.300000E0,4.320000E2,-2.574604E0,8.905657E0,
1.304167E0,4.330000E2,-2.559048E0,8.914626E0,
1.308333E0,4.340000E2,-2.533519E0,8.940999E0,
1.312500E0,4.350000E2,-2.519335E0,8.948095E0,
1.316667E0,4.360000E2,-2.496145E0,8.981237E0,
1.320833E0,4.370000E2,-2.489181E0,8.991961E0,
1.325000E0,4.380000E2,-2.475928E0,9.003047E0,
1.329167E0,4.390000E2,-2.475212E0,9.013266E0,
1.333333E0,4.400000E2,-2.462924E0,9.031905E0,
1.337500E0,4.410000E2,-2.451839E0,9.048147E0,
1.341667E0,4.420000E2,-2.449860E0,9.051396E0,
1.345833E0,4.430000E2,-2.446362E0,9.053270E0,
1.350000E0,4.440000E2,-2.444034E0,9.057038E0,
1.354167E0,4.450000E2,-2.446269E0,9.060963E0,
1.358333E0,4.460000E2,-2.442331E0,9.070802E0,
1.362500E0,4.470000E2,-2.441416E0,9.068908E0,
1.366667E0,4.480000E2,-2.425997E0,9.082816E0,
1.370833E0,4.490000E2,-2.424737E0,9.099235E0,
1.375000E0,4.500000E2,-2.421250E0,9.101466E0,
1.379167E0,4.510000E2,-2.408423E0,9.111840E0,
1.383333E0,4.520000E2,-2.406317E0,9.122059E0,
1.387500E0,4.530000E2,-2.388050E0,9.144787E0,
1.391667E0,4.540000E2,-2.373134E0,9.161023E0,
1.395833E0,4.550000E2,-2.371052E0,9.184337E0,
1.400000E0,4.560000E2,-2.366719E0,9.192046E0,
1.404167E0,4.570000E2,-2.359919E0,9.211430E0,
1.408333E0,4.580000E2,-2.326890E0,9.237239E0,
1.412500E0,4.590000E2,-2.324187E0,9.257137E0,
1.416667E0,4.600000E2,-2.321894E0,9.288061E0,
1.420833E0,4.610000E2,-2.296746E0,9.309291E0,
1.425000E0,4.620000E2,-2.301176E0,9.329325E0,
1.429167E0,4.630000E2,-2.282429E0,9.355576E0,
1.433333E0,4.640000E2,-2.270260E0,9.381727E0,
1.437500E0,4.650000E2,-2.259950E0,9.397544E0,
1.441667E0,4.660000E2,-2.254985E0,9.405424E0,
1.445833E0,4.670000E2,-2.225735E0,9.423565E0,
1.450000E0,4.680000E2,-2.235071E0,9.437465E0,
1.454167E0,4.690000E2,-2.224483E0,9.450120E0,
1.458333E0,4.700000E2,-2.221586E0,9.453067E0,
1.462500E0,4.710000E2,-2.227125E0,9.455081E0,
1.466667E0,4.720000E2,-2.216947E0,9.471359E0,
1.470833E0,4.730000E2,-2.208841E0,9.469329E0,
1.475000E0,4.740000E2,-2.201122E0,9.478654E0,
1.479167E0,4.750000E2,-2.205323E0,9.485324E0,
1.483333E0,4.760000E2,-2.197598E0,9.499324E0,
1.487500E0,4.770000E2,-2.197975E0,9.499006E0,
1.491667E0,4.780000E2,-2.187760E0,9.512168E0,
1.495833E0,4.790000E2,-2.199925E0,9.520694E0,
1.500000E0,4.800000E2,-2.174736E0,9.531388E0,
1.504167E0,4.810000E2,-2.174041E0,9.554597E0,
1.508333E0,4.820000E2,-2.165095E0,9.563299E0,
1.512500E0,4.830000E2,-2.168853E0,9.587526E0,
1.516667E0,4.840000E2,-2.147776E0,9.606691E0,
1.520833E0,4.850000E2,-2.125939E0,9.615239E0,
1.525000E0,4.860000E2,-2.103593E0,9.638970E0,
1.529167E0,4.870000E2,-2.108720E0,9.653025E0,
1.533333E0,4.880000E2,-2.095687E0,9.697112E0,
1.537500E0,4.890000E2,-2.076372E0,9.720232E0,
1.541667E0,4.900000E2,-2.065399E0,9.738218E0,
1.545833E0,4.910000E2,-2.059103E0,9.759966E0,
1.550000E0,4.920000E2,-2.045815E0,9.781571E0,
1.554167E0,4.930000E2,-2.037459E0,9.798602E0,
1.558333E0,4.940000E2,-2.022968E0,9.819274E0,
1.562500E0,4.950000E2,-2.014219E0,9.834359E0,
1.566667E0,4.960000E2,-2.001610E0,9.842267E0,
1.570833E0,4.970000E2,-2.001148E0,9.867491E0,
1.575000E0,4.980000E2,-1.997975E0,9.874622E0,
1.579167E0,4.990000E2,-1.997222E0,9.874367E0,
1.583333E0,5.000000E2,-1.989354E0,9.896941E0,
1.587500E0,5.010000E2,-1.997853E0,9.904981E0,
1.591667E0,5.020000E2,-1.976218E0,9.903744E0,
1.595833E0,5.030000E2,-1.984438E0,9.909634E0,
1.600000E0,5.040000E2,-1.974488E0,9.905748E0,
1.604167E0,5.050000E2,-1.984078E0,9.915156E0,
1.608333E0,5.060000E2,-1.968750E0,9.916619E0,
1.612500E0,5.070000E2,-1.967145E0,9.934207E0,
1.616667E0,5.080000E2,-1.964334E0,9.955011E0,
1.620833E0,5.090000E2,-1.960375E0,9.961335E0,
1.625000E0,5.100000E2,-1.953087E0,9.969981E0,
1.629167E0,5.110000E2,-1.927713E0,1.000787E1,
1.633333E0,5.120000E2,-1.920671E0,1.002989E1,
1.637500E0,5.130000E2,-1.916184E0,1.004857E1,
1.641667E0,5.140000E2,-1.903805E0,1.005277E1,
1.645833E0,5.150000E2,-1.897176E0,1.009018E1,
1.650000E0,5.160000E2,-1.892234E0,1.010425E1,
1.654167E0,5.170000E2,-1.880611E0,1.013239E1,
1.658333E0,5.180000E2,-1.862647E0,1.016097E1,
1.662500E0,5.190000E2,-1.849647E0,1.018865E1,
1.666667E0,5.200000E2,-1.845716E0,1.019692E1,
1.670833E0,5.210000E2,-1.824917E0,1.021828E1,
1.675000E0,5.220000E2,-1.818337E0,1.023060E1,
1.679167E0,5.230000E2,-1.812862E0,1.025394E1,
1.683333E0,5.240000E2,-1.817701E0,1.026175E1,
1.687500E0,5.250000E2,-1.802709E0,1.027637E1,
1.691667E0,5.260000E2,-1.796865E0,1.029397E1,
1.695833E0,5.270000E2,-1.800207E0,1.029784E1,
1.700000E0,5.280000E2,-1.802212E0,1.030589E1,
1.704167E0,5.290000E2,-1.774733E0,1.031339E1,
1.708333E0,5.300000E2,-1.779850E0,1.032270E1,
1.712500E0,5.310000E2,-1.783378E0,1.033247E1,
1.716667E0,5.320000E2,-1.768905E0,1.032395E1,
1.720833E0,5.330000E2,-1.768838E0,1.032901E1,
1.725000E0,5.340000E2,-1.769249E0,1.035079E1,
1.729167E0,5.350000E2,-1.766315E0,1.036249E1,
1.733333E0,5.360000E2,-1.758223E0,1.037925E1,
1.737500E0,5.370000E2,-1.748615E0,1.039022E1,
1.741667E0,5.380000E2,-1.750172E0,1.041242E1,
1.745833E0,5.390000E2,-1.744346E0,1.042358E1,
1.750000E0,5.400000E2,-1.730515E0,1.043677E1,
1.754167E0,5.410000E2,-1.741298E0,1.046834E1,
1.758333E0,5.420000E2,-1.713176E0,1.047967E1,
1.762500E0,5.430000E2,-1.704432E0,1.050422E1,
1.766667E0,5.440000E2,-1.690214E0,1.053461E1,
1.770833E0,5.450000E2,-1.679289E0,1.055440E1,
1.775000E0,5.460000E2,-1.663680E0,1.058453E1,
1.779167E0,5.470000E2,-1.653376E0,1.059897E1,
1.783333E0,5.480000E2,-1.643455E0,1.063378E1,
1.787500E0,5.490000E2,-1.634654E0,1.063635E1,
1.791667E0,5.500000E2,-1.622689E0,1.066503E1,
1.795833E0,5.510000E2,-1.620696E0,1.067420E1,
1.800000E0,5.520000E2,-1.604814E0,1.069965E1,
1.804167E0,5.530000E2,-1.614775E0,1.069984E1,
1.808333E0,5.540000E2,-1.598030E0,1.071811E1,
1.812500E0,5.550000E2,-1.592169E0,1.070320E1,
1.816667E0,5.560000E2,-1.598849E0,1.072534E1,
1.820833E0,5.570000E2,-1.590496E0,1.074628E1,
1.825000E0,5.580000E2,-1.576884E0,1.074352E1,
1.829167E0,5.590000E2,-1.582382E0,1.074874E1,
1.833333E0,5.600000E2,-1.583404E0,1.075979E1,
1.837500E0,5.610000E2,-1.592211E0,1.077602E1,
1.841667E0,5.620000E2,-1.567598E0,1.076295E1,
1.845833E0,5.630000E2,-1.563415E0,1.077855E1,
1.850000E0,5.640000E2,-1.553787E0,1.078744E1,
1.854167E0,5.650000E2,-1.537760E0,1.080762E1,
1.858333E0,5.660000E2,-1.542012E0,1.081446E1,
1.862500E0,5.670000E2,-1.531944E0,1.082647E1,
1.866667E0,5.680000E2,-1.526372E0,1.084553E1,
1.870833E0,5.690000E2,-1.511438E0,1.087921E1,
1.875000E0,5.700000E2,-1.499191E0,1.089821E1,
1.879167E0,5.710000E2,-1.481776E0,1.092470E1,
1.883333E0,5.720000E2,-1.470471E0,1.093325E1,
1.887500E0,5.730000E2,-1.466606E0,1.096138E1,
1.891667E0,5.740000E2,-1.453388E0,1.098718E1,
1.895833E0,5.750000E2,-1.431054E0,1.101845E1,
1.900000E0,5.760000E2,-1.434683E0,1.103785E1,
1.904167E0,5.770000E2,-1.413984E0,1.105411E1,
1.908333E0,5.780000E2,-1.399155E0,1.106733E1,
1.912500E0,5.790000E2,-1.396050E0,1.109074E1,
1.916667E0,5.800000E2,-1.391285E0,1.110133E1,
1.920833E0,5.810000E2,-1.378597E0,1.112229E1,
1.925000E0,5.820000E2,-1.379560E0,1.113833E1,
1.929167E0,5.830000E2,-1.377378E0,1.113772E1,
1.933333E0,5.840000E2,-1.374446E0,1.113787E1,
1.937500E0,5.850000E2,-1.362868E0,1.116567E1,
1.941667E0,5.860000E2,-1.362626E0,1.116134E1,
1.945833E0,5.870000E2,-1.354564E0,1.116672E1,
1.950000E0,5.880000E2,-1.362831E0,1.117047E1,
1.954167E0,5.890000E2,-1.359441E0,1.117786E1,
1.958333E0,5.900000E2,-1.356164E0,1.118542E1,
1.962500E0,5.910000E2,-1.347316E0,1.119599E1,
1.966667E0,5.920000E2,-1.348086E0,1.119678E1,
1.970833E0,5.930000E2,-1.332519E0,1.121488E1,
1.975000E0,5.940000E2,-1.329275E0,1.123402E1,
1.979167E0,5.950000E2,-1.329820E0,1.125297E1,
1.983333E0,5.960000E2,-1.332936E0,1.127243E1,
1.987500E0,5.970000E2,-1.316581E0,1.129474E1,
1.991667E0,5.980000E2,-1.287297E0,1.130368E1,
1.995833E0,5.990000E2,-1.285550E0,1.133217E1,
2.000000E0,6.000000E2,-1.273729E0,1.135819E1,
2.004167E0,6.010000E2,-1.266290E0,1.138737E1,
2.008333E0,6.020000E2,-1.249611E0,1.140906E1,
2.012500E0,6.030000E2,-1.252010E0,1.144514E1,
2.016667E0,6.040000E2,-1.241098E0,1.145262E1,
2.020833E0,6.050000E2,-1.228377E0,1.147385E1,
2.025000E0,6.060000E2,-1.208045E0,1.148448E1,
2.029167E0,6.070000E2,-1.195462E0,1.152168E1,
2.033333E0,6.080000E2,-1.188875E0,1.152597E1,
2.037500E0,6.090000E2,-1.185657E0,1.153768E1,
2.041667E0,6.100000E2,-1.186617E0,1.154544E1,
2.045833E0,6.110000E2,-1.169033E0,1.155911E1,
2.050000E0,6.120000E2,-1.171347E0,1.156443E1,
2.054167E0,6.130000E2,-1.166216E0,1.158076E1,
2.058333E0,6.140000E2,-1.163288E0,1.157474E1,
2.062500E0,6.150000E2,-1.162401E0,1.158282E1,
2.066667E0,6.160000E2,-1.160725E0,1.158829E1,
2.070833E0,6.170000E2,-1.156504E0,1.160176E1,
2.075000E0,6.180000E2,-1.156724E0,1.160789E1,
2.079167E0,6.190000E2,-1.142841E0,1.162088E1,
2.083333E0,6.200000E2,-1.139675E0,1.162878E1,
2.087500E0,6.210000E2,-1.125597E0,1.164122E1,
2.091667E0,6.220000E2,-1.134329E0,1.165214E1,
2.095833E0,6.230000E2,-1.107173E0,1.167328E1,
2.100000E0,6.240000E2,-1.104426E0,1.168865E1,
2.104167E0,6.250000E2,-1.093513E0,1.170715E1,
2.108333E0,6.260000E2,-1.085389E0,1.171649E1,
2.112500E0,6.270000E2,-1.073194E0,1.174564E1,
2.116667E0,6.280000E2,-1.064669E0,1.176739E1,
2.120833E0,6.290000E2,-1.038041E0,1.178424E1,
2.125000E0,6.300000E2,-1.032371E0,1.182655E1,
2.129167E0,6.310000E2,-1.014671E0,1.185031E1,
2.133333E0,6.320000E2,-1.002609E0,1.187017E1,
2.137500E0,6.330000E2,-9.998331E-1,1.188782E1,
2.141667E0,6.340000E2,-9.886602E-1,1.191262E1,
2.145833E0,6.350000E2,-9.801754E-1,1.191078E1,
2.150000E0,6.360000E2,-9.642783E-1,1.194410E1,
2.154167E0,6.370000E2,-9.627571E-1,1.193764E1,
2.158333E0,6.380000E2,-9.565791E-1,1.196232E1,
2.162500E0,6.390000E2,-9.479433E-1,1.197170E1,
2.166667E0,6.400000E2,-9.483102E-1,1.198229E1,
2.170833E0,6.410000E2,-9.319838E-1,1.199028E1,
2.175000E0,6.420000E2,-9.467454E-1,1.199705E1,
2.179167E0,6.430000E2,-9.308637E-1,1.199463E1,
2.183333E0,6.440000E2,-9.269515E-1,1.200083E1,
2.187500E0,6.450000E2,-9.388698E-1,1.200640E1,
2.191667E0,6.460000E2,-9.229438E-1,1.201958E1,
2.195833E0,6.470000E2,-9.217094E-1,1.202530E1,
2.200000E0,6.480000E2,-9.128167E-1,1.202802E1,
2.204167E0,6.490000E2,-9.190061E-1,1.205544E1,
2.208333E0,6.500000E2,-9.030830E-1,1.205677E1,
2.212500E0,6.510000E2,-9.023069E-1,1.207672E1,
2.216667E0,6.520000E2,-8.889849E-1,1.209298E1,
2.220833E0,6.530000E2,-8.677619E-1,1.211229E1,
2.225000E0,6.540000E2,-8.651795E-1,1.214092E1,
2.229167E0,6.550000E2,-8.655078E-1,1.215519E1,
2.233333E0,6.560000E2,-8.477070E-1,1.217357E1,
2.237500E0,6.570000E2,-8.335108E-1,1.220165E1,
2.241667E0,6.580000E2,-8.084479E-1,1.222309E1,
2.245833E0,6.590000E2,-8.062050E-1,1.224293E1,
2.250000E0,6.600000E2,-7.990554E-1,1.227959E1,
2.254167E0,6.610000E2,-7.714472E-1,1.230176E1,
2.258333E0,6.620000E2,-7.654096E-1,1.230506E1,
2.262500E0,6.630000E2,-7.544623E-1,1.234026E1,
2.266667E0,6.640000E2,-7.523481E-1,1.235728E1,
2.270833E0,6.650000E2,-7.314424E-1,1.235158E1,
2.275000E0,6.660000E2,-7.345012E-1,1.237437E1,
2.279167E0,6.670000E2,-7.403053E-1,1.238030E1,
2.283333E0,6.680000E2,-7.307646E-1,1.239555E1,
2.287500E0,6.690000E2,-7.252833E-1,1.238027E1,
2.291667E0,6.700000E2,-7.178832E-1,1.240819E1,
2.295833E0,6.710000E2,-7.093007E-1,1.240826E1,
2.300000E0,6.720000E2,-7.154013E-1,1.241942E1,
2.304167E0,6.730000E2,-7.115576E-1,1.242833E1,
2.308333E0,6.740000E2,-6.911560E-1,1.241603E1,
2.312500E0,6.750000E2,-6.997208E-1,1.243838E1,
2.316667E0,6.760000E2,-6.985925E-1,1.244869E1,
2.320833E0,6.770000E2,-6.896879E-1,1.246419E1,
2.325000E0,6.780000E2,-6.909984E-1,1.248123E1,
2.329167E0,6.790000E2,-6.731198E-1,1.249486E1,
2.333333E0,6.800000E2,-6.619015E-1,1.250330E1,
2.337500E0,6.810000E2,-6.613605E-1,1.253151E1,
2.341667E0,6.820000E2,-6.412684E-1,1.254362E1,
2.345833E0,6.830000E2,-6.373650E-1,1.257482E1,
2.350000E0,6.840000E2,-6.211343E-1,1.259175E1,
2.354167E0,6.850000E2,-6.137121E-1,1.261451E1,
2.358333E0,6.860000E2,-5.999964E-1,1.263902E1,
2.362500E0,6.870000E2,-5.902428E-1,1.265088E1,
2.366667E0,6.880000E2,-5.660061E-1,1.267977E1,
2.370833E0,6.890000E2,-5.559102E-1,1.269472E1,
2.375000E0,6.900000E2,-5.441565E-1,1.272671E1,
2.379167E0,6.910000E2,-5.387899E-1,1.274631E1,
2.383333E0,6.920000E2,-5.299146E-1,1.274591E1,
2.387500E0,6.930000E2,-5.187707E-1,1.275517E1,
2.391667E0,6.940000E2,-5.050366E-1,1.278210E1,
2.395833E0,6.950000E2,-4.999218E-1,1.278741E1,
2.400000E0,6.960000E2,-5.004671E-1,1.279378E1,
2.404167E0,6.970000E2,-4.901624E-1,1.282047E1,
2.408333E0,6.980000E2,-4.773534E-1,1.281052E1,
2.412500E0,6.990000E2,-4.837402E-1,1.281269E1,
2.429167E0,7.030000E2,-4.717326E-1,1.284687E1,
2.433333E0,7.040000E2,-4.560267E-1,1.284666E1,
2.437500E0,7.050000E2,-4.639155E-1,1.286217E1,
2.441667E0,7.060000E2,-4.475817E-1,1.288869E1,
2.445833E0,7.070000E2,-4.421872E-1,1.288158E1,
2.450000E0,7.080000E2,-4.416072E-1,1.290771E1,
2.454167E0,7.090000E2,-4.262911E-1,1.293288E1,
2.458333E0,7.100000E2,-3.980953E-1,1.294632E1,
2.462500E0,7.110000E2,-3.868043E-1,1.296281E1,
2.466667E0,7.120000E2,-3.662895E-1,1.297919E1,
2.470833E0,7.130000E2,-3.577512E-1,1.300717E1,
2.475000E0,7.140000E2,-3.608210E-1,1.303104E1,
2.479167E0,7.150000E2,-3.269036E-1,1.305094E1,
2.483333E0,7.160000E2,-3.172966E-1,1.307689E1,
2.487500E0,7.170000E2,-3.029258E-1,1.309201E1,
2.491667E0,7.180000E2,-2.897616E-1,1.311747E1,
2.495833E0,7.190000E2,-2.804564E-1,1.312828E1,
2.500000E0,7.200000E2,-2.711424E-1,1.314861E1,
2.504167E0,7.210000E2,-2.488398E-1,1.315515E1,
2.508333E0,7.220000E2,-2.458073E-1,1.317976E1,
2.512500E0,7.230000E2,-2.454420E-1,1.318705E1,
2.516667E0,7.240000E2,-2.384336E-1,1.319250E1,
2.520833E0,7.250000E2,-2.255813E-1,1.319008E1,
2.525000E0,7.260000E2,-2.251394E-1,1.320375E1,
2.529167E0,7.270000E2,-2.228559E-1,1.319099E1,
2.533333E0,7.280000E2,-2.281273E-1,1.321230E1,
2.537500E0,7.290000E2,-2.199933E-1,1.322147E1,
2.541667E0,7.300000E2,-2.206719E-1,1.322198E1,
2.545833E0,7.310000E2,-2.213358E-1,1.323591E1,
2.550000E0,7.320000E2,-1.997942E-1,1.324810E1,
2.554167E0,7.330000E2,-2.019378E-1,1.326595E1,
2.558333E0,7.340000E2,-1.966948E-1,1.326816E1,
2.562500E0,7.350000E2,-1.936144E-1,1.327375E1,
2.566667E0,7.360000E2,-1.756045E-1,1.328600E1,
2.570833E0,7.370000E2,-1.584177E-1,1.331773E1,
2.575000E0,7.380000E2,-1.579046E-1,1.334467E1,
2.579167E0,7.390000E2,-1.451865E-1,1.336782E1,
2.583333E0,7.400000E2,-1.471068E-1,1.338463E1,
2.587500E0,7.410000E2,-1.265904E-1,1.340350E1,
2.591667E0,7.420000E2,-1.141076E-1,1.342693E1,
2.595833E0,7.430000E2,-9.372572E-2,1.345355E1,
2.600000E0,7.440000E2,-9.091346E-2,1.347801E1,
2.604167E0,7.450000E2,-8.498530E-2,1.350290E1,
2.608333E0,7.460000E2,-6.872763E-2,1.352053E1,
2.612500E0,7.470000E2,-6.073473E-2,1.355074E1,
2.616667E0,7.480000E2,-4.064124E-2,1.355687E1,
2.620833E0,7.490000E2,-3.708200E-2,1.357399E1,
2.625000E0,7.500000E2,-3.183386E-2,1.359044E1,
2.629167E0,7.510000E2,-2.659101E-2,1.360110E1,
2.633333E0,7.520000E2,-1.743478E-2,1.360110E1,
2.637500E0,7.530000E2,-2.113756E-2,1.360341E1,
2.641667E0,7.540000E2,-1.993560E-2,1.361232E1,
2.645833E0,7.550000E2,-2.238654E-2,1.362863E1,
2.650000E0,7.560000E2,-7.913396E-4,1.363585E1,
2.654167E0,7.570000E2,-1.695437E-3,1.364036E1,
2.658333E0,7.580000E2,2.590716E-3,1.364956E1,
2.662500E0,7.590000E2,3.049655E-3,1.365999E1,
2.666667E0,7.600000E2,1.753315E-2,1.365622E1,
2.670833E0,7.610000E2,7.222741E-3,1.368650E1,
2.675000E0,7.620000E2,2.630223E-2,1.369947E1,
2.679167E0,7.630000E2,2.107561E-2,1.370228E1,
2.683333E0,7.640000E2,3.136904E-2,1.371291E1,
2.687500E0,7.650000E2,3.513300E-2,1.373394E1,
2.691667E0,7.660000E2,5.297442E-2,1.374379E1,
2.695833E0,7.670000E2,6.219300E-2,1.377338E1,
2.700000E0,7.680000E2,7.918999E-2,1.379018E1,
2.704167E0,7.690000E2,8.626658E-2,1.381712E1,
2.708333E0,7.700000E2,9.369126E-2,1.383940E1,
2.712500E0,7.710000E2,1.175150E-1,1.387744E1,
2.716667E0,7.720000E2,1.330918E-1,1.388333E1,
2.720833E0,7.730000E2,1.407116E-1,1.391292E1,
2.725000E0,7.740000E2,1.473164E-1,1.392935E1,
2.729167E0,7.750000E2,1.614506E-1,1.396003E1,
2.733333E0,7.760000E2,1.588230E-1,1.397407E1,
2.737500E0,7.770000E2,1.758509E-1,1.397384E1,
2.741667E0,7.780000E2,1.929013E-1,1.399032E1,
2.745833E0,7.790000E2,1.953932E-1,1.400944E1,
2.750000E0,7.800000E2,1.934999E-1,1.401366E1,
2.754167E0,7.810000E2,2.086498E-1,1.402834E1,
2.758333E0,7.820000E2,2.066921E-1,1.403331E1,
2.762500E0,7.830000E2,2.154741E-1,1.403261E1,
2.766667E0,7.840000E2,2.061213E-1,1.404307E1,
2.770833E0,7.850000E2,2.147839E-1,1.405355E1,
2.775000E0,7.860000E2,2.236449E-1,1.405639E1,
2.779167E0,7.870000E2,2.276323E-1,1.406468E1,
2.783333E0,7.880000E2,2.341428E-1,1.407417E1,
2.787500E0,7.890000E2,2.365124E-1,1.408083E1,
2.791667E0,7.900000E2,2.421401E-1,1.410102E1,
2.795833E0,7.910000E2,2.541271E-1,1.409843E1,
2.800000E0,7.920000E2,2.658717E-1,1.412374E1,
2.804167E0,7.930000E2,2.620728E-1,1.413454E1,
2.808333E0,7.940000E2,2.814636E-1,1.415812E1,
2.812500E0,7.950000E2,2.955058E-1,1.418018E1,
2.816667E0,7.960000E2,3.119820E-1,1.419942E1,
2.820833E0,7.970000E2,3.317055E-1,1.422116E1,
2.825000E0,7.980000E2,3.331391E-1,1.424327E1,
2.829167E0,7.990000E2,3.590496E-1,1.426408E1,
2.833333E0,8.000000E2,3.601401E-1,1.428122E1,
2.837500E0,8.010000E2,3.806331E-1,1.430769E1,
2.841667E0,8.020000E2,3.953491E-1,1.432911E1,
2.845833E0,8.030000E2,4.086247E-1,1.434745E1,
2.850000E0,8.040000E2,4.173807E-1,1.436119E1,
2.854167E0,8.050000E2,4.279095E-1,1.437648E1,
2.858333E0,8.060000E2,4.376706E-1,1.437624E1,
2.862500E0,8.070000E2,4.457889E-1,1.439477E1,
2.866667E0,8.080000E2,4.429895E-1,1.440823E1,
2.870833E0,8.090000E2,4.509839E-1,1.442388E1,
2.875000E0,8.100000E2,4.612491E-1,1.443226E1,
2.879167E0,8.110000E2,4.709347E-1,1.443223E1,
2.883333E0,8.120000E2,4.773253E-1,1.443041E1,
2.887500E0,8.130000E2,4.918680E-1,1.444580E1,
2.891667E0,8.140000E2,4.790252E-1,1.445488E1,
2.895833E0,8.150000E2,4.775516E-1,1.446040E1,
2.900000E0,8.160000E2,4.878815E-1,1.445953E1,
2.904167E0,8.170000E2,4.962449E-1,1.446660E1,
2.908333E0,8.180000E2,4.987794E-1,1.447900E1,
2.912500E0,8.190000E2,4.982442E-1,1.449122E1,
2.916667E0,8.200000E2,5.116516E-1,1.451896E1,
2.920833E0,8.210000E2,5.199568E-1,1.453235E1,
2.925000E0,8.220000E2,5.205910E-1,1.456289E1,
2.929167E0,8.230000E2,5.318111E-1,1.458070E1,
2.933333E0,8.240000E2,5.565662E-1,1.459925E1,
2.937500E0,8.250000E2,5.473563E-1,1.461226E1,
2.941667E0,8.260000E2,5.734733E-1,1.464406E1,
2.945833E0,8.270000E2,5.826354E-1,1.466673E1,
2.950000E0,8.280000E2,6.041266E-1,1.467920E1,
2.954167E0,8.290000E2,6.111407E-1,1.470278E1,
2.958333E0,8.300000E2,6.136734E-1,1.472754E1,
2.962500E0,8.310000E2,6.371818E-1,1.475958E1,
2.966667E0,8.320000E2,6.358081E-1,1.476819E1,
2.970833E0,8.330000E2,6.598116E-1,1.477877E1,
2.975000E0,8.340000E2,6.657224E-1,1.480215E1,
2.979167E0,8.350000E2,6.616993E-1,1.481811E1,
2.983333E0,8.360000E2,6.723253E-1,1.481809E1,
2.987500E0,8.370000E2,6.732195E-1,1.484631E1,
2.991667E0,8.380000E2,6.702757E-1,1.483835E1,
2.995833E0,8.390000E2,6.850927E-1,1.485622E1,
3.000000E0,8.400000E2,6.842624E-1,1.486021E1,
3.004167E0,8.410000E2,6.896093E-1,1.485770E1,
3.008333E0,8.420000E2,6.937535E-1,1.486772E1,
3.012500E0,8.430000E2,6.988020E-1,1.487556E1,
3.016667E0,8.440000E2,6.999937E-1,1.488141E1,
3.020833E0,8.450000E2,6.971105E-1,1.489775E1,
3.025000E0,8.460000E2,7.023549E-1,1.490505E1,
3.029167E0,8.470000E2,7.094813E-1,1.490760E1,
3.033333E0,8.480000E2,7.118454E-1,1.493420E1,
3.037500E0,8.490000E2,7.173778E-1,1.494439E1,
3.041667E0,8.500000E2,7.370080E-1,1.496951E1,
3.045833E0,8.510000E2,7.209198E-1,1.495099E1,
3.050000E0,8.520000E2,7.216748E-1,1.492577E1,
3.054167E0,8.530000E2,6.982931E-1,1.490815E1,
3.058333E0,8.540000E2,6.939835E-1,1.487664E1,
3.062500E0,8.550000E2,6.829392E-1,1.484875E1,
3.066667E0,8.560000E2,6.744944E-1,1.483686E1,
3.070833E0,8.570000E2,6.665200E-1,1.480700E1,
3.075000E0,8.580000E2,6.590685E-1,1.477856E1,
3.079167E0,8.590000E2,6.486619E-1,1.475790E1,
3.083333E0,8.600000E2,6.544415E-1,1.473547E1,
3.087500E0,8.610000E2,6.406020E-1,1.472051E1,
3.091667E0,8.620000E2,6.257148E-1,1.469840E1,
3.095833E0,8.630000E2,6.211297E-1,1.470118E1,
3.100000E0,8.640000E2,6.236885E-1,1.468633E1,
3.104167E0,8.650000E2,6.183061E-1,1.465539E1,
3.108333E0,8.660000E2,6.079571E-1,1.465468E1,
3.112500E0,8.670000E2,6.139751E-1,1.465295E1,
3.116667E0,8.680000E2,5.970748E-1,1.464291E1,
3.120833E0,8.690000E2,5.999770E-1,1.462788E1,
3.125000E0,8.700000E2,6.103083E-1,1.463871E1,
3.129167E0,8.710000E2,5.815934E-1,1.462051E1,
3.133333E0,8.720000E2,5.925076E-1,1.462402E1,
3.137500E0,8.730000E2,5.955839E-1,1.461351E1,
3.141667E0,8.740000E2,5.840692E-1,1.460918E1,
3.145833E0,8.750000E2,5.747295E-1,1.458194E1,
3.150000E0,8.760000E2,5.671066E-1,1.458393E1,
3.154167E0,8.770000E2,5.526217E-1,1.454884E1,
3.158333E0,8.780000E2,5.485353E-1,1.454684E1,
3.162500E0,8.790000E2,5.471794E-1,1.452407E1,
3.166667E0,8.800000E2,5.336383E-1,1.449834E1,
3.170833E0,8.810000E2,5.267472E-1,1.446595E1,
3.175000E0,8.820000E2,5.153973E-1,1.445827E1,
3.179167E0,8.830000E2,5.069894E-1,1.442913E1,
3.183333E0,8.840000E2,4.837251E-1,1.439036E1,
3.187500E0,8.850000E2,4.803826E-1,1.436133E1,
3.191667E0,8.860000E2,4.698120E-1,1.435030E1,
3.195833E0,8.870000E2,4.597967E-1,1.432787E1,
3.200000E0,8.880000E2,4.474965E-1,1.431748E1,
3.204167E0,8.890000E2,4.312965E-1,1.429616E1,
3.208333E0,8.900000E2,4.403115E-1,1.428147E1,
3.212500E0,8.910000E2,4.347641E-1,1.426260E1,
3.216667E0,8.920000E2,4.383016E-1,1.425954E1,
3.220833E0,8.930000E2,4.238521E-1,1.424014E1,
3.225000E0,8.940000E2,4.251581E-1,1.422590E1,
3.229167E0,8.950000E2,4.152631E-1,1.421323E1,
3.233333E0,8.960000E2,4.059833E-1,1.422464E1,
3.237500E0,8.970000E2,4.077889E-1,1.421199E1,
3.241667E0,8.980000E2,3.943835E-1,1.419956E1,
3.245833E0,8.990000E2,3.987910E-1,1.419855E1,
3.250000E0,9.000000E2,3.922457E-1,1.419461E1,
3.254167E0,9.010000E2,3.813130E-1,1.419319E1,
3.258333E0,9.020000E2,3.881942E-1,1.416693E1,
3.262500E0,9.030000E2,3.803083E-1,1.416618E1,
3.266667E0,9.040000E2,3.677433E-1,1.416031E1,
3.270833E0,9.050000E2,3.595723E-1,1.414428E1,
3.275000E0,9.060000E2,3.533829E-1,1.412991E1,
3.279167E0,9.070000E2,3.309844E-1,1.411852E1,
3.283333E0,9.080000E2,3.105133E-1,1.408177E1,
3.287500E0,9.090000E2,2.982664E-1,1.406298E1,
3.291667E0,9.100000E2,2.924463E-1,1.405231E1,
3.295833E0,9.110000E2,2.742121E-1,1.403400E1,
3.300000E0,9.120000E2,2.483969E-1,1.400473E1,
3.304167E0,9.130000E2,2.493860E-1,1.397980E1,
3.308333E0,9.140000E2,2.276533E-1,1.395454E1,
3.312500E0,9.150000E2,2.220811E-1,1.394585E1,
3.316667E0,9.160000E2,2.058058E-1,1.392649E1,
3.320833E0,9.170000E2,1.841761E-1,1.390184E1,
3.325000E0,9.180000E2,1.759130E-1,1.389112E1,
3.329167E0,9.190000E2,1.615065E-1,1.387560E1,
3.333333E0,9.200000E2,1.531120E-1,1.387380E1,
3.337500E0,9.210000E2,1.499087E-1,1.385965E1,
3.341667E0,9.220000E2,1.491924E-1,1.385984E1,
3.345833E0,9.230000E2,1.497917E-1,1.385342E1,
3.350000E0,9.240000E2,1.320946E-1,1.384122E1,
3.354167E0,9.250000E2,1.376838E-1,1.384089E1,
3.358333E0,9.260000E2,1.297768E-1,1.383465E1,
3.362500E0,9.270000E2,1.238863E-1,1.383183E1,
3.366667E0,9.280000E2,1.269403E-1,1.381372E1,
3.370833E0,9.290000E2,1.122860E-1,1.381326E1,
3.375000E0,9.300000E2,1.158156E-1,1.381214E1,
3.379167E0,9.310000E2,9.778549E-2,1.379481E1,
3.383333E0,9.320000E2,8.518495E-2,1.377643E1,
3.387500E0,9.330000E2,8.453945E-2,1.376701E1,
3.391667E0,9.340000E2,5.943847E-2,1.376407E1,
3.395833E0,9.350000E2,4.789656E-2,1.373095E1,
3.400000E0,9.360000E2,4.000512E-2,1.371082E1,
3.404167E0,9.370000E2,2.603540E-2,1.370050E1,
3.408333E0,9.380000E2,7.548354E-3,1.367317E1,
3.412500E0,9.390000E2,-2.009691E-2,1.364603E1,
3.416667E0,9.400000E2,-3.300569E-2,1.362519E1,
3.420833E0,9.410000E2,-3.830718E-2,1.361419E1,
3.425000E0,9.420000E2,-5.402994E-2,1.359034E1,
3.429167E0,9.430000E2,-7.803500E-2,1.358379E1,
3.433333E0,9.440000E2,-8.403392E-2,1.355315E1,
3.437500E0,9.450000E2,-9.669480E-2,1.353168E1,
3.441667E0,9.460000E2,-1.030614E-1,1.352053E1,
3.445833E0,9.470000E2,-1.233374E-1,1.350462E1,
3.450000E0,9.480000E2,-1.187562E-1,1.350784E1,
3.454167E0,9.490000E2,-1.366197E-1,1.348634E1,
3.458333E0,9.500000E2,-1.326208E-1,1.349222E1,
3.462500E0,9.510000E2,-1.411491E-1,1.347969E1,
3.466667E0,9.520000E2,-1.573010E-1,1.348258E1,
3.470833E0,9.530000E2,-1.572339E-1,1.346409E1,
3.475000E0,9.540000E2,-1.576037E-1,1.346447E1,
3.479167E0,9.550000E2,-1.572803E-1,1.344098E1,
3.483333E0,9.560000E2,-1.757475E-1,1.344435E1,
3.487500E0,9.570000E2,-1.752159E-1,1.343515E1,
3.491667E0,9.580000E2,-1.739277E-1,1.343772E1,
3.495833E0,9.590000E2,-1.807485E-1,1.341910E1,
3.500000E0,9.600000E2,-1.968386E-1,1.341131E1,
3.504167E0,9.610000E2,-2.038711E-1,1.338821E1,
3.508333E0,9.620000E2,-2.045990E-1,1.336795E1,
3.512500E0,9.630000E2,-2.222523E-1,1.335634E1,
3.516667E0,9.640000E2,-2.244063E-1,1.334408E1,
3.520833E0,9.650000E2,-2.304870E-1,1.331360E1,
3.525000E0,9.660000E2,-2.464782E-1,1.330015E1,
3.529167E0,9.670000E2,-2.740877E-1,1.326483E1,
3.533333E0,9.680000E2,-2.621551E-1,1.324043E1,
3.537500E0,9.690000E2,-2.734067E-1,1.321643E1,
3.541667E0,9.700000E2,-2.834342E-1,1.319404E1,
3.545833E0,9.710000E2,-2.979312E-1,1.316949E1,
3.550000E0,9.720000E2,-3.242818E-1,1.315205E1,
3.554167E0,9.730000E2,-3.164121E-1,1.313023E1,
3.558333E0,9.740000E2,-3.324027E-1,1.311234E1,
3.562500E0,9.750000E2,-3.376055E-1,1.311339E1,
3.566667E0,9.760000E2,-3.515017E-1,1.309672E1,
3.570833E0,9.770000E2,-3.586108E-1,1.307881E1,
3.575000E0,9.780000E2,-3.641122E-1,1.306783E1,
3.579167E0,9.790000E2,-3.577841E-1,1.305419E1,
3.583333E0,9.800000E2,-3.694650E-1,1.306046E1,
3.587500E0,9.810000E2,-3.755935E-1,1.304658E1,
3.591667E0,9.820000E2,-3.851251E-1,1.305651E1,
3.595833E0,9.830000E2,-3.778207E-1,1.302812E1,
3.600000E0,9.840000E2,-3.840218E-1,1.303416E1,
3.604167E0,9.850000E2,-3.869508E-1,1.303180E1,
3.608333E0,9.860000E2,-3.865561E-1,1.301217E1,
3.612500E0,9.870000E2,-3.934174E-1,1.301715E1,
3.616667E0,9.880000E2,-4.039417E-1,1.299843E1,
3.620833E0,9.890000E2,-4.097978E-1,1.298386E1,
3.625000E0,9.900000E2,-4.187379E-1,1.295615E1,
3.629167E0,9.910000E2,-4.233321E-1,1.294894E1,
3.633333E0,9.920000E2,-4.328923E-1,1.292846E1,
3.637500E0,9.930000E2,-4.461620E-1,1.290121E1,
3.641667E0,9.940000E2,-4.625054E-1,1.288818E1,
3.645833E0,9.950000E2,-4.627797E-1,1.285521E1,
3.650000E0,9.960000E2,-4.728106E-1,1.281482E1,
3.654167E0,9.970000E2,-4.947100E-1,1.280616E1,
3.658333E0,9.980000E2,-4.954064E-1,1.279057E1,
3.662500E0,9.990000E2,-5.097630E-1,1.275328E1,
3.666667E0,1.000000E3,-5.296717E-1,1.273992E1,
3.670833E0,1.001000E3,-5.258052E-1,1.271174E1,
3.675000E0,1.002000E3,-5.278666E-1,1.269769E1,
3.679167E0,1.003000E3,-5.454115E-1,1.266541E1,
3.683333E0,1.004000E3,-5.520614E-1,1.265726E1,
3.687500E0,1.005000E3,-5.475934E-1,1.265476E1,
3.691667E0,1.006000E3,-5.649707E-1,1.264297E1,
3.695833E0,1.007000E3,-5.678903E-1,1.262652E1,
3.700000E0,1.008000E3,-5.674384E-1,1.263481E1,
3.704167E0,1.009000E3,-5.645255E-1,1.262602E1,
3.708333E0,1.010000E3,-5.671572E-1,1.261234E1,
3.712500E0,1.011000E3,-5.770021E-1,1.259899E1,
3.716667E0,1.012000E3,-5.789132E-1,1.260858E1,
3.720833E0,1.013000E3,-5.802287E-1,1.259462E1,
3.725000E0,1.014000E3,-5.871975E-1,1.259329E1,
3.729167E0,1.015000E3,-5.944410E-1,1.258517E1,
3.733333E0,1.016000E3,-6.013096E-1,1.256384E1,
3.737500E0,1.017000E3,-5.961757E-1,1.254997E1,
3.741667E0,1.018000E3,-6.076946E-1,1.253917E1,
3.745833E0,1.019000E3,-5.955967E-1,1.251395E1,
3.750000E0,1.020000E3,-6.158077E-1,1.248249E1,
3.754167E0,1.021000E3,-6.302770E-1,1.247533E1,
3.758333E0,1.022000E3,-6.323325E-1,1.244927E1,
3.762500E0,1.023000E3,-6.373474E-1,1.241868E1,
3.766667E0,1.024000E3,-6.441107E-1,1.239970E1,
3.770833E0,1.025000E3,-6.516242E-1,1.236872E1,
3.775000E0,1.026000E3,-6.590008E-1,1.234346E1,
3.779167E0,1.027000E3,-6.697324E-1,1.232665E1,
3.783333E0,1.028000E3,-6.716672E-1,1.229046E1,
3.787500E0,1.029000E3,-6.684887E-1,1.226768E1,
3.791667E0,1.030000E3,-6.900757E-1,1.225737E1,
3.795833E0,1.031000E3,-6.945076E-1,1.223290E1,
3.800000E0,1.032000E3,-6.924846E-1,1.223113E1,
3.804167E0,1.033000E3,-6.929144E-1,1.220822E1,
3.808333E0,1.034000E3,-6.989262E-1,1.219114E1,
3.812500E0,1.035000E3,-6.993873E-1,1.218990E1,
3.816667E0,1.036000E3,-7.095185E-1,1.217077E1,
3.820833E0,1.037000E3,-7.128419E-1,1.218578E1,
3.825000E0,1.038000E3,-7.097002E-1,1.217082E1,
3.829167E0,1.039000E3,-7.119833E-1,1.216891E1,
3.833333E0,1.040000E3,-7.087096E-1,1.216133E1,
3.837500E0,1.041000E3,-7.124087E-1,1.215197E1,
3.841667E0,1.042000E3,-7.360495E-1,1.213570E1,
3.845833E0,1.043000E3,-7.248028E-1,1.213675E1,
3.850000E0,1.044000E3,-7.390400E-1,1.211822E1,
3.854167E0,1.045000E3,-7.543787E-1,1.210206E1,
3.858333E0,1.046000E3,-7.472248E-1,1.207881E1,
3.862500E0,1.047000E3,-7.595677E-1,1.208178E1,
3.866667E0,1.048000E3,-7.708740E-1,1.205354E1,
3.870833E0,1.049000E3,-7.872029E-1,1.203171E1,
3.875000E0,1.050000E3,-7.965722E-1,1.200030E1,
3.879167E0,1.051000E3,-8.028815E-1,1.199425E1,
3.883333E0,1.052000E3,-8.223423E-1,1.196411E1,
3.887500E0,1.053000E3,-8.258677E-1,1.194706E1,
3.891667E0,1.054000E3,-8.362803E-1,1.191714E1,
3.895833E0,1.055000E3,-8.498765E-1,1.188973E1,
3.900000E0,1.056000E3,-8.581955E-1,1.187686E1,
3.904167E0,1.057000E3,-8.706230E-1,1.184372E1,
3.908333E0,1.058000E3,-8.866921E-1,1.182554E1,
3.912500E0,1.059000E3,-8.939954E-1,1.181796E1,
3.916667E0,1.060000E3,-8.938887E-1,1.180817E1,
3.920833E0,1.061000E3,-8.946471E-1,1.179756E1,
3.925000E0,1.062000E3,-9.041376E-1,1.177911E1,
3.929167E0,1.063000E3,-9.118125E-1,1.176951E1,
3.933333E0,1.064000E3,-9.112237E-1,1.176352E1,
3.937500E0,1.065000E3,-9.260562E-1,1.175411E1,
3.941667E0,1.066000E3,-9.238105E-1,1.174597E1,
3.945833E0,1.067000E3,-9.227632E-1,1.174595E1,
3.950000E0,1.068000E3,-9.236426E-1,1.173342E1,
3.954167E0,1.069000E3,-9.282128E-1,1.172802E1,
3.958333E0,1.070000E3,-9.311247E-1,1.172826E1,
3.962500E0,1.071000E3,-9.401588E-1,1.171235E1,
3.966667E0,1.072000E3,-9.404617E-1,1.169601E1,
3.970833E0,1.073000E3,-9.402401E-1,1.168960E1,
3.975000E0,1.074000E3,-9.578477E-1,1.166849E1,
3.979167E0,1.075000E3,-9.595979E-1,1.165531E1,
3.983333E0,1.076000E3,-9.607481E-1,1.162580E1,
3.987500E0,1.077000E3,-9.560039E-1,1.160423E1,
3.991667E0,1.078000E3,-9.672051E-1,1.157657E1,
3.995833E0,1.079000E3,-9.689490E-1,1.156738E1,
4.000000E0,1.080000E3,-9.768795E-1,1.154350E1,
4.004167E0,1.081000E3,-9.943773E-1,1.151641E1,
4.008333E0,1.082000E3,-9.985264E-1,1.148571E1,
4.012500E0,1.083000E3,-1.012125E0,1.146003E1,
4.016667E0,1.084000E3,-1.004744E0,1.143379E1,
4.020833E0,1.085000E3,-1.014071E0,1.141680E1,
4.025000E0,1.086000E3,-1.021397E0,1.139206E1,
4.029167E0,1.087000E3,-1.027513E0,1.136919E1,
4.033333E0,1.088000E3,-1.033821E0,1.136539E1,
4.037500E0,1.089000E3,-1.039794E0,1.135089E1,
4.041667E0,1.090000E3,-1.043154E0,1.133673E1,
4.045833E0,1.091000E3,-1.040522E0,1.132298E1,
4.050000E0,1.092000E3,-1.055012E0,1.131245E1,
4.054167E0,1.093000E3,-1.058660E0,1.130787E1,
4.058333E0,1.094000E3,-1.054467E0,1.130191E1,
4.062500E0,1.095000E3,-1.049509E0,1.128720E1,
4.066667E0,1.096000E3,-1.057080E0,1.128497E1,
4.070833E0,1.097000E3,-1.061942E0,1.127411E1,
4.075000E0,1.098000E3,-1.058224E0,1.127895E1,
4.079167E0,1.099000E3,-1.065740E0,1.125439E1,
4.083333E0,1.100000E3,-1.081964E0,1.124401E1,
4.087500E0,1.101000E3,-1.081805E0,1.123287E1,
4.091667E0,1.102000E3,-1.094055E0,1.122395E1,
4.095833E0,1.103000E3,-1.089269E0,1.120003E1,
4.100000E0,1.104000E3,-1.097599E0,1.119682E1,
4.104167E0,1.105000E3,-1.100774E0,1.116975E1,
4.108333E0,1.106000E3,-1.101054E0,1.112897E1,
4.112500E0,1.107000E3,-1.128349E0,1.112188E1,
4.116667E0,1.108000E3,-1.136360E0,1.109904E1,
4.120833E0,1.109000E3,-1.150753E0,1.106554E1,
4.125000E0,1.110000E3,-1.177115E0,1.104888E1,
4.129167E0,1.111000E3,-1.176499E0,1.102679E1,
4.133333E0,1.112000E3,-1.187923E0,1.100050E1,
4.137500E0,1.113000E3,-1.193324E0,1.098332E1,
4.141667E0,1.114000E3,-1.210384E0,1.096709E1,
4.145833E0,1.115000E3,-1.222483E0,1.094486E1,
4.150000E0,1.116000E3,-1.219611E0,1.093241E1,
4.154167E0,1.117000E3,-1.230203E0,1.091200E1,
4.158333E0,1.118000E3,-1.240957E0,1.091143E1,
4.162500E0,1.119000E3,-1.245033E0,1.089395E1,
4.166667E0,1.120000E3,-1.246614E0,1.089686E1,
4.170833E0,1.121000E3,-1.243679E0,1.089489E1,
4.175000E0,1.122000E3,-1.243347E0,1.088624E1,
4.179167E0,1.123000E3,-1.262665E0,1.086735E1,
4.183333E0,1.124000E3,-1.250947E0,1.086670E1,
4.187500E0,1.125000E3,-1.260851E0,1.085597E1,
4.191667E0,1.126000E3,-1.262729E0,1.085284E1,
4.195833E0,1.127000E3,-1.263752E0,1.083646E1,
4.200000E0,1.128000E3,-1.281488E0,1.082557E1,
4.204167E0,1.129000E3,-1.277306E0,1.081957E1,
4.208333E0,1.130000E3,-1.297799E0,1.080122E1,
4.212500E0,1.131000E3,-1.301425E0,1.079770E1,
4.216667E0,1.132000E3,-1.314004E0,1.077737E1,
4.220833E0,1.133000E3,-1.310628E0,1.075631E1,
4.225000E0,1.134000E3,-1.323050E0,1.073290E1,
4.229167E0,1.135000E3,-1.342347E0,1.071184E1,
4.233333E0,1.136000E3,-1.358489E0,1.069710E1,
4.237500E0,1.137000E3,-1.379315E0,1.066944E1,
4.241667E0,1.138000E3,-1.380244E0,1.064678E1,
4.245833E0,1.139000E3,-1.396193E0,1.063590E1,
4.250000E0,1.140000E3,-1.412599E0,1.060426E1,
4.254167E0,1.141000E3,-1.430358E0,1.058120E1,
4.258333E0,1.142000E3,-1.443025E0,1.056249E1,
4.262500E0,1.143000E3,-1.452140E0,1.055465E1,
4.266667E0,1.144000E3,-1.453157E0,1.052884E1,
4.270833E0,1.145000E3,-1.474628E0,1.051548E1,
4.275000E0,1.146000E3,-1.475094E0,1.051337E1,
4.279167E0,1.147000E3,-1.471625E0,1.050380E1,
4.283333E0,1.148000E3,-1.480915E0,1.049688E1,
4.287500E0,1.149000E3,-1.480081E0,1.047614E1,
4.291667E0,1.150000E3,-1.491586E0,1.047762E1,
4.295833E0,1.151000E3,-1.494642E0,1.046558E1,
4.300000E0,1.152000E3,-1.491894E0,1.046549E1,
4.304167E0,1.153000E3,-1.499437E0,1.044706E1,
4.308333E0,1.154000E3,-1.505047E0,1.044825E1,
4.312500E0,1.155000E3,-1.514721E0,1.044774E1,
4.316667E0,1.156000E3,-1.525974E0,1.043279E1,
4.320833E0,1.157000E3,-1.514556E0,1.040556E1,
4.325000E0,1.158000E3,-1.533111E0,1.041269E1,
4.329167E0,1.159000E3,-1.543750E0,1.039375E1,
4.333333E0,1.160000E3,-1.543849E0,1.037285E1,
4.337500E0,1.161000E3,-1.564998E0,1.035564E1,
4.341667E0,1.162000E3,-1.579309E0,1.033330E1,
4.345833E0,1.163000E3,-1.586931E0,1.032053E1,
4.350000E0,1.164000E3,-1.596794E0,1.029085E1,
4.354167E0,1.165000E3,-1.607705E0,1.025821E1,
4.358333E0,1.166000E3,-1.619173E0,1.023940E1,
4.362500E0,1.167000E3,-1.629052E0,1.023136E1,
4.366667E0,1.168000E3,-1.648006E0,1.020622E1,
4.370833E0,1.169000E3,-1.656829E0,1.018318E1,
4.375000E0,1.170000E3,-1.670599E0,1.015400E1,
4.379167E0,1.171000E3,-1.684471E0,1.014458E1,
4.383333E0,1.172000E3,-1.687740E0,1.013181E1,
4.387500E0,1.173000E3,-1.696426E0,1.011241E1,
4.391667E0,1.174000E3,-1.694548E0,1.010418E1,
4.395833E0,1.175000E3,-1.708030E0,1.009638E1,
4.400000E0,1.176000E3,-1.720854E0,1.008712E1,
4.404167E0,1.177000E3,-1.717496E0,1.007621E1,
4.408333E0,1.178000E3,-1.726306E0,1.006983E1,
4.412500E0,1.179000E3,-1.718954E0,1.005371E1,
4.416667E0,1.180000E3,-1.742072E0,1.005379E1,
4.420833E0,1.181000E3,-1.739466E0,1.005457E1,
4.425000E0,1.182000E3,-1.743664E0,1.005325E1,
4.429167E0,1.183000E3,-1.743969E0,1.003647E1,
4.433333E0,1.184000E3,-1.751153E0,1.003289E1,
4.437500E0,1.185000E3,-1.766458E0,1.001571E1,
4.441667E0,1.186000E3,-1.775696E0,9.997214E0,
4.445833E0,1.187000E3,-1.772097E0,9.991048E0,
4.450000E0,1.188000E3,-1.773711E0,9.974447E0,
4.454167E0,1.189000E3,-1.783902E0,9.947665E0,
4.458333E0,1.190000E3,-1.804697E0,9.926962E0,
4.462500E0,1.191000E3,-1.810513E0,9.910417E0,
4.466667E0,1.192000E3,-1.829688E0,9.883927E0,
4.470833E0,1.193000E3,-1.844912E0,9.866364E0,
4.475000E0,1.194000E3,-1.841228E0,9.831406E0,
4.479167E0,1.195000E3,-1.856374E0,9.820960E0,
4.483333E0,1.196000E3,-1.873236E0,9.789108E0,
4.487500E0,1.197000E3,-1.884152E0,9.772975E0,
4.491667E0,1.198000E3,-1.886786E0,9.741031E0,
4.495833E0,1.199000E3,-1.899479E0,9.737209E0,
4.500000E0,1.200000E3,-1.911431E0,9.715719E0,
4.504167E0,1.201000E3,-1.914291E0,9.711888E0,
4.508333E0,1.202000E3,-1.921401E0,9.675737E0,
4.512500E0,1.203000E3,-1.928306E0,9.663226E0,
4.516667E0,1.204000E3,-1.934056E0,9.668872E0,
4.520833E0,1.205000E3,-1.927627E0,9.661666E0,
4.525000E0,1.206000E3,-1.938770E0,9.638376E0,
4.529167E0,1.207000E3,-1.945720E0,9.645978E0,
4.533333E0,1.208000E3,-1.930701E0,9.642290E0,
4.537500E0,1.209000E3,-1.936783E0,9.638841E0,
4.541667E0,1.210000E3,-1.944143E0,9.624220E0,
4.545833E0,1.211000E3,-1.951240E0,9.606164E0,
4.550000E0,1.212000E3,-1.953625E0,9.594297E0,
4.554167E0,1.213000E3,-1.967846E0,9.607355E0,
4.558333E0,1.214000E3,-1.964393E0,9.583891E0,
4.562500E0,1.215000E3,-1.968631E0,9.572086E0,
4.566667E0,1.216000E3,-1.978565E0,9.547009E0,
4.570833E0,1.217000E3,-1.982858E0,9.528443E0,
4.575000E0,1.218000E3,-1.998648E0,9.507664E0,
4.579167E0,1.219000E3,-2.002516E0,9.480922E0,
4.583333E0,1.220000E3,-2.022897E0,9.461355E0,
4.587500E0,1.221000E3,-2.023681E0,9.431991E0,
4.591667E0,1.222000E3,-2.037027E0,9.411434E0,
4.595833E0,1.223000E3,-2.051531E0,9.396238E0,
4.600000E0,1.224000E3,-2.056290E0,9.365931E0,
4.604167E0,1.225000E3,-2.063929E0,9.339100E0,
4.608333E0,1.226000E3,-2.076987E0,9.332344E0,
4.612500E0,1.227000E3,-2.077142E0,9.310401E0,
4.616667E0,1.228000E3,-2.095052E0,9.285284E0,
4.620833E0,1.229000E3,-2.092584E0,9.258876E0,
4.625000E0,1.230000E3,-2.100046E0,9.263597E0,
4.629167E0,1.231000E3,-2.113467E0,9.252118E0,
4.633333E0,1.232000E3,-2.106296E0,9.230899E0,
4.637500E0,1.233000E3,-2.126849E0,9.234786E0,
4.641667E0,1.234000E3,-2.119124E0,9.213992E0,
4.645833E0,1.235000E3,-2.124840E0,9.210965E0,
4.650000E0,1.236000E3,-2.123544E0,9.203728E0,
4.654167E0,1.237000E3,-2.140294E0,9.201528E0,
4.658333E0,1.238000E3,-2.141176E0,9.192891E0,
4.662500E0,1.239000E3,-2.142549E0,9.194700E0,
4.666667E0,1.240000E3,-2.141560E0,9.174911E0,
4.670833E0,1.241000E3,-2.145858E0,9.169007E0,
4.675000E0,1.242000E3,-2.151999E0,9.154159E0,
4.679167E0,1.243000E3,-2.160391E0,9.140990E0,
4.683333E0,1.244000E3,-2.170631E0,9.118098E0,
4.687500E0,1.245000E3,-2.182666E0,9.104319E0,
4.691667E0,1.246000E3,-2.186032E0,9.092535E0,
4.695833E0,1.247000E3,-2.191323E0,9.067872E0,
4.700000E0,1.248000E3,-2.200104E0,9.033386E0,
4.704167E0,1.249000E3,-2.220961E0,9.014704E0,
4.708333E0,1.250000E3,-2.223167E0,8.987040E0,
4.712500E0,1.251000E3,-2.248561E0,8.964623E0,
4.716667E0,1.252000E3,-2.245747E0,8.940908E0,
4.720833E0,1.253000E3,-2.265378E0,8.913907E0,
4.725000E0,1.254000E3,-2.265141E0,8.901710E0,
4.729167E0,1.255000E3,-2.278827E0,8.883514E0,
4.733333E0,1.256000E3,-2.285453E0,8.860200E0,
4.737500E0,1.257000E3,-2.288502E0,8.839576E0,
4.741667E0,1.258000E3,-2.281624E0,8.828644E0,
4.745833E0,1.259000E3,-2.298038E0,8.810412E0,
4.750000E0,1.260000E3,-2.293877E0,8.810499E0,
4.754167E0,1.261000E3,-2.299425E0,8.809150E0,
4.758333E0,1.262000E3,-2.301035E0,8.771054E0,
4.762500E0,1.263000E3,-2.303172E0,8.782634E0,
4.766667E0,1.264000E3,-2.303396E0,8.774198E0,
4.770833E0,1.265000E3,-2.316186E0,8.768681E0,
4.775000E0,1.266000E3,-2.311123E0,8.758990E0,
4.779167E0,1.267000E3,-2.311789E0,8.743835E0,
4.783333E0,1.268000E3,-2.320475E0,8.743475E0,
4.787500E0,1.269000E3,-2.318815E0,8.730991E0,
4.791667E0,1.270000E3,-2.331849E0,8.720279E0,
4.795833E0,1.271000E3,-2.327502E0,8.706709E0,
4.800000E0,1.272000E3,-2.342459E0,8.687666E0,
4.804167E0,1.273000E3,-2.347373E0,8.686168E0,
4.808333E0,1.274000E3,-2.349277E0,8.644659E0,
4.812500E0,1.275000E3,-2.356411E0,8.627996E0,
4.816667E0,1.276000E3,-2.374713E0,8.599195E0,
4.820833E0,1.277000E3,-2.384648E0,8.581726E0,
4.825000E0,1.278000E3,-2.384392E0,8.567152E0,
4.829167E0,1.279000E3,-2.417159E0,8.532877E0,
4.833333E0,1.280000E3,-2.402536E0,8.503939E0,
4.837500E0,1.281000E3,-2.412520E0,8.477560E0,
4.841667E0,1.282000E3,-2.435939E0,8.466827E0,
4.845833E0,1.283000E3,-2.431527E0,8.438749E0,
4.850000E0,1.284000E3,-2.444169E0,8.427996E0,
4.854167E0,1.285000E3,-2.450972E0,8.403334E0,
4.858333E0,1.286000E3,-2.473745E0,8.389681E0,
4.862500E0,1.287000E3,-2.468736E0,8.379931E0,
4.866667E0,1.288000E3,-2.472254E0,8.359887E0,
4.870833E0,1.289000E3,-2.478023E0,8.368078E0,
4.875000E0,1.290000E3,-2.481847E0,8.346422E0,
4.879167E0,1.291000E3,-2.484526E0,8.347545E0,
4.883333E0,1.292000E3,-2.502779E0,8.343292E0,
4.887500E0,1.293000E3,-2.489979E0,8.348734E0,
4.891667E0,1.294000E3,-2.495945E0,8.331060E0,
4.895833E0,1.295000E3,-2.495551E0,8.326040E0,
4.900000E0,1.296000E3,-2.501522E0,8.309495E0,
4.904167E0,1.297000E3,-2.502752E0,8.301737E0,
4.908333E0,1.298000E3,-2.505743E0,8.290701E0,
4.912500E0,1.299000E3,-2.502187E0,8.283277E0,
4.916667E0,1.300000E3,-2.522971E0,8.254741E0,
4.920833E0,1.301000E3,-2.513826E0,8.244736E0,
4.925000E0,1.302000E3,-2.531509E0,8.239157E0,
4.929167E0,1.303000E3,-2.542781E0,8.194217E0,
4.933333E0,1.304000E3,-2.555207E0,8.166010E0,
4.937500E0,1.305000E3,-2.551403E0,8.150085E0,
4.941667E0,1.306000E3,-2.575031E0,8.127772E0,
4.945833E0,1.307000E3,-2.570309E0,8.113699E0,
4.950000E0,1.308000E3,-2.582997E0,8.081971E0,
4.954167E0,1.309000E3,-2.597626E0,8.062092E0,
4.958333E0,1.310000E3,-2.607308E0,8.028334E0,
4.962500E0,1.311000E3,-2.609170E0,8.011336E0,
4.966667E0,1.312000E3,-2.618869E0,7.993974E0,
4.970833E0,1.313000E3,-2.622997E0,7.969982E0,
4.975000E0,1.314000E3,-2.633831E0,7.961571E0,
4.979167E0,1.315000E3,-2.642822E0,7.945147E0,
4.983333E0,1.316000E3,-2.641804E0,7.937108E0,
4.987500E0,1.317000E3,-2.656478E0,7.917965E0,
4.991667E0,1.318000E3,-2.648339E0,7.906180E0,
4.995833E0,1.319000E3,-2.656489E0,7.919917E0,
5.000000E0,1.320000E3,-2.666677E0,7.905891E0,
5.004167E0,1.321000E3,-2.669302E0,7.899228E0,
5.008333E0,1.322000E3,-2.668698E0,7.909360E0,
5.012500E0,1.323000E3,-2.680980E0,7.893155E0,
5.016667E0,1.324000E3,-2.666201E0,7.881962E0,
5.020833E0,1.325000E3,-2.673648E0,7.866196E0,
5.025000E0,1.326000E3,-2.691734E0,7.861722E0,
5.029167E0,1.327000E3,-2.693208E0,7.848543E0,
5.033333E0,1.328000E3,-2.691609E0,7.831778E0,
5.037500E0,1.329000E3,-2.709558E0,7.826276E0,
5.041667E0,1.330000E3,-2.729307E0,7.804778E0,
5.045833E0,1.331000E3,-2.749041E0,7.785002E0,
5.050000E0,1.332000E3,-2.759922E0,7.756690E0,
5.054167E0,1.333000E3,-2.758360E0,7.736842E0,
5.058333E0,1.334000E3,-2.779127E0,7.726443E0,
5.062500E0,1.335000E3,-2.804356E0,7.699577E0,
5.066667E0,1.336000E3,-2.807774E0,7.673263E0,
5.070833E0,1.337000E3,-2.828845E0,7.657349E0,
5.075000E0,1.338000E3,-2.845041E0,7.635572E0,
5.079167E0,1.339000E3,-2.857360E0,7.613768E0,
5.083333E0,1.340000E3,-2.869316E0,7.597879E0,
5.087500E0,1.341000E3,-2.867681E0,7.587705E0,
5.091667E0,1.342000E3,-2.892699E0,7.571022E0,
5.095833E0,1.343000E3,-2.897868E0,7.551595E0,
5.100000E0,1.344000E3,-2.895044E0,7.542017E0,
5.104167E0,1.345000E3,-2.900240E0,7.539394E0,
5.108333E0,1.346000E3,-2.920394E0,7.523986E0,
5.112500E0,1.347000E3,-2.907138E0,7.524779E0,
5.116667E0,1.348000E3,-2.917253E0,7.517770E0,
5.120833E0,1.349000E3,-2.936681E0,7.505421E0,
5.125000E0,1.350000E3,-2.921361E0,7.493448E0,
5.129167E0,1.351000E3,-2.945671E0,7.497143E0,
5.133333E0,1.352000E3,-2.938300E0,7.495547E0,
5.137500E0,1.353000E3,-2.955228E0,7.487658E0,
5.141667E0,1.354000E3,-2.965776E0,7.485598E0,
5.145833E0,1.355000E3,-2.958282E0,7.466902E0,
5.150000E0,1.356000E3,-2.970222E0,7.453455E0,
5.154167E0,1.357000E3,-2.983767E0,7.441236E0,
5.158333E0,1.358000E3,-2.993629E0,7.419556E0,
5.162500E0,1.359000E3,-3.007962E0,7.414053E0,
5.166667E0,1.360000E3,-3.022858E0,7.380721E0,
5.170833E0,1.361000E3,-3.042098E0,7.358196E0,
5.175000E0,1.362000E3,-3.046947E0,7.338596E0,
5.179167E0,1.363000E3,-3.065775E0,7.327194E0,
5.183333E0,1.364000E3,-3.082968E0,7.295042E0,
5.187500E0,1.365000E3,-3.100069E0,7.272752E0,
5.191667E0,1.366000E3,-3.112943E0,7.260547E0,
5.195833E0,1.367000E3,-3.133847E0,7.244823E0,
5.200000E0,1.368000E3,-3.138914E0,7.217232E0,
5.204167E0,1.369000E3,-3.153870E0,7.207460E0,
5.208333E0,1.370000E3,-3.150144E0,7.184711E0,
5.212500E0,1.371000E3,-3.172330E0,7.184495E0,
5.216667E0,1.372000E3,-3.176850E0,7.158802E0,
5.220833E0,1.373000E3,-3.180193E0,7.154183E0,
5.225000E0,1.374000E3,-3.180421E0,7.145083E0,
5.229167E0,1.375000E3,-3.186582E0,7.135092E0,
5.233333E0,1.376000E3,-3.192927E0,7.133996E0,
5.237500E0,1.377000E3,-3.183451E0,7.132624E0,
5.241667E0,1.378000E3,-3.199525E0,7.117656E0,
5.245833E0,1.379000E3,-3.200819E0,7.127604E0,
5.250000E0,1.380000E3,-3.190134E0,7.110307E0,
5.254167E0,1.381000E3,-3.216096E0,7.102310E0,
5.258333E0,1.382000E3,-3.210153E0,7.085526E0,
5.262500E0,1.383000E3,-3.219426E0,7.077951E0,
5.266667E0,1.384000E3,-3.237131E0,7.069973E0,
5.270833E0,1.385000E3,-3.241311E0,7.042975E0,
5.275000E0,1.386000E3,-3.242135E0,7.027369E0,
5.279167E0,1.387000E3,-3.266992E0,7.007761E0,
5.283333E0,1.388000E3,-3.271965E0,6.984812E0,
5.287500E0,1.389000E3,-3.278420E0,6.975087E0,
5.291667E0,1.390000E3,-3.299053E0,6.944306E0,
5.295833E0,1.391000E3,-3.310178E0,6.936489E0,
5.300000E0,1.392000E3,-3.329712E0,6.896420E0,
5.304167E0,1.393000E3,-3.342878E0,6.879403E0,
5.308333E0,1.394000E3,-3.355418E0,6.859830E0,
5.312500E0,1.395000E3,-3.366115E0,6.833064E0,
5.316667E0,1.396000E3,-3.371655E0,6.807103E0,
5.320833E0,1.397000E3,-3.385465E0,6.798712E0,
5.325000E0,1.398000E3,-3.383848E0,6.787169E0,
5.329167E0,1.399000E3,-3.401184E0,6.768440E0,
5.333333E0,1.400000E3,-3.410500E0,6.764395E0,
5.337500E0,1.401000E3,-3.405490E0,6.742106E0,
5.341667E0,1.402000E3,-3.424860E0,6.746728E0,
5.345833E0,1.403000E3,-3.433581E0,6.750409E0,
5.350000E0,1.404000E3,-3.431895E0,6.737462E0,
5.354167E0,1.405000E3,-3.443052E0,6.732006E0,
5.358333E0,1.406000E3,-3.436979E0,6.718185E0,
5.362500E0,1.407000E3,-3.435736E0,6.711801E0,
5.366667E0,1.408000E3,-3.444361E0,6.714437E0,
5.370833E0,1.409000E3,-3.455713E0,6.697992E0,
5.375000E0,1.410000E3,-3.460203E0,6.694801E0,
5.379167E0,1.411000E3,-3.463621E0,6.674407E0,
5.383333E0,1.412000E3,-3.467549E0,6.669976E0,
5.387500E0,1.413000E3,-3.486638E0,6.654516E0,
5.391667E0,1.414000E3,-3.497659E0,6.624122E0,
5.395833E0,1.415000E3,-3.500228E0,6.618669E0,
5.400000E0,1.416000E3,-3.518096E0,6.603286E0,
5.404167E0,1.417000E3,-3.530945E0,6.582440E0,
5.408333E0,1.418000E3,-3.544707E0,6.560076E0,
5.412500E0,1.419000E3,-3.568276E0,6.544501E0,
5.416667E0,1.420000E3,-3.580783E0,6.515254E0,
5.420833E0,1.421000E3,-3.589117E0,6.489809E0,
5.425000E0,1.422000E3,-3.611640E0,6.479407E0,
5.429167E0,1.423000E3,-3.627116E0,6.467804E0,
5.433333E0,1.424000E3,-3.638280E0,6.435306E0,
5.437500E0,1.425000E3,-3.650654E0,6.430235E0,
5.441667E0,1.426000E3,-3.649139E0,6.405277E0,
5.445833E0,1.427000E3,-3.678822E0,6.384201E0,
5.450000E0,1.428000E3,-3.681651E0,6.376364E0,
5.454167E0,1.429000E3,-3.677648E0,6.366787E0,
5.458333E0,1.430000E3,-3.695824E0,6.370905E0,
5.462500E0,1.431000E3,-3.699032E0,6.357568E0,
5.466667E0,1.432000E3,-3.714506E0,6.347567E0,
5.470833E0,1.433000E3,-3.704059E0,6.346047E0,
5.475000E0,1.434000E3,-3.708438E0,6.348201E0,
5.479167E0,1.435000E3,-3.712704E0,6.333606E0,
5.483333E0,1.436000E3,-3.723085E0,6.323439E0,
5.487500E0,1.437000E3,-3.725033E0,6.322730E0,
5.491667E0,1.438000E3,-3.734146E0,6.307351E0,
5.495833E0,1.439000E3,-3.736388E0,6.305735E0,
5.500000E0,1.440000E3,-3.750520E0,6.297336E0,
5.504167E0,1.441000E3,-3.756400E0,6.279672E0,
5.508333E0,1.442000E3,-3.780895E0,6.261270E0,
5.512500E0,1.443000E3,-3.788033E0,6.248237E0,
5.516667E0,1.444000E3,-3.817214E0,6.221063E0,
5.520833E0,1.445000E3,-3.816571E0,6.220090E0,
5.525000E0,1.446000E3,-3.827996E0,6.205579E0,
5.529167E0,1.447000E3,-3.851223E0,6.171378E0,
5.533333E0,1.448000E3,-3.852713E0,6.138335E0,
5.537500E0,1.449000E3,-3.889574E0,6.126369E0,
5.541667E0,1.450000E3,-3.902342E0,6.102119E0,
5.545833E0,1.451000E3,-3.921871E0,6.080871E0,
5.550000E0,1.452000E3,-3.934442E0,6.073857E0,
5.554167E0,1.453000E3,-3.948286E0,6.057823E0,
5.558333E0,1.454000E3,-3.967506E0,6.041208E0,
5.562500E0,1.455000E3,-3.976080E0,6.039251E0,
5.566667E0,1.456000E3,-3.968492E0,6.022349E0,
5.570833E0,1.457000E3,-3.991063E0,6.007335E0,
5.575000E0,1.458000E3,-3.991676E0,6.008225E0,
5.579167E0,1.459000E3,-4.011104E0,5.991731E0,
5.583333E0,1.460000E3,-4.009942E0,5.991875E0,
5.587500E0,1.461000E3,-4.011062E0,5.984085E0,
5.591667E0,1.462000E3,-4.019999E0,5.986141E0,
5.595833E0,1.463000E3,-4.026779E0,5.977826E0,
5.600000E0,1.464000E3,-4.029906E0,5.970448E0,
5.604167E0,1.465000E3,-4.034523E0,5.969317E0,
5.608333E0,1.466000E3,-4.037114E0,5.963706E0,
5.612500E0,1.467000E3,-4.043558E0,5.954192E0,
5.616667E0,1.468000E3,-4.068522E0,5.949628E0,
5.620833E0,1.469000E3,-4.084128E0,5.924987E0,
5.625000E0,1.470000E3,-4.085903E0,5.920606E0,
5.629167E0,1.471000E3,-4.099148E0,5.913718E0,
5.633333E0,1.472000E3,-4.110595E0,5.887677E0,
5.637500E0,1.473000E3,-4.125972E0,5.857704E0,
5.641667E0,1.474000E3,-4.154939E0,5.859620E0,
5.645833E0,1.475000E3,-4.158188E0,5.834968E0,
5.650000E0,1.476000E3,-4.188163E0,5.821632E0,
5.654167E0,1.477000E3,-4.219622E0,5.801261E0,
5.658333E0,1.478000E3,-4.221750E0,5.785016E0,
5.662500E0,1.479000E3,-4.243465E0,5.771061E0,
5.666667E0,1.480000E3,-4.260573E0,5.748502E0,
5.670833E0,1.481000E3,-4.286963E0,5.737015E0,
5.675000E0,1.482000E3,-4.293312E0,5.710714E0,
5.679167E0,1.483000E3,-4.302872E0,5.700807E0,
5.683333E0,1.484000E3,-4.315119E0,5.694294E0,
5.687500E0,1.485000E3,-4.319120E0,5.695068E0,
5.691667E0,1.486000E3,-4.323577E0,5.672703E0,
5.695833E0,1.487000E3,-4.328492E0,5.668794E0,
5.700000E0,1.488000E3,-4.335698E0,5.669061E0,
5.704167E0,1.489000E3,-4.349112E0,5.656838E0,
5.708333E0,1.490000E3,-4.342833E0,5.647560E0,
5.712500E0,1.491000E3,-4.356449E0,5.638909E0,
5.716667E0,1.492000E3,-4.358122E0,5.650395E0,
5.720833E0,1.493000E3,-4.370628E0,5.633107E0,
5.725000E0,1.494000E3,-4.384379E0,5.635180E0,
5.729167E0,1.495000E3,-4.397448E0,5.627864E0,
5.733333E0,1.496000E3,-4.391800E0,5.608756E0,
5.737500E0,1.497000E3,-4.407048E0,5.605530E0,
5.741667E0,1.498000E3,-4.414245E0,5.576072E0,
5.745833E0,1.499000E3,-4.421922E0,5.573106E0,
5.750000E0,1.500000E3,-4.450311E0,5.550486E0,
5.754167E0,1.501000E3,-4.466621E0,5.539669E0,
5.758333E0,1.502000E3,-4.470396E0,5.519980E0,
5.762500E0,1.503000E3,-4.486651E0,5.499980E0,
5.766667E0,1.504000E3,-4.508301E0,5.482901E0,
5.770833E0,1.505000E3,-4.528095E0,5.455980E0,
5.775000E0,1.506000E3,-4.552431E0,5.432142E0,
5.779167E0,1.507000E3,-4.561195E0,5.415506E0,
5.783333E0,1.508000E3,-4.582172E0,5.412328E0,
5.787500E0,1.509000E3,-4.591188E0,5.384819E0,
5.791667E0,1.510000E3,-4.602509E0,5.374916E0,
5.795833E0,1.511000E3,-4.624406E0,5.366669E0,
5.800000E0,1.512000E3,-4.629970E0,5.352669E0,
5.804167E0,1.513000E3,-4.640887E0,5.338006E0,
5.808333E0,1.514000E3,-4.645989E0,5.323089E0,
5.812500E0,1.515000E3,-4.647855E0,5.334456E0,
5.816667E0,1.516000E3,-4.659023E0,5.319466E0,
5.820833E0,1.517000E3,-4.663923E0,5.307976E0,
5.825000E0,1.518000E3,-4.668210E0,5.309118E0,
5.829167E0,1.519000E3,-4.680212E0,5.308533E0,
5.833333E0,1.520000E3,-4.682775E0,5.291412E0,
5.837500E0,1.521000E3,-4.686487E0,5.298562E0,
5.841667E0,1.522000E3,-4.687962E0,5.291400E0,
5.845833E0,1.523000E3,-4.695735E0,5.286628E0,
5.850000E0,1.524000E3,-4.699262E0,5.275015E0,
5.854167E0,1.525000E3,-4.730042E0,5.258306E0,
5.858333E0,1.526000E3,-4.736355E0,5.242580E0,
5.862500E0,1.527000E3,-4.760407E0,5.237603E0,
5.866667E0,1.528000E3,-4.768922E0,5.220784E0,
5.870833E0,1.529000E3,-4.792291E0,5.216880E0,
5.875000E0,1.530000E3,-4.793515E0,5.188804E0,
5.879167E0,1.531000E3,-4.815260E0,5.175703E0,
5.883333E0,1.532000E3,-4.845555E0,5.155483E0,
5.887500E0,1.533000E3,-4.856457E0,5.126223E0,
5.891667E0,1.534000E3,-4.873545E0,5.123660E0,
5.895833E0,1.535000E3,-4.887076E0,5.099974E0,
5.900000E0,1.536000E3,-4.911194E0,5.078694E0,
5.904167E0,1.537000E3,-4.933147E0,5.075983E0,
5.908333E0,1.538000E3,-4.950778E0,5.068351E0,
5.912500E0,1.539000E3,-4.961003E0,5.048736E0,
5.916667E0,1.540000E3,-4.975388E0,5.037289E0,
5.920833E0,1.541000E3,-4.990903E0,5.026153E0,
5.925000E0,1.542000E3,-5.004369E0,5.019525E0,
5.929167E0,1.543000E3,-4.998297E0,5.021909E0,
5.933333E0,1.544000E3,-5.015320E0,5.009928E0,
5.937500E0,1.545000E3,-5.018393E0,5.007114E0,
5.941667E0,1.546000E3,-5.017183E0,5.003531E0,
5.945833E0,1.547000E3,-5.027259E0,4.978036E0,
5.950000E0,1.548000E3,-5.025141E0,4.991728E0,
5.954167E0,1.549000E3,-5.043971E0,4.988566E0,
5.958333E0,1.550000E3,-5.038855E0,4.979914E0,
5.962500E0,1.551000E3,-5.058274E0,4.961675E0,
5.966667E0,1.552000E3,-5.067696E0,4.956641E0,
5.970833E0,1.553000E3,-5.074723E0,4.954573E0,
5.975000E0,1.554000E3,-5.079112E0,4.940584E0,
5.979167E0,1.555000E3,-5.096140E0,4.926274E0,
5.983333E0,1.556000E3,-5.113806E0,4.900508E0,
5.987500E0,1.557000E3,-5.114119E0,4.892264E0,
5.991667E0,1.558000E3,-5.143303E0,4.880957E0,
5.995833E0,1.559000E3,-5.155637E0,4.853635E0,
6.000000E0,1.560000E3,-5.171030E0,4.841749E0,
6.004167E0,1.561000E3,-5.193317E0,4.819120E0,
6.008333E0,1.562000E3,-5.205992E0,4.799232E0,
6.012500E0,1.563000E3,-5.221398E0,4.770936E0,
6.016667E0,1.564000E3,-5.241783E0,4.752570E0,
6.020833E0,1.565000E3,-5.250357E0,4.735389E0,
6.025000E0,1.566000E3,-5.273784E0,4.730248E0,
6.029167E0,1.567000E3,-5.288782E0,4.716296E0,
6.033333E0,1.568000E3,-5.292043E0,4.689729E0,
6.037500E0,1.569000E3,-5.308249E0,4.676941E0,
6.041667E0,1.570000E3,-5.308205E0,4.675796E0,
6.045833E0,1.571000E3,-5.317517E0,4.674494E0,
6.050000E0,1.572000E3,-5.325146E0,4.661143E0,
6.054167E0,1.573000E3,-5.323551E0,4.657111E0,
6.058333E0,1.574000E3,-5.327954E0,4.650597E0,
6.062500E0,1.575000E3,-5.352886E0,4.645867E0,
6.066667E0,1.576000E3,-5.341416E0,4.636262E0,
6.070833E0,1.577000E3,-5.343371E0,4.634049E0,
6.075000E0,1.578000E3,-5.346625E0,4.628463E0,
6.079167E0,1.579000E3,-5.358860E0,4.615545E0,
6.083333E0,1.580000E3,-5.369519E0,4.616518E0,
6.087500E0,1.581000E3,-5.370443E0,4.588925E0,
6.091667E0,1.582000E3,-5.376824E0,4.579904E0,
6.095833E0,1.583000E3,-5.403955E0,4.562140E0,
6.100000E0,1.584000E3,-5.412304E0,4.556564E0,
6.104167E0,1.585000E3,-5.419470E0,4.538002E0,
6.108333E0,1.586000E3,-5.445450E0,4.507339E0,
6.112500E0,1.587000E3,-5.447824E0,4.491175E0,
6.116667E0,1.588000E3,-5.454393E0,4.466465E0,
6.120833E0,1.589000E3,-5.480649E0,4.438972E0,
6.125000E0,1.590000E3,-5.489063E0,4.420851E0,
6.129167E0,1.591000E3,-5.510091E0,4.406450E0,
6.133333E0,1.592000E3,-5.516856E0,4.387748E0,
6.137500E0,1.593000E3,-5.528805E0,4.360820E0,
6.141667E0,1.594000E3,-5.536537E0,4.347025E0,
6.145833E0,1.595000E3,-5.554019E0,4.335290E0,
6.150000E0,1.596000E3,-5.557523E0,4.324026E0,
6.154167E0,1.597000E3,-5.569794E0,4.305307E0,
6.158333E0,1.598000E3,-5.582394E0,4.287729E0,
6.162500E0,1.599000E3,-5.576884E0,4.274053E0,
6.166667E0,1.600000E3,-5.594421E0,4.276072E0,
6.170833E0,1.601000E3,-5.594223E0,4.267131E0,
6.175000E0,1.602000E3,-5.584469E0,4.259529E0,
6.179167E0,1.603000E3,-5.597478E0,4.253232E0,
6.183333E0,1.604000E3,-5.611125E0,4.248225E0,
6.187500E0,1.605000E3,-5.608052E0,4.246107E0,
6.191667E0,1.606000E3,-5.617241E0,4.241948E0,
6.195833E0,1.607000E3,-5.619586E0,4.224533E0,
6.200000E0,1.608000E3,-5.633744E0,4.230612E0,
6.204167E0,1.609000E3,-5.630812E0,4.216603E0,
6.208333E0,1.610000E3,-5.650137E0,4.193569E0,
6.212500E0,1.611000E3,-5.648957E0,4.182157E0,
6.216667E0,1.612000E3,-5.660410E0,4.172825E0,
6.220833E0,1.613000E3,-5.669807E0,4.139934E0,
6.225000E0,1.614000E3,-5.674877E0,4.121960E0,
6.229167E0,1.615000E3,-5.712411E0,4.101253E0,
6.233333E0,1.616000E3,-5.724703E0,4.077514E0,
6.237500E0,1.617000E3,-5.738791E0,4.065974E0,
6.241667E0,1.618000E3,-5.751705E0,4.038813E0,
6.245833E0,1.619000E3,-5.758054E0,4.019354E0,
6.250000E0,1.620000E3,-5.779661E0,3.998620E0,
6.254167E0,1.621000E3,-5.794550E0,3.977351E0,
6.258333E0,1.622000E3,-5.809942E0,3.969191E0,
6.262500E0,1.623000E3,-5.817981E0,3.942512E0,
6.266667E0,1.624000E3,-5.826625E0,3.923492E0,
6.270833E0,1.625000E3,-5.832729E0,3.907040E0,
6.275000E0,1.626000E3,-5.847667E0,3.899698E0,
6.279167E0,1.627000E3,-5.845340E0,3.894978E0,
6.283333E0,1.628000E3,-5.846383E0,3.886526E0,
6.287500E0,1.629000E3,-5.851937E0,3.880104E0,
6.291667E0,1.630000E3,-5.865276E0,3.869704E0,
6.295833E0,1.631000E3,-5.856508E0,3.869073E0,
6.300000E0,1.632000E3,-5.860191E0,3.863519E0,
6.304167E0,1.633000E3,-5.867110E0,3.847673E0,
6.308333E0,1.634000E3,-5.880699E0,3.850447E0,
6.312500E0,1.635000E3,-5.887165E0,3.842580E0,
6.316667E0,1.636000E3,-5.884037E0,3.829092E0,
6.320833E0,1.637000E3,-5.897154E0,3.826003E0,
6.325000E0,1.638000E3,-5.906765E0,3.806727E0,
6.329167E0,1.639000E3,-5.902044E0,3.786745E0,
6.333333E0,1.640000E3,-5.911840E0,3.779877E0,
6.337500E0,1.641000E3,-5.924344E0,3.766074E0,
6.341667E0,1.642000E3,-5.931050E0,3.727835E0,
6.345833E0,1.643000E3,-5.944492E0,3.711921E0,
6.350000E0,1.644000E3,-5.967825E0,3.694072E0,
6.354167E0,1.645000E3,-5.965155E0,3.668367E0,
6.358333E0,1.646000E3,-5.982065E0,3.646408E0,
6.362500E0,1.647000E3,-5.991295E0,3.624393E0,
6.366667E0,1.648000E3,-5.995737E0,3.583187E0,
6.370833E0,1.649000E3,-6.012911E0,3.576189E0,
6.375000E0,1.650000E3,-6.015510E0,3.542052E0,
6.379167E0,1.651000E3,-6.033326E0,3.527540E0,
6.383333E0,1.652000E3,-6.043830E0,3.510118E0,
6.387500E0,1.653000E3,-6.052815E0,3.504894E0,
6.391667E0,1.654000E3,-6.055522E0,3.479635E0,
6.395833E0,1.655000E3,-6.070273E0,3.479544E0,
6.400000E0,1.656000E3,-6.065466E0,3.461151E0,
6.404167E0,1.657000E3,-6.070000E0,3.474512E0,
6.408333E0,1.658000E3,-6.076353E0,3.453108E0,
6.412500E0,1.659000E3,-6.090186E0,3.450376E0,
6.416667E0,1.660000E3,-6.093330E0,3.437874E0,
6.420833E0,1.661000E3,-6.080175E0,3.435661E0,
6.425000E0,1.662000E3,-6.094527E0,3.440428E0,
6.429167E0,1.663000E3,-6.085708E0,3.426625E0,
6.433333E0,1.664000E3,-6.104297E0,3.409467E0,
6.437500E0,1.665000E3,-6.105242E0,3.403173E0,
6.441667E0,1.666000E3,-6.124872E0,3.393432E0,
6.445833E0,1.667000E3,-6.130028E0,3.391155E0,
6.450000E0,1.668000E3,-6.138712E0,3.364500E0,
6.454167E0,1.669000E3,-6.146482E0,3.350726E0,
6.458333E0,1.670000E3,-6.153417E0,3.335740E0,
6.462500E0,1.671000E3,-6.172111E0,3.323709E0,
6.466667E0,1.672000E3,-6.201593E0,3.292433E0,
6.470833E0,1.673000E3,-6.207573E0,3.260235E0,
6.475000E0,1.674000E3,-6.223652E0,3.238679E0,
6.479167E0,1.675000E3,-6.241170E0,3.232831E0,
6.483333E0,1.676000E3,-6.247940E0,3.203711E0,
6.487500E0,1.677000E3,-6.255565E0,3.169483E0,
6.491667E0,1.678000E3,-6.280910E0,3.159186E0,
6.495833E0,1.679000E3,-6.283294E0,3.142185E0,
6.500000E0,1.680000E3,-6.292194E0,3.127242E0,
6.504167E0,1.681000E3,-6.316275E0,3.119315E0,
6.508333E0,1.682000E3,-6.307354E0,3.107504E0,
6.512500E0,1.683000E3,-6.314799E0,3.101251E0,
6.516667E0,1.684000E3,-6.329175E0,3.073405E0,
6.520833E0,1.685000E3,-6.325775E0,3.079151E0,
6.525000E0,1.686000E3,-6.339153E0,3.070021E0,
6.529167E0,1.687000E3,-6.337926E0,3.059353E0,
6.533333E0,1.688000E3,-6.345109E0,3.065530E0,
6.537500E0,1.689000E3,-6.358549E0,3.047237E0,
6.541667E0,1.690000E3,-6.356519E0,3.040938E0,
6.545833E0,1.691000E3,-6.364573E0,3.052104E0,
6.550000E0,1.692000E3,-6.373054E0,3.036948E0,
6.554167E0,1.693000E3,-6.384623E0,3.029980E0,
6.558333E0,1.694000E3,-6.391375E0,3.021923E0,
6.562500E0,1.695000E3,-6.404587E0,2.993804E0,
6.566667E0,1.696000E3,-6.402394E0,2.995461E0,
6.570833E0,1.697000E3,-6.433923E0,2.971682E0,
6.575000E0,1.698000E3,-6.435610E0,2.956410E0,
6.579167E0,1.699000E3,-6.454490E0,2.938757E0,
6.583333E0,1.700000E3,-6.474321E0,2.917870E0,
6.587500E0,1.701000E3,-6.478740E0,2.891078E0,
6.591667E0,1.702000E3,-6.504924E0,2.872775E0,
6.595833E0,1.703000E3,-6.509650E0,2.853322E0,
6.600000E0,1.704000E3,-6.534793E0,2.839036E0,
6.604167E0,1.705000E3,-6.547103E0,2.800080E0,
6.608333E0,1.706000E3,-6.564963E0,2.804101E0,
6.612500E0,1.707000E3,-6.573793E0,2.773391E0,
6.616667E0,1.708000E3,-6.584050E0,2.776807E0,
6.620833E0,1.709000E3,-6.603512E0,2.753542E0,
6.625000E0,1.710000E3,-6.610625E0,2.749826E0,
6.629167E0,1.711000E3,-6.608110E0,2.727975E0,
6.633333E0,1.712000E3,-6.628800E0,2.731134E0,
6.637500E0,1.713000E3,-6.620404E0,2.716177E0,
6.641667E0,1.714000E3,-6.638786E0,2.710123E0,
6.645833E0,1.715000E3,-6.644500E0,2.705091E0,
6.650000E0,1.716000E3,-6.655855E0,2.682515E0,
6.654167E0,1.717000E3,-6.655530E0,2.683684E0,
6.658333E0,1.718000E3,-6.665827E0,2.677353E0,
6.662500E0,1.719000E3,-6.664420E0,2.681321E0,
6.666667E0,1.720000E3,-6.663469E0,2.672152E0,
6.670833E0,1.721000E3,-6.675888E0,2.669848E0,
6.675000E0,1.722000E3,-6.688297E0,2.656831E0,
6.679167E0,1.723000E3,-6.701306E0,2.650224E0,
6.683333E0,1.724000E3,-6.711460E0,2.625150E0,
6.687500E0,1.725000E3,-6.729279E0,2.616152E0,
6.691667E0,1.726000E3,-6.743053E0,2.594518E0,
6.695833E0,1.727000E3,-6.739889E0,2.572864E0,
6.700000E0,1.728000E3,-6.767032E0,2.550431E0,
6.704167E0,1.729000E3,-6.790838E0,2.540464E0,
6.708333E0,1.730000E3,-6.798630E0,2.515253E0,
6.712500E0,1.731000E3,-6.810857E0,2.497327E0,
6.716667E0,1.732000E3,-6.840049E0,2.474479E0,
6.720833E0,1.733000E3,-6.852387E0,2.453979E0,
6.725000E0,1.734000E3,-6.873523E0,2.458684E0,
6.729167E0,1.735000E3,-6.888408E0,2.424228E0,
6.733333E0,1.736000E3,-6.882161E0,2.399929E0,
6.737500E0,1.737000E3,-6.880056E0,2.392143E0,
6.741667E0,1.738000E3,-6.913737E0,2.380599E0,
6.745833E0,1.739000E3,-6.926543E0,2.360584E0,
6.750000E0,1.740000E3,-6.914348E0,2.366253E0,
6.754167E0,1.741000E3,-6.921993E0,2.346406E0,
6.758333E0,1.742000E3,-6.930300E0,2.348475E0,
6.762500E0,1.743000E3,-6.928403E0,2.336541E0,
6.766667E0,1.744000E3,-6.943031E0,2.328834E0,
6.770833E0,1.745000E3,-6.943170E0,2.347670E0,
6.775000E0,1.746000E3,-6.944151E0,2.318515E0,
6.779167E0,1.747000E3,-6.955235E0,2.306188E0,
6.783333E0,1.748000E3,-6.955794E0,2.304343E0,
6.787500E0,1.749000E3,-6.966215E0,2.292057E0,
6.791667E0,1.750000E3,-6.969314E0,2.293605E0,
6.795833E0,1.751000E3,-6.979562E0,2.276860E0,
6.800000E0,1.752000E3,-7.002163E0,2.252422E0,
6.804167E0,1.753000E3,-7.000353E0,2.253587E0,
6.808333E0,1.754000E3,-7.021608E0,2.223437E0,
6.812500E0,1.755000E3,-7.031423E0,2.197451E0,
6.816667E0,1.756000E3,-7.050141E0,2.191176E0,
6.820833E0,1.757000E3,-7.050223E0,2.167271E0,
6.825000E0,1.758000E3,-7.073072E0,2.135945E0,
6.829167E0,1.759000E3,-7.089238E0,2.113806E0,
6.833333E0,1.760000E3,-7.095031E0,2.098619E0,
6.837500E0,1.761000E3,-7.113396E0,2.075197E0,
6.841667E0,1.762000E3,-7.133282E0,2.063327E0,
6.845833E0,1.763000E3,-7.158176E0,2.044078E0,
6.850000E0,1.764000E3,-7.153294E0,2.018374E0,
6.854167E0,1.765000E3,-7.169498E0,2.004219E0,
6.858333E0,1.766000E3,-7.179584E0,1.996382E0,
6.862500E0,1.767000E3,-7.181510E0,1.994878E0,
6.866667E0,1.768000E3,-7.197051E0,1.973916E0,
6.870833E0,1.769000E3,-7.199754E0,1.973453E0,
6.875000E0,1.770000E3,-7.199042E0,1.959111E0,
6.879167E0,1.771000E3,-7.205342E0,1.959678E0,
6.883333E0,1.772000E3,-7.216555E0,1.948130E0,
6.887500E0,1.773000E3,-7.207978E0,1.948670E0,
6.891667E0,1.774000E3,-7.213830E0,1.934919E0,
6.895833E0,1.775000E3,-7.214052E0,1.929445E0,
6.900000E0,1.776000E3,-7.231035E0,1.938269E0,
6.904167E0,1.777000E3,-7.235767E0,1.923414E0,
6.908333E0,1.778000E3,-7.238110E0,1.899834E0,
6.912500E0,1.779000E3,-7.250371E0,1.902454E0,
6.916667E0,1.780000E3,-7.261988E0,1.880326E0,
6.920833E0,1.781000E3,-7.274481E0,1.873795E0,
6.925000E0,1.782000E3,-7.288259E0,1.840212E0,
6.929167E0,1.783000E3,-7.304590E0,1.829477E0,
6.933333E0,1.784000E3,-7.319361E0,1.807723E0,
6.937500E0,1.785000E3,-7.328624E0,1.785492E0,
6.941667E0,1.786000E3,-7.348772E0,1.761503E0,
6.945833E0,1.787000E3,-7.371628E0,1.759218E0,
6.950000E0,1.788000E3,-7.379735E0,1.727149E0,
6.954167E0,1.789000E3,-7.387022E0,1.706083E0,
6.958333E0,1.790000E3,-7.404419E0,1.679256E0,
6.962500E0,1.791000E3,-7.439506E0,1.678926E0,
6.966667E0,1.792000E3,-7.446307E0,1.663311E0,
6.970833E0,1.793000E3,-7.449381E0,1.641768E0,
6.975000E0,1.794000E3,-7.465005E0,1.622512E0,
6.979167E0,1.795000E3,-7.475065E0,1.624088E0,
6.983333E0,1.796000E3,-7.484866E0,1.611904E0,
6.987500E0,1.797000E3,-7.491041E0,1.595681E0,
6.991667E0,1.798000E3,-7.503783E0,1.611084E0,
6.995833E0,1.799000E3,-7.496120E0,1.597540E0,
7.000000E0,1.800000E3,-7.514462E0,1.582316E0,
7.004167E0,1.801000E3,-7.513872E0,1.578802E0,
7.008333E0,1.802000E3,-7.508824E0,1.583743E0,
7.012500E0,1.803000E3,-7.516862E0,1.580776E0,
7.016667E0,1.804000E3,-7.529557E0,1.570843E0,
7.020833E0,1.805000E3,-7.536785E0,1.563002E0,
7.025000E0,1.806000E3,-7.548973E0,1.548909E0,
7.029167E0,1.807000E3,-7.558325E0,1.553511E0,
7.033333E0,1.808000E3,-7.568469E0,1.527584E0,
7.037500E0,1.809000E3,-7.572767E0,1.517896E0,
7.041667E0,1.810000E3,-7.598927E0,1.504999E0,
7.045833E0,1.811000E3,-7.609762E0,1.485649E0,
7.050000E0,1.812000E3,-7.628961E0,1.476135E0,
7.054167E0,1.813000E3,-7.647999E0,1.463610E0,
7.058333E0,1.814000E3,-7.671604E0,1.422927E0,
7.062500E0,1.815000E3,-7.685821E0,1.417893E0,
7.066667E0,1.816000E3,-7.709499E0,1.409773E0,
7.070833E0,1.817000E3,-7.729023E0,1.393421E0,
7.075000E0,1.818000E3,-7.751057E0,1.365832E0,
7.079167E0,1.819000E3,-7.778972E0,1.358070E0,
7.083333E0,1.820000E3,-7.778107E0,1.341455E0,
7.087500E0,1.821000E3,-7.792400E0,1.328478E0,
7.091667E0,1.822000E3,-7.812514E0,1.312256E0,
7.095833E0,1.823000E3,-7.821601E0,1.312280E0,
7.100000E0,1.824000E3,-7.828262E0,1.304946E0,
7.104167E0,1.825000E3,-7.843749E0,1.300099E0,
7.108333E0,1.826000E3,-7.840326E0,1.285697E0,
7.112500E0,1.827000E3,-7.845765E0,1.279252E0,
7.116667E0,1.828000E3,-7.849834E0,1.280260E0,
7.120833E0,1.829000E3,-7.853951E0,1.288687E0,
7.125000E0,1.830000E3,-7.875455E0,1.262136E0,
7.129167E0,1.831000E3,-7.866028E0,1.257559E0,
7.133333E0,1.832000E3,-7.877651E0,1.262691E0,
7.137500E0,1.833000E3,-7.875415E0,1.237996E0,
7.141667E0,1.834000E3,-7.883969E0,1.221066E0,
7.145833E0,1.835000E3,-7.895271E0,1.232783E0,
7.150000E0,1.836000E3,-7.911865E0,1.223889E0,
7.154167E0,1.837000E3,-7.907621E0,1.210639E0,
7.158333E0,1.838000E3,-7.939096E0,1.194360E0,
7.162500E0,1.839000E3,-7.960907E0,1.179262E0,
7.166667E0,1.840000E3,-7.966131E0,1.151667E0,
7.170833E0,1.841000E3,-7.998711E0,1.144608E0,
7.175000E0,1.842000E3,-7.997044E0,1.113534E0,
7.179167E0,1.843000E3,-8.019985E0,1.090014E0,
7.183333E0,1.844000E3,-8.036115E0,1.078636E0,
7.187500E0,1.845000E3,-8.055308E0,1.052939E0,
7.191667E0,1.846000E3,-8.076055E0,1.035698E0,
7.195833E0,1.847000E3,-8.102605E0,1.021440E0,
7.200000E0,1.848000E3,-8.113316E0,1.007053E0,
7.204167E0,1.849000E3,-8.120259E0,9.964018E-1,
7.208333E0,1.850000E3,-8.137205E0,9.768125E-1,
7.212500E0,1.851000E3,-8.144357E0,9.682313E-1,
7.216667E0,1.852000E3,-8.160107E0,9.617190E-1,
7.220833E0,1.853000E3,-8.168747E0,9.557718E-1,
7.225000E0,1.854000E3,-8.169035E0,9.509934E-1,
7.229167E0,1.855000E3,-8.172297E0,9.471802E-1,
7.233333E0,1.856000E3,-8.181846E0,9.388798E-1,
7.237500E0,1.857000E3,-8.192484E0,9.355339E-1,
7.241667E0,1.858000E3,-8.201422E0,9.321920E-1,
7.245833E0,1.859000E3,-8.184592E0,9.228719E-1,
7.250000E0,1.860000E3,-8.209357E0,9.184136E-1,
7.254167E0,1.861000E3,-8.214630E0,9.050633E-1,
7.258333E0,1.862000E3,-8.221933E0,9.041342E-1,
7.262500E0,1.863000E3,-8.222084E0,8.996589E-1,
7.266667E0,1.864000E3,-8.243354E0,8.792536E-1,
7.270833E0,1.865000E3,-8.248781E0,8.794076E-1,
7.275000E0,1.866000E3,-8.264879E0,8.547797E-1,
7.279167E0,1.867000E3,-8.289967E0,8.500935E-1,
7.283333E0,1.868000E3,-8.300167E0,8.383318E-1,
7.287500E0,1.869000E3,-8.327563E0,8.133998E-1,
7.291667E0,1.870000E3,-8.340678E0,7.922815E-1,
7.295833E0,1.871000E3,-8.355559E0,7.801473E-1,
7.300000E0,1.872000E3,-8.381296E0,7.573385E-1,
7.304167E0,1.873000E3,-8.405524E0,7.376045E-1,
7.308333E0,1.874000E3,-8.422018E0,7.332942E-1,
7.312500E0,1.875000E3,-8.439094E0,7.000751E-1,
7.316667E0,1.876000E3,-8.453059E0,7.029762E-1,
7.320833E0,1.877000E3,-8.484442E0,6.800096E-1,
7.325000E0,1.878000E3,-8.496303E0,6.795873E-1,
7.329167E0,1.879000E3,-8.495479E0,6.617684E-1,
7.333333E0,1.880000E3,-8.510159E0,6.678586E-1,
7.337500E0,1.881000E3,-8.518802E0,6.467921E-1,
7.341667E0,1.882000E3,-8.525675E0,6.304750E-1,
7.345833E0,1.883000E3,-8.534716E0,6.569258E-1,
7.350000E0,1.884000E3,-8.542473E0,6.350643E-1,
7.354167E0,1.885000E3,-8.544750E0,6.302680E-1,
7.358333E0,1.886000E3,-8.547068E0,6.273445E-1,
7.362500E0,1.887000E3,-8.554876E0,6.214842E-1,
7.366667E0,1.888000E3,-8.563187E0,6.205317E-1,
7.370833E0,1.889000E3,-8.577058E0,6.088135E-1,
7.375000E0,1.890000E3,-8.578368E0,6.203934E-1,
7.379167E0,1.891000E3,-8.596985E0,5.952810E-1,
7.383333E0,1.892000E3,-8.605807E0,5.941108E-1,
7.387500E0,1.893000E3,-8.614875E0,5.882797E-1,
7.391667E0,1.894000E3,-8.630776E0,5.674147E-1,
7.395833E0,1.895000E3,-8.642221E0,5.613228E-1,
7.400000E0,1.896000E3,-8.662605E0,5.394893E-1,
7.404167E0,1.897000E3,-8.685206E0,5.225006E-1,
7.408333E0,1.898000E3,-8.711158E0,5.087897E-1,
7.412500E0,1.899000E3,-8.730783E0,5.047396E-1,
7.416667E0,1.900000E3,-8.753951E0,4.891850E-1,
7.420833E0,1.901000E3,-8.763659E0,4.619789E-1,
7.425000E0,1.902000E3,-8.792197E0,4.591782E-1,
7.429167E0,1.903000E3,-8.818592E0,4.334489E-1,
7.433333E0,1.904000E3,-8.838220E0,4.269590E-1,
7.437500E0,1.905000E3,-8.842871E0,4.182698E-1,
7.441667E0,1.906000E3,-8.870989E0,3.913142E-1,
7.445833E0,1.907000E3,-8.877111E0,3.982506E-1,
7.450000E0,1.908000E3,-8.889719E0,3.842706E-1,
7.454167E0,1.909000E3,-8.894152E0,3.698073E-1,
7.458333E0,1.910000E3,-8.913963E0,3.769007E-1,
7.462500E0,1.911000E3,-8.913134E0,3.694287E-1,
7.466667E0,1.912000E3,-8.920702E0,3.652398E-1,
7.470833E0,1.913000E3,-8.922590E0,3.571283E-1,
7.475000E0,1.914000E3,-8.924582E0,3.506920E-1,
7.479167E0,1.915000E3,-8.937577E0,3.425812E-1,
7.483333E0,1.916000E3,-8.945658E0,3.445547E-1,
7.487500E0,1.917000E3,-8.946263E0,3.342347E-1,
7.491667E0,1.918000E3,-8.968341E0,3.318420E-1,
7.495833E0,1.919000E3,-8.968770E0,3.295968E-1,
7.500000E0,1.920000E3,-8.987194E0,3.232027E-1,
7.504167E0,1.921000E3,-9.001835E0,3.108932E-1,
7.508333E0,1.922000E3,-9.019471E0,2.991782E-1,
7.512500E0,1.923000E3,-9.037222E0,2.839405E-1,
7.516667E0,1.924000E3,-9.041391E0,2.784962E-1,
7.520833E0,1.925000E3,-9.061115E0,2.658158E-1,
7.525000E0,1.926000E3,-9.086764E0,2.411002E-1,
7.529167E0,1.927000E3,-9.102646E0,2.260091E-1,
7.533333E0,1.928000E3,-9.130208E0,2.070811E-1,
7.537500E0,1.929000E3,-9.155008E0,1.960944E-1,
7.541667E0,1.930000E3,-9.180401E0,1.817526E-1,
7.545833E0,1.931000E3,-9.190712E0,1.839373E-1,
7.550000E0,1.932000E3,-9.210726E0,1.693436E-1,
7.554167E0,1.933000E3,-9.226777E0,1.428486E-1,
7.558333E0,1.934000E3,-9.255816E0,1.467127E-1,
7.562500E0,1.935000E3,-9.267428E0,1.321059E-1,
7.566667E0,1.936000E3,-9.286517E0,1.156663E-1,
7.570833E0,1.937000E3,-9.282821E0,1.218073E-1,
7.575000E0,1.938000E3,-9.294563E0,1.106226E-1,
7.579167E0,1.939000E3,-9.303467E0,1.119338E-1,
7.583333E0,1.940000E3,-9.313307E0,1.092191E-1,
7.587500E0,1.941000E3,-9.320120E0,9.853339E-2,
7.591667E0,1.942000E3,-9.327249E0,1.083710E-1,
7.595833E0,1.943000E3,-9.324568E0,9.674491E-2,
7.600000E0,1.944000E3,-9.341266E0,8.742770E-2,
7.604167E0,1.945000E3,-9.339558E0,7.776793E-2,
7.608333E0,1.946000E3,-9.351594E0,9.578464E-2,
7.612500E0,1.947000E3,-9.369154E0,7.079319E-2,
7.616667E0,1.948000E3,-9.383194E0,6.804814E-2,
7.620833E0,1.949000E3,-9.392542E0,6.021731E-2,
7.625000E0,1.950000E3,-9.403349E0,5.362304E-2,
7.629167E0,1.951000E3,-9.427794E0,2.856287E-2,
7.633333E0,1.952000E3,-9.435370E0,9.934972E-3,
7.637500E0,1.953000E3,-9.452747E0,1.257130E-2,
7.641667E0,1.954000E3,-9.477873E0,-1.050823E-2,
7.645833E0,1.955000E3,-9.513297E0,-1.719903E-2,
7.650000E0,1.956000E3,-9.539721E0,-1.718569E-2,
7.654167E0,1.957000E3,-9.543617E0,-4.664262E-2,
7.658333E0,1.958000E3,-9.562411E0,-5.190027E-2,
7.662500E0,1.959000E3,-9.594840E0,-7.582285E-2,
7.666667E0,1.960000E3,-9.609812E0,-6.238587E-2,
7.670833E0,1.961000E3,-9.633563E0,-9.318010E-2,
7.675000E0,1.962000E3,-9.653017E0,-9.779700E-2,
7.679167E0,1.963000E3,-9.658911E0,-1.089477E-1,
7.683333E0,1.964000E3,-9.681750E0,-1.185137E-1,
7.687500E0,1.965000E3,-9.685178E0,-1.140624E-1,
7.691667E0,1.966000E3,-9.690112E0,-1.266055E-1,
7.695833E0,1.967000E3,-9.709602E0,-1.347606E-1,
7.700000E0,1.968000E3,-9.705059E0,-1.358963E-1,
7.704167E0,1.969000E3,-9.730530E0,-1.373807E-1,
7.708333E0,1.970000E3,-9.723418E0,-1.376627E-1,
7.712500E0,1.971000E3,-9.734946E0,-1.402604E-1,
7.716667E0,1.972000E3,-9.726368E0,-1.491223E-1,
7.720833E0,1.973000E3,-9.748874E0,-1.507903E-1,
7.725000E0,1.974000E3,-9.762576E0,-1.392846E-1,
7.729167E0,1.975000E3,-9.758514E0,-1.584149E-1,
7.733333E0,1.976000E3,-9.789334E0,-1.545821E-1,
7.737500E0,1.977000E3,-9.791520E0,-1.726397E-1,
7.741667E0,1.978000E3,-9.814777E0,-1.755375E-1,
7.745833E0,1.979000E3,-9.819948E0,-1.903932E-1,
7.750000E0,1.980000E3,-9.848361E0,-2.087167E-1,
7.754167E0,1.981000E3,-9.863578E0,-2.112151E-1,
7.758333E0,1.982000E3,-9.891250E0,-2.140366E-1,
7.762500E0,1.983000E3,-9.920678E0,-2.238338E-1,
7.766667E0,1.984000E3,-9.950143E0,-2.380389E-1,
7.770833E0,1.985000E3,-9.949807E0,-2.610936E-1,
7.775000E0,1.986000E3,-9.981512E0,-2.731345E-1,
7.779167E0,1.987000E3,-1.001107E1,-2.916087E-1,
7.783333E0,1.988000E3,-1.002623E1,-2.956644E-1,
7.787500E0,1.989000E3,-1.003703E1,-3.043935E-1,
7.791667E0,1.990000E3,-1.006878E1,-3.188400E-1,
7.795833E0,1.991000E3,-1.006129E1,-3.347637E-1,
7.800000E0,1.992000E3,-1.008944E1,-3.364923E-1,
7.804167E0,1.993000E3,-1.010154E1,-3.457319E-1,
7.808333E0,1.994000E3,-1.010138E1,-3.496612E-1,
7.812500E0,1.995000E3,-1.011602E1,-3.589978E-1,
7.816667E0,1.996000E3,-1.013025E1,-3.612104E-1,
7.820833E0,1.997000E3,-1.012489E1,-3.709127E-1,
7.825000E0,1.998000E3,-1.013340E1,-3.752218E-1,
7.829167E0,1.999000E3,-1.013507E1,-3.890801E-1,
7.833333E0,2.000000E3,-1.015335E1,-3.760716E-1,
7.837500E0,2.001000E3,-1.016133E1,-3.806793E-1,
7.841667E0,2.002000E3,-1.015873E1,-3.925353E-1,
7.845833E0,2.003000E3,-1.017402E1,-3.836442E-1,
7.850000E0,2.004000E3,-1.019469E1,-3.933533E-1,
7.854167E0,2.005000E3,-1.019743E1,-3.993175E-1,
7.858333E0,2.006000E3,-1.020392E1,-4.210062E-1,
7.862500E0,2.007000E3,-1.022717E1,-4.341129E-1,
7.866667E0,2.008000E3,-1.023184E1,-4.442154E-1,
7.870833E0,2.009000E3,-1.026105E1,-4.547333E-1,
7.875000E0,2.010000E3,-1.027833E1,-4.662904E-1,
7.879167E0,2.011000E3,-1.030800E1,-4.971226E-1,
7.883333E0,2.012000E3,-1.032340E1,-5.093365E-1,
7.887500E0,2.013000E3,-1.034078E1,-5.370408E-1,
7.891667E0,2.014000E3,-1.035645E1,-5.430304E-1,
7.895833E0,2.015000E3,-1.037845E1,-5.520238E-1,
7.900000E0,2.016000E3,-1.039160E1,-5.690969E-1,
7.904167E0,2.017000E3,-1.042820E1,-5.734240E-1,
7.908333E0,2.018000E3,-1.043074E1,-5.970030E-1,
7.912500E0,2.019000E3,-1.044556E1,-6.160510E-1,
7.916667E0,2.020000E3,-1.046308E1,-6.289221E-1,
7.920833E0,2.021000E3,-1.046738E1,-6.322835E-1,
7.925000E0,2.022000E3,-1.048039E1,-6.319639E-1,
7.929167E0,2.023000E3,-1.048087E1,-6.566087E-1,
7.933333E0,2.024000E3,-1.049192E1,-6.605958E-1,
7.937500E0,2.025000E3,-1.049245E1,-6.592522E-1,
7.941667E0,2.026000E3,-1.050606E1,-6.663655E-1,
7.945833E0,2.027000E3,-1.049788E1,-6.633762E-1,
7.950000E0,2.028000E3,-1.050831E1,-6.763220E-1,
7.954167E0,2.029000E3,-1.050596E1,-6.781720E-1,
7.958333E0,2.030000E3,-1.052434E1,-6.842703E-1,
7.962500E0,2.031000E3,-1.053443E1,-6.899277E-1,
7.966667E0,2.032000E3,-1.053973E1,-6.913970E-1,
7.970833E0,2.033000E3,-1.055375E1,-7.179236E-1,
7.975000E0,2.034000E3,-1.056885E1,-7.326774E-1,
7.979167E0,2.035000E3,-1.057592E1,-7.446802E-1,
7.983333E0,2.036000E3,-1.059124E1,-7.523337E-1,
7.987500E0,2.037000E3,-1.061173E1,-7.652946E-1,
7.991667E0,2.038000E3,-1.062846E1,-7.790125E-1,
7.995833E0,2.039000E3,-1.065099E1,-7.976745E-1,
8.000000E0,2.040000E3,-1.066435E1,-8.159788E-1,
8.004167E0,2.041000E3,-1.069423E1,-8.441688E-1,
8.008333E0,2.042000E3,-1.069715E1,-8.531249E-1,
8.012500E0,2.043000E3,-1.072765E1,-8.619412E-1,
8.016667E0,2.044000E3,-1.074139E1,-8.873798E-1,
8.020833E0,2.045000E3,-1.077149E1,-8.979582E-1,
8.025000E0,2.046000E3,-1.077761E1,-9.120531E-1,
8.029167E0,2.047000E3,-1.079474E1,-9.189569E-1,
8.033333E0,2.048000E3,-1.080114E1,-9.378513E-1,
8.037500E0,2.049000E3,-1.081314E1,-9.518881E-1,
8.041667E0,2.050000E3,-1.083776E1,-9.519546E-1,
8.045833E0,2.051000E3,-1.082930E1,-9.580408E-1,
8.050000E0,2.052000E3,-1.085227E1,-9.566885E-1,
8.054167E0,2.053000E3,-1.084141E1,-9.701785E-1,
8.058333E0,2.054000E3,-1.085531E1,-9.721571E-1,
8.062500E0,2.055000E3,-1.086749E1,-9.779541E-1,
8.066667E0,2.056000E3,-1.086147E1,-9.819492E-1,
8.070833E0,2.057000E3,-1.087131E1,-9.710809E-1,
8.075000E0,2.058000E3,-1.088420E1,-1.004782E0,
8.079167E0,2.059000E3,-1.089044E1,-9.922191E-1,
8.083333E0,2.060000E3,-1.089196E1,-1.008833E0,
8.087500E0,2.061000E3,-1.091362E1,-1.012833E0,
8.091667E0,2.062000E3,-1.092296E1,-1.033261E0,
8.095833E0,2.063000E3,-1.092057E1,-1.034770E0,
8.100000E0,2.064000E3,-1.095136E1,-1.055061E0,
8.104167E0,2.065000E3,-1.096086E1,-1.062199E0,
8.108333E0,2.066000E3,-1.097755E1,-1.074343E0,
8.112500E0,2.067000E3,-1.099260E1,-1.108179E0,
8.116667E0,2.068000E3,-1.101146E1,-1.129166E0,
8.120833E0,2.069000E3,-1.105078E1,-1.131188E0,
8.125000E0,2.070000E3,-1.105696E1,-1.145304E0,
8.129167E0,2.071000E3,-1.106477E1,-1.175958E0,
8.133333E0,2.072000E3,-1.109361E1,-1.206825E0,
8.137500E0,2.073000E3,-1.109330E1,-1.221253E0,
8.141667E0,2.074000E3,-1.111664E1,-1.222347E0,
8.145833E0,2.075000E3,-1.113820E1,-1.232251E0,
8.150000E0,2.076000E3,-1.113846E1,-1.257125E0,
8.154167E0,2.077000E3,-1.114013E1,-1.275946E0,
8.158333E0,2.078000E3,-1.116425E1,-1.270545E0,
8.162500E0,2.079000E3,-1.116344E1,-1.294714E0,
8.166667E0,2.080000E3,-1.117764E1,-1.298099E0,
8.170833E0,2.081000E3,-1.118048E1,-1.304302E0,
8.175000E0,2.082000E3,-1.118037E1,-1.310172E0,
8.179167E0,2.083000E3,-1.118173E1,-1.308475E0,
8.183333E0,2.084000E3,-1.118654E1,-1.323293E0,
8.187500E0,2.085000E3,-1.119147E1,-1.322547E0,
8.191667E0,2.086000E3,-1.118287E1,-1.323729E0,
8.195833E0,2.087000E3,-1.120944E1,-1.331805E0,
8.200000E0,2.088000E3,-1.122059E1,-1.339807E0,
8.204167E0,2.089000E3,-1.121356E1,-1.361599E0,
8.208333E0,2.090000E3,-1.122502E1,-1.382543E0,
8.212500E0,2.091000E3,-1.124467E1,-1.385960E0,
8.216667E0,2.092000E3,-1.123654E1,-1.402616E0,
8.220833E0,2.093000E3,-1.126380E1,-1.420403E0,
8.225000E0,2.094000E3,-1.128119E1,-1.444430E0,
8.229167E0,2.095000E3,-1.128395E1,-1.460333E0,
8.233333E0,2.096000E3,-1.129682E1,-1.491342E0,
8.237500E0,2.097000E3,-1.130054E1,-1.502642E0,
8.241667E0,2.098000E3,-1.133847E1,-1.519158E0,
8.245833E0,2.099000E3,-1.135225E1,-1.550222E0,
8.250000E0,2.100000E3,-1.136099E1,-1.571032E0,
8.254167E0,2.101000E3,-1.137580E1,-1.586760E0,
8.258333E0,2.102000E3,-1.138600E1,-1.605460E0,
8.262500E0,2.103000E3,-1.140133E1,-1.621704E0,
8.266667E0,2.104000E3,-1.141675E1,-1.638524E0,
8.270833E0,2.105000E3,-1.141890E1,-1.654336E0,
8.275000E0,2.106000E3,-1.141959E1,-1.654050E0,
8.279167E0,2.107000E3,-1.142566E1,-1.680351E0,
8.283333E0,2.108000E3,-1.143990E1,-1.674155E0,
8.287500E0,2.109000E3,-1.143748E1,-1.692993E0,
8.291667E0,2.110000E3,-1.144226E1,-1.690922E0,
8.295833E0,2.111000E3,-1.145157E1,-1.705219E0,
8.300000E0,2.112000E3,-1.145449E1,-1.714389E0,
8.304167E0,2.113000E3,-1.145614E1,-1.717164E0,
8.308333E0,2.114000E3,-1.144415E1,-1.723381E0,
8.312500E0,2.115000E3,-1.146540E1,-1.717082E0,
8.316667E0,2.116000E3,-1.147785E1,-1.738219E0,
8.320833E0,2.117000E3,-1.148024E1,-1.750009E0,
8.325000E0,2.118000E3,-1.149038E1,-1.764821E0,
8.329167E0,2.119000E3,-1.148907E1,-1.774025E0,
8.333333E0,2.120000E3,-1.151880E1,-1.791026E0,
8.337500E0,2.121000E3,-1.152359E1,-1.805986E0,
8.341667E0,2.122000E3,-1.152405E1,-1.833731E0,
8.345833E0,2.123000E3,-1.153913E1,-1.858336E0,
8.350000E0,2.124000E3,-1.155429E1,-1.873968E0,
8.354167E0,2.125000E3,-1.156368E1,-1.891084E0,
8.358333E0,2.126000E3,-1.159034E1,-1.914354E0,
8.362500E0,2.127000E3,-1.159333E1,-1.947596E0,
8.366667E0,2.128000E3,-1.161543E1,-1.966426E0,
8.370833E0,2.129000E3,-1.162926E1,-1.981684E0,
8.375000E0,2.130000E3,-1.163094E1,-2.005884E0,
8.379167E0,2.131000E3,-1.165016E1,-2.027957E0,
8.383333E0,2.132000E3,-1.165727E1,-2.033766E0,
8.387500E0,2.133000E3,-1.165988E1,-2.050796E0,
8.391667E0,2.134000E3,-1.167711E1,-2.058841E0,
8.395833E0,2.135000E3,-1.167306E1,-2.065755E0,
8.400000E0,2.136000E3,-1.166810E1,-2.082668E0,
8.404167E0,2.137000E3,-1.168700E1,-2.094138E0,
8.408333E0,2.138000E3,-1.168355E1,-2.098411E0,
8.412500E0,2.139000E3,-1.168792E1,-2.095097E0,
8.416667E0,2.140000E3,-1.170346E1,-2.105070E0,
8.420833E0,2.141000E3,-1.170748E1,-2.107061E0,
8.425000E0,2.142000E3,-1.170287E1,-2.120774E0,
8.429167E0,2.143000E3,-1.172025E1,-2.122083E0,
8.433333E0,2.144000E3,-1.171221E1,-2.138853E0,
8.437500E0,2.145000E3,-1.171715E1,-2.150747E0,
8.441667E0,2.146000E3,-1.172318E1,-2.159672E0,
8.445833E0,2.147000E3,-1.173182E1,-2.174999E0,
8.450000E0,2.148000E3,-1.173570E1,-2.192448E0,
8.454167E0,2.149000E3,-1.175600E1,-2.209276E0,
8.458333E0,2.150000E3,-1.175680E1,-2.224041E0,
8.462500E0,2.151000E3,-1.177277E1,-2.255929E0,
8.466667E0,2.152000E3,-1.178558E1,-2.284828E0,
8.470833E0,2.153000E3,-1.180335E1,-2.294335E0,
8.475000E0,2.154000E3,-1.181154E1,-2.307497E0,
8.479167E0,2.155000E3,-1.183666E1,-2.334422E0,
8.483333E0,2.156000E3,-1.184181E1,-2.369452E0,
8.487500E0,2.157000E3,-1.185262E1,-2.380027E0,
8.491667E0,2.158000E3,-1.187566E1,-2.395337E0,
8.495833E0,2.159000E3,-1.188886E1,-2.414199E0,
8.500000E0,2.160000E3,-1.189744E1,-2.424725E0,
8.504167E0,2.161000E3,-1.190161E1,-2.444958E0,
8.508333E0,2.162000E3,-1.190660E1,-2.479443E0,
8.512500E0,2.163000E3,-1.191007E1,-2.469480E0,
8.516667E0,2.164000E3,-1.190938E1,-2.486565E0,
8.520833E0,2.165000E3,-1.191577E1,-2.495029E0,
8.525000E0,2.166000E3,-1.192812E1,-2.506309E0,
8.529167E0,2.167000E3,-1.193586E1,-2.509542E0,
8.533333E0,2.168000E3,-1.194437E1,-2.509658E0,
8.537500E0,2.169000E3,-1.193579E1,-2.506533E0,
8.541667E0,2.170000E3,-1.194162E1,-2.512708E0,
8.545833E0,2.171000E3,-1.195117E1,-2.522968E0,
8.550000E0,2.172000E3,-1.195620E1,-2.528003E0,
8.554167E0,2.173000E3,-1.196260E1,-2.548060E0,
8.558333E0,2.174000E3,-1.198535E1,-2.562625E0,
8.562500E0,2.175000E3,-1.197902E1,-2.559618E0,
8.566667E0,2.176000E3,-1.198701E1,-2.583905E0,
8.570833E0,2.177000E3,-1.200121E1,-2.606152E0,
8.575000E0,2.178000E3,-1.201965E1,-2.618177E0,
8.579167E0,2.179000E3,-1.202719E1,-2.646900E0,
8.583333E0,2.180000E3,-1.203926E1,-2.653596E0,
8.587500E0,2.181000E3,-1.204683E1,-2.692390E0,
8.591667E0,2.182000E3,-1.206721E1,-2.709122E0,
8.595833E0,2.183000E3,-1.208550E1,-2.728484E0,
8.600000E0,2.184000E3,-1.210449E1,-2.749569E0,
8.604167E0,2.185000E3,-1.212559E1,-2.776879E0,
8.608333E0,2.186000E3,-1.213334E1,-2.783275E0,
8.612500E0,2.187000E3,-1.215106E1,-2.802301E0,
8.616667E0,2.188000E3,-1.215443E1,-2.821657E0,
8.620833E0,2.189000E3,-1.215674E1,-2.832863E0,
8.625000E0,2.190000E3,-1.216511E1,-2.851698E0,
8.629167E0,2.191000E3,-1.217335E1,-2.853470E0,
8.633333E0,2.192000E3,-1.218478E1,-2.871920E0,
8.637500E0,2.193000E3,-1.218415E1,-2.882521E0,
8.641667E0,2.194000E3,-1.219638E1,-2.883594E0,
8.645833E0,2.195000E3,-1.221059E1,-2.889577E0,
8.650000E0,2.196000E3,-1.220166E1,-2.891717E0,
8.654167E0,2.197000E3,-1.220618E1,-2.895282E0,
8.658333E0,2.198000E3,-1.222120E1,-2.895138E0,
8.662500E0,2.199000E3,-1.221865E1,-2.920480E0,
8.666667E0,2.200000E3,-1.223590E1,-2.930217E0,
8.670833E0,2.201000E3,-1.223072E1,-2.928245E0,
8.675000E0,2.202000E3,-1.222847E1,-2.933103E0,
8.679167E0,2.203000E3,-1.224930E1,-2.947459E0,
8.683333E0,2.204000E3,-1.224873E1,-2.968471E0,
8.687500E0,2.205000E3,-1.226744E1,-2.985491E0,
8.691667E0,2.206000E3,-1.228645E1,-3.003727E0,
8.695833E0,2.207000E3,-1.230651E1,-3.010717E0,
8.700000E0,2.208000E3,-1.230609E1,-3.043118E0,
8.704167E0,2.209000E3,-1.232209E1,-3.060985E0,
8.708333E0,2.210000E3,-1.235100E1,-3.091785E0,
8.712500E0,2.211000E3,-1.236095E1,-3.099648E0,
8.716667E0,2.212000E3,-1.236751E1,-3.126696E0,
8.720833E0,2.213000E3,-1.239430E1,-3.147147E0,
8.725000E0,2.214000E3,-1.240209E1,-3.165844E0,
8.729167E0,2.215000E3,-1.243050E1,-3.181523E0,
8.733333E0,2.216000E3,-1.243680E1,-3.179690E0,
8.737500E0,2.217000E3,-1.243775E1,-3.206322E0,
8.741667E0,2.218000E3,-1.245884E1,-3.218256E0,
8.745833E0,2.219000E3,-1.246877E1,-3.237252E0,
8.750000E0,2.220000E3,-1.247567E1,-3.249959E0,
8.754167E0,2.221000E3,-1.247542E1,-3.261983E0,
8.758333E0,2.222000E3,-1.248780E1,-3.258944E0,
8.762500E0,2.223000E3,-1.248337E1,-3.260057E0,
8.766667E0,2.224000E3,-1.248342E1,-3.264995E0,
8.770833E0,2.225000E3,-1.248175E1,-3.280424E0,
8.775000E0,2.226000E3,-1.249787E1,-3.273372E0,
8.779167E0,2.227000E3,-1.249082E1,-3.286978E0,
8.783333E0,2.228000E3,-1.250325E1,-3.284069E0,
8.787500E0,2.229000E3,-1.251515E1,-3.301123E0,
8.791667E0,2.230000E3,-1.251937E1,-3.309205E0,
8.795833E0,2.231000E3,-1.252336E1,-3.325503E0,
8.800000E0,2.232000E3,-1.253490E1,-3.338613E0,
8.804167E0,2.233000E3,-1.255217E1,-3.349300E0,
8.808333E0,2.234000E3,-1.257168E1,-3.362411E0,
8.812500E0,2.235000E3,-1.258143E1,-3.379374E0,
8.816667E0,2.236000E3,-1.260105E1,-3.407301E0,
8.820833E0,2.237000E3,-1.261777E1,-3.430688E0,
8.825000E0,2.238000E3,-1.263328E1,-3.441767E0,
8.829167E0,2.239000E3,-1.263957E1,-3.458054E0,
8.833333E0,2.240000E3,-1.267304E1,-3.490170E0,
8.837500E0,2.241000E3,-1.268029E1,-3.510835E0,
8.841667E0,2.242000E3,-1.270005E1,-3.530726E0,
8.845833E0,2.243000E3,-1.270099E1,-3.544288E0,
8.850000E0,2.244000E3,-1.271102E1,-3.557329E0,
8.854167E0,2.245000E3,-1.271971E1,-3.583895E0,
8.858333E0,2.246000E3,-1.273862E1,-3.589169E0,
8.862500E0,2.247000E3,-1.274322E1,-3.594997E0,
8.866667E0,2.248000E3,-1.274487E1,-3.610191E0,
8.870833E0,2.249000E3,-1.275347E1,-3.627020E0,
8.875000E0,2.250000E3,-1.275714E1,-3.638441E0,
8.879167E0,2.251000E3,-1.276154E1,-3.635818E0,
8.883333E0,2.252000E3,-1.276466E1,-3.633683E0,
8.887500E0,2.253000E3,-1.277040E1,-3.642765E0,
8.891667E0,2.254000E3,-1.277065E1,-3.644918E0,
8.895833E0,2.255000E3,-1.278632E1,-3.662510E0,
8.900000E0,2.256000E3,-1.278474E1,-3.667744E0,
8.904167E0,2.257000E3,-1.279595E1,-3.682143E0,
8.908333E0,2.258000E3,-1.279516E1,-3.684730E0,
8.912500E0,2.259000E3,-1.280749E1,-3.701444E0,
8.916667E0,2.260000E3,-1.280935E1,-3.719130E0,
8.920833E0,2.261000E3,-1.281584E1,-3.732590E0,
8.925000E0,2.262000E3,-1.284300E1,-3.744501E0,
8.929167E0,2.263000E3,-1.285305E1,-3.761868E0,
8.933333E0,2.264000E3,-1.286075E1,-3.782441E0,
8.937500E0,2.265000E3,-1.286806E1,-3.794765E0,
8.941667E0,2.266000E3,-1.288645E1,-3.826477E0,
8.945833E0,2.267000E3,-1.290279E1,-3.859013E0,
8.950000E0,2.268000E3,-1.292076E1,-3.868709E0,
8.954167E0,2.269000E3,-1.293729E1,-3.901575E0,
8.958333E0,2.270000E3,-1.294558E1,-3.923444E0,
8.962500E0,2.271000E3,-1.295742E1,-3.931493E0,
8.966667E0,2.272000E3,-1.297086E1,-3.956813E0,
8.970833E0,2.273000E3,-1.298515E1,-3.969226E0,
8.975000E0,2.274000E3,-1.300005E1,-3.986363E0,
8.979167E0,2.275000E3,-1.300320E1,-3.996526E0,
8.983333E0,2.276000E3,-1.300662E1,-4.016292E0,
8.987500E0,2.277000E3,-1.301665E1,-4.009428E0,
8.991667E0,2.278000E3,-1.301211E1,-4.015059E0,
8.995833E0,2.279000E3,-1.302627E1,-4.030604E0,
9.000000E0,2.280000E3,-1.302267E1,-4.027800E0,
9.004167E0,2.281000E3,-1.302176E1,-4.036028E0,
9.008333E0,2.282000E3,-1.302208E1,-4.040157E0,
9.012500E0,2.283000E3,-1.302904E1,-4.045250E0,
9.016667E0,2.284000E3,-1.302717E1,-4.069349E0,
9.020833E0,2.285000E3,-1.304271E1,-4.066381E0,
9.025000E0,2.286000E3,-1.304939E1,-4.083036E0,
9.029167E0,2.287000E3,-1.304463E1,-4.090352E0,
9.033333E0,2.288000E3,-1.306399E1,-4.111264E0,
9.037500E0,2.289000E3,-1.306784E1,-4.114115E0,
9.041667E0,2.290000E3,-1.308630E1,-4.135387E0,
9.045833E0,2.291000E3,-1.307832E1,-4.166172E0,
9.050000E0,2.292000E3,-1.309058E1,-4.185717E0,
9.054167E0,2.293000E3,-1.310948E1,-4.210539E0,
9.058333E0,2.294000E3,-1.312594E1,-4.234594E0,
9.062500E0,2.295000E3,-1.312442E1,-4.255003E0,
9.066667E0,2.296000E3,-1.313427E1,-4.290940E0,
9.070833E0,2.297000E3,-1.313943E1,-4.317172E0,
9.075000E0,2.298000E3,-1.314517E1,-4.324518E0,
9.079167E0,2.299000E3,-1.316286E1,-4.350949E0,
9.083333E0,2.300000E3,-1.317355E1,-4.375522E0,
9.087500E0,2.301000E3,-1.318026E1,-4.394956E0,
9.091667E0,2.302000E3,-1.318702E1,-4.415619E0,
9.095833E0,2.303000E3,-1.319890E1,-4.422234E0,
9.100000E0,2.304000E3,-1.320028E1,-4.442916E0,
9.104167E0,2.305000E3,-1.319864E1,-4.442012E0,
9.108333E0,2.306000E3,-1.321098E1,-4.449841E0,
9.112500E0,2.307000E3,-1.321167E1,-4.462998E0,
9.116667E0,2.308000E3,-1.319890E1,-4.459455E0,
9.120833E0,2.309000E3,-1.321272E1,-4.467274E0,
9.125000E0,2.310000E3,-1.320623E1,-4.477008E0,
9.129167E0,2.311000E3,-1.320708E1,-4.489643E0,
9.133333E0,2.312000E3,-1.321665E1,-4.497066E0,
9.137500E0,2.313000E3,-1.321509E1,-4.508202E0,
9.141667E0,2.314000E3,-1.322510E1,-4.525445E0,
9.145833E0,2.315000E3,-1.323382E1,-4.526734E0,
9.150000E0,2.316000E3,-1.323490E1,-4.537389E0,
9.154167E0,2.317000E3,-1.323980E1,-4.568141E0,
9.158333E0,2.318000E3,-1.324719E1,-4.575747E0,
9.162500E0,2.319000E3,-1.325541E1,-4.600279E0,
9.166667E0,2.320000E3,-1.326701E1,-4.620483E0,
9.170833E0,2.321000E3,-1.326751E1,-4.640411E0,
9.175000E0,2.322000E3,-1.328501E1,-4.663485E0,
9.179167E0,2.323000E3,-1.329651E1,-4.697743E0,
9.183333E0,2.324000E3,-1.329855E1,-4.713716E0,
9.187500E0,2.325000E3,-1.332026E1,-4.744712E0,
9.191667E0,2.326000E3,-1.332439E1,-4.780452E0,
9.195833E0,2.327000E3,-1.332464E1,-4.774488E0,
9.200000E0,2.328000E3,-1.334187E1,-4.806489E0,
9.204167E0,2.329000E3,-1.334107E1,-4.826969E0,
9.208333E0,2.330000E3,-1.335781E1,-4.833243E0,
9.212500E0,2.331000E3,-1.336530E1,-4.852748E0,
9.216667E0,2.332000E3,-1.336822E1,-4.871102E0,
9.220833E0,2.333000E3,-1.337469E1,-4.876902E0,
9.225000E0,2.334000E3,-1.337707E1,-4.885010E0,
9.229167E0,2.335000E3,-1.338069E1,-4.895701E0,
9.233333E0,2.336000E3,-1.337577E1,-4.915562E0,
9.237500E0,2.337000E3,-1.338070E1,-4.906553E0,
9.241667E0,2.338000E3,-1.338700E1,-4.919344E0,
9.245833E0,2.339000E3,-1.339305E1,-4.926668E0,
9.250000E0,2.340000E3,-1.337252E1,-4.927579E0,
9.254167E0,2.341000E3,-1.339741E1,-4.923445E0,
9.258333E0,2.342000E3,-1.339318E1,-4.953586E0,
9.262500E0,2.343000E3,-1.341505E1,-4.956251E0,
9.266667E0,2.344000E3,-1.341954E1,-4.980801E0,
9.270833E0,2.345000E3,-1.341565E1,-4.997400E0,
9.275000E0,2.346000E3,-1.343845E1,-5.007744E0,
9.279167E0,2.347000E3,-1.344842E1,-5.019384E0,
9.283333E0,2.348000E3,-1.345296E1,-5.044350E0,
9.287500E0,2.349000E3,-1.346777E1,-5.066973E0,
9.291667E0,2.350000E3,-1.347663E1,-5.084677E0,
9.295833E0,2.351000E3,-1.348519E1,-5.113186E0,
9.300000E0,2.352000E3,-1.349231E1,-5.143719E0,
9.304167E0,2.353000E3,-1.350758E1,-5.169629E0,
9.308333E0,2.354000E3,-1.351746E1,-5.188676E0,
9.312500E0,2.355000E3,-1.352187E1,-5.206143E0,
9.316667E0,2.356000E3,-1.353059E1,-5.230444E0,
9.320833E0,2.357000E3,-1.354998E1,-5.248174E0,
9.325000E0,2.358000E3,-1.356686E1,-5.266440E0,
9.329167E0,2.359000E3,-1.356877E1,-5.282167E0,
9.333333E0,2.360000E3,-1.356216E1,-5.296907E0,
9.337500E0,2.361000E3,-1.357643E1,-5.305036E0,
9.341667E0,2.362000E3,-1.358198E1,-5.298443E0,
9.345833E0,2.363000E3,-1.358377E1,-5.310425E0,
9.350000E0,2.364000E3,-1.357433E1,-5.315365E0,
9.354167E0,2.365000E3,-1.358627E1,-5.329239E0,
9.358333E0,2.366000E3,-1.359188E1,-5.336665E0,
9.362500E0,2.367000E3,-1.359703E1,-5.337326E0,
9.366667E0,2.368000E3,-1.360305E1,-5.351574E0,
9.370833E0,2.369000E3,-1.358379E1,-5.350551E0,
9.375000E0,2.370000E3,-1.360631E1,-5.366164E0,
9.379167E0,2.371000E3,-1.361126E1,-5.373472E0,
9.383333E0,2.372000E3,-1.362090E1,-5.396277E0,
9.387500E0,2.373000E3,-1.361978E1,-5.396208E0,
9.391667E0,2.374000E3,-1.364002E1,-5.423699E0,
9.395833E0,2.375000E3,-1.365434E1,-5.440467E0,
9.400000E0,2.376000E3,-1.365568E1,-5.470248E0,
9.404167E0,2.377000E3,-1.366082E1,-5.492263E0,
9.408333E0,2.378000E3,-1.365996E1,-5.507386E0,
9.412500E0,2.379000E3,-1.368488E1,-5.545710E0,
9.416667E0,2.380000E3,-1.370078E1,-5.552505E0,
9.420833E0,2.381000E3,-1.370802E1,-5.587485E0,
9.425000E0,2.382000E3,-1.372217E1,-5.601187E0,
9.429167E0,2.383000E3,-1.373275E1,-5.632821E0,
9.433333E0,2.384000E3,-1.373675E1,-5.649804E0,
9.437500E0,2.385000E3,-1.374281E1,-5.668425E0,
9.441667E0,2.386000E3,-1.375481E1,-5.680946E0,
9.445833E0,2.387000E3,-1.374937E1,-5.707205E0,
9.450000E0,2.388000E3,-1.376087E1,-5.712215E0,
9.454167E0,2.389000E3,-1.376356E1,-5.725273E0,
9.458333E0,2.390000E3,-1.377017E1,-5.732258E0,
9.462500E0,2.391000E3,-1.376729E1,-5.750358E0,
9.466667E0,2.392000E3,-1.376909E1,-5.752590E0,
9.470833E0,2.393000E3,-1.376945E1,-5.763672E0,
9.475000E0,2.394000E3,-1.378011E1,-5.767969E0,
9.479167E0,2.395000E3,-1.377318E1,-5.765909E0,
9.483333E0,2.396000E3,-1.378234E1,-5.772673E0,
9.487500E0,2.397000E3,-1.378074E1,-5.794002E0,
9.491667E0,2.398000E3,-1.377969E1,-5.799444E0,
9.495833E0,2.399000E3,-1.377809E1,-5.810891E0,
9.500000E0,2.400000E3,-1.379377E1,-5.830109E0,
9.504167E0,2.401000E3,-1.380238E1,-5.842768E0,
9.508333E0,2.402000E3,-1.379956E1,-5.865143E0,
9.512500E0,2.403000E3,-1.378796E1,-5.834977E0,
9.516667E0,2.404000E3,-1.379230E1,-5.821778E0,
9.520833E0,2.405000E3,-1.376923E1,-5.783940E0,
9.525000E0,2.406000E3,-1.378863E1,-5.779537E0,
9.529167E0,2.407000E3,-1.376071E1,-5.738953E0,
9.533333E0,2.408000E3,-1.375452E1,-5.713380E0,
9.537500E0,2.409000E3,-1.374692E1,-5.695737E0,
9.541667E0,2.410000E3,-1.375153E1,-5.677313E0,
9.545833E0,2.411000E3,-1.373083E1,-5.642583E0,
9.550000E0,2.412000E3,-1.372448E1,-5.629216E0,
9.554167E0,2.413000E3,-1.371690E1,-5.595304E0,
9.558333E0,2.414000E3,-1.371937E1,-5.583198E0,
9.562500E0,2.415000E3,-1.371336E1,-5.568167E0,
9.566667E0,2.416000E3,-1.369940E1,-5.553456E0,
9.570833E0,2.417000E3,-1.370128E1,-5.537602E0,
9.575000E0,2.418000E3,-1.370223E1,-5.532113E0,
9.579167E0,2.419000E3,-1.370218E1,-5.520102E0,
9.583333E0,2.420000E3,-1.369340E1,-5.513691E0,
9.587500E0,2.421000E3,-1.370156E1,-5.512203E0,
9.591667E0,2.422000E3,-1.368828E1,-5.495965E0,
9.595833E0,2.423000E3,-1.368923E1,-5.486346E0,
9.600000E0,2.424000E3,-1.369800E1,-5.481979E0,
9.604167E0,2.425000E3,-1.368391E1,-5.479575E0,
9.608333E0,2.426000E3,-1.367696E1,-5.466440E0,
9.612500E0,2.427000E3,-1.368018E1,-5.465307E0,
9.616667E0,2.428000E3,-1.368655E1,-5.450264E0,
9.620833E0,2.429000E3,-1.367839E1,-5.434923E0,
9.625000E0,2.430000E3,-1.366490E1,-5.415414E0,
9.629167E0,2.431000E3,-1.367218E1,-5.387215E0,
9.633333E0,2.432000E3,-1.366075E1,-5.375495E0,
9.637500E0,2.433000E3,-1.364492E1,-5.351222E0,
9.641667E0,2.434000E3,-1.364593E1,-5.332241E0,
9.645833E0,2.435000E3,-1.363952E1,-5.302400E0,
9.650000E0,2.436000E3,-1.362374E1,-5.282645E0,
9.654167E0,2.437000E3,-1.361161E1,-5.241803E0,
9.658333E0,2.438000E3,-1.361157E1,-5.223208E0,
9.662500E0,2.439000E3,-1.361499E1,-5.192808E0,
9.666667E0,2.440000E3,-1.361033E1,-5.167626E0,
9.670833E0,2.441000E3,-1.359628E1,-5.152121E0,
9.675000E0,2.442000E3,-1.359971E1,-5.134224E0,
9.679167E0,2.443000E3,-1.358411E1,-5.118772E0,
9.683333E0,2.444000E3,-1.357351E1,-5.107606E0,
9.687500E0,2.445000E3,-1.359133E1,-5.105492E0,
9.691667E0,2.446000E3,-1.357289E1,-5.080850E0,
9.695833E0,2.447000E3,-1.356713E1,-5.077109E0,
9.700000E0,2.448000E3,-1.356994E1,-5.071174E0,
9.704167E0,2.449000E3,-1.356192E1,-5.061951E0,
9.708333E0,2.450000E3,-1.355921E1,-5.052247E0,
9.712500E0,2.451000E3,-1.355375E1,-5.041557E0,
9.716667E0,2.452000E3,-1.354151E1,-5.044694E0,
9.720833E0,2.453000E3,-1.355332E1,-5.038424E0,
9.725000E0,2.454000E3,-1.355788E1,-5.015201E0,
9.729167E0,2.455000E3,-1.355557E1,-5.007311E0,
9.733333E0,2.456000E3,-1.355351E1,-4.992821E0,
9.737500E0,2.457000E3,-1.353808E1,-4.984020E0,
9.741667E0,2.458000E3,-1.353560E1,-4.973485E0,
9.745833E0,2.459000E3,-1.352889E1,-4.938187E0,
9.750000E0,2.460000E3,-1.352405E1,-4.917635E0,
9.754167E0,2.461000E3,-1.350819E1,-4.906080E0,
9.758333E0,2.462000E3,-1.350361E1,-4.876083E0,
9.762500E0,2.463000E3,-1.349628E1,-4.847136E0,
9.766667E0,2.464000E3,-1.349784E1,-4.813673E0,
9.770833E0,2.465000E3,-1.348646E1,-4.796337E0,
9.775000E0,2.466000E3,-1.348278E1,-4.775898E0,
9.779167E0,2.467000E3,-1.346915E1,-4.757223E0,
9.783333E0,2.468000E3,-1.345542E1,-4.736682E0,
9.787500E0,2.469000E3,-1.345505E1,-4.713819E0,
9.791667E0,2.470000E3,-1.344445E1,-4.698551E0,
9.795833E0,2.471000E3,-1.342175E1,-4.674094E0,
9.800000E0,2.472000E3,-1.342910E1,-4.662448E0,
9.804167E0,2.473000E3,-1.343232E1,-4.651962E0,
9.808333E0,2.474000E3,-1.342693E1,-4.645685E0,
9.812500E0,2.475000E3,-1.341669E1,-4.629742E0,
9.816667E0,2.476000E3,-1.340794E1,-4.624651E0,
9.820833E0,2.477000E3,-1.341070E1,-4.613577E0,
9.825000E0,2.478000E3,-1.340229E1,-4.615298E0,
9.829167E0,2.479000E3,-1.340296E1,-4.599476E0,
9.833333E0,2.480000E3,-1.340901E1,-4.597563E0,
9.837500E0,2.481000E3,-1.339313E1,-4.577973E0,
9.841667E0,2.482000E3,-1.339880E1,-4.585234E0,
9.845833E0,2.483000E3,-1.338050E1,-4.558729E0,
9.850000E0,2.484000E3,-1.339033E1,-4.541223E0,
9.854167E0,2.485000E3,-1.338146E1,-4.544892E0,
9.858333E0,2.486000E3,-1.337661E1,-4.516774E0,
9.862500E0,2.487000E3,-1.336665E1,-4.504469E0,
9.866667E0,2.488000E3,-1.335325E1,-4.498891E0,
9.870833E0,2.489000E3,-1.334749E1,-4.473687E0,
9.875000E0,2.490000E3,-1.332937E1,-4.441444E0,
9.879167E0,2.491000E3,-1.332307E1,-4.422124E0,
9.883333E0,2.492000E3,-1.330503E1,-4.394595E0,
9.887500E0,2.493000E3,-1.330319E1,-4.372950E0,
9.891667E0,2.494000E3,-1.328574E1,-4.342480E0,
9.895833E0,2.495000E3,-1.327642E1,-4.329145E0,
9.900000E0,2.496000E3,-1.327536E1,-4.311656E0,
9.904167E0,2.497000E3,-1.325019E1,-4.288629E0,
9.908333E0,2.498000E3,-1.324839E1,-4.265819E0,
9.912500E0,2.499000E3,-1.324720E1,-4.253959E0,
9.916667E0,2.500000E3,-1.324529E1,-4.233779E0,
9.920833E0,2.501000E3,-1.323893E1,-4.221965E0,
9.925000E0,2.502000E3,-1.323465E1,-4.211585E0,
9.929167E0,2.503000E3,-1.322791E1,-4.200612E0,
9.933333E0,2.504000E3,-1.323291E1,-4.194796E0,
9.937500E0,2.505000E3,-1.322273E1,-4.179665E0,
9.941667E0,2.506000E3,-1.322396E1,-4.178687E0,
9.945833E0,2.507000E3,-1.320779E1,-4.168492E0,
9.950000E0,2.508000E3,-1.321085E1,-4.175101E0,
9.954167E0,2.509000E3,-1.320270E1,-4.159083E0,
9.958333E0,2.510000E3,-1.319515E1,-4.153710E0,
9.962500E0,2.511000E3,-1.320336E1,-4.152466E0,
9.966667E0,2.512000E3,-1.319032E1,-4.116750E0,
9.970833E0,2.513000E3,-1.319599E1,-4.122817E0,
9.975000E0,2.514000E3,-1.318946E1,-4.094020E0,
9.979167E0,2.515000E3,-1.319329E1,-4.076307E0,
9.983333E0,2.516000E3,-1.318106E1,-4.053677E0,
9.987500E0,2.517000E3,-1.316665E1,-4.041109E0,
9.991667E0,2.518000E3,-1.316522E1,-4.030261E0,
9.995833E0,2.519000E3,-1.316369E1,-3.986460E0,
1.000000E1,2.520000E3,-1.315454E1,-3.965312E0,
1.000417E1,2.521000E3,-1.315164E1,-3.935138E0,
1.000833E1,2.522000E3,-1.314444E1,-3.914467E0,
1.001250E1,2.523000E3,-1.314234E1,-3.881017E0,
1.001667E1,2.524000E3,-1.312092E1,-3.861854E0,
1.002083E1,2.525000E3,-1.311511E1,-3.844843E0,
1.002500E1,2.526000E3,-1.311712E1,-3.807966E0,
1.002917E1,2.527000E3,-1.311921E1,-3.807633E0,
1.003333E1,2.528000E3,-1.310794E1,-3.800984E0,
1.003750E1,2.529000E3,-1.308992E1,-3.773309E0,
1.004167E1,2.530000E3,-1.310633E1,-3.759242E0,
1.004583E1,2.531000E3,-1.309766E1,-3.748783E0,
1.005000E1,2.532000E3,-1.309432E1,-3.746986E0,
1.005417E1,2.533000E3,-1.308403E1,-3.736558E0,
1.005833E1,2.534000E3,-1.309424E1,-3.734897E0,
1.006250E1,2.535000E3,-1.308295E1,-3.726006E0,
1.006667E1,2.536000E3,-1.308728E1,-3.713067E0,
1.007083E1,2.537000E3,-1.308224E1,-3.712949E0,
1.007500E1,2.538000E3,-1.308514E1,-3.697204E0,
1.007917E1,2.539000E3,-1.307169E1,-3.693223E0,
1.008333E1,2.540000E3,-1.307421E1,-3.679784E0,
1.008750E1,2.541000E3,-1.307039E1,-3.668871E0,
1.009167E1,2.542000E3,-1.305508E1,-3.644662E0,
1.009583E1,2.543000E3,-1.305385E1,-3.633238E0,
1.010000E1,2.544000E3,-1.303431E1,-3.619366E0,
1.010417E1,2.545000E3,-1.303820E1,-3.592798E0,
1.010833E1,2.546000E3,-1.303173E1,-3.563845E0,
1.011250E1,2.547000E3,-1.302205E1,-3.545695E0,
1.011667E1,2.548000E3,-1.299690E1,-3.528982E0,
1.012083E1,2.549000E3,-1.299639E1,-3.502330E0,
1.012500E1,2.550000E3,-1.299667E1,-3.479034E0,
1.012917E1,2.551000E3,-1.298453E1,-3.440301E0,
1.013333E1,2.552000E3,-1.298127E1,-3.423938E0,
1.013750E1,2.553000E3,-1.296686E1,-3.397624E0,
1.014167E1,2.554000E3,-1.296751E1,-3.377351E0,
1.014583E1,2.555000E3,-1.296187E1,-3.365658E0,
1.015000E1,2.556000E3,-1.295000E1,-3.340846E0,
1.015417E1,2.557000E3,-1.293924E1,-3.333947E0,
1.015833E1,2.558000E3,-1.293790E1,-3.319146E0,
1.016250E1,2.559000E3,-1.293480E1,-3.322803E0,
1.016667E1,2.560000E3,-1.293620E1,-3.302503E0,
1.017083E1,2.561000E3,-1.294862E1,-3.296782E0,
1.017500E1,2.562000E3,-1.293293E1,-3.292131E0,
1.017917E1,2.563000E3,-1.293124E1,-3.279952E0,
1.018333E1,2.564000E3,-1.292468E1,-3.282328E0,
1.018750E1,2.565000E3,-1.291504E1,-3.269414E0,
1.019167E1,2.566000E3,-1.291835E1,-3.275179E0,
1.019583E1,2.567000E3,-1.292987E1,-3.252222E0,
1.020000E1,2.568000E3,-1.291458E1,-3.244469E0,
1.020417E1,2.569000E3,-1.291090E1,-3.217471E0,
1.020833E1,2.570000E3,-1.289890E1,-3.212243E0,
1.021250E1,2.571000E3,-1.289647E1,-3.193322E0,
1.021667E1,2.572000E3,-1.289911E1,-3.196155E0,
1.022083E1,2.573000E3,-1.288339E1,-3.161396E0,
1.022500E1,2.574000E3,-1.286982E1,-3.144173E0,
1.022917E1,2.575000E3,-1.286968E1,-3.106499E0,
1.023333E1,2.576000E3,-1.284683E1,-3.084981E0,
1.023750E1,2.577000E3,-1.283713E1,-3.065664E0,
1.024167E1,2.578000E3,-1.281821E1,-3.041068E0,
1.024583E1,2.579000E3,-1.281472E1,-3.017637E0,
1.025000E1,2.580000E3,-1.280804E1,-2.995450E0,
1.025417E1,2.581000E3,-1.279505E1,-2.969712E0,
1.025833E1,2.582000E3,-1.278516E1,-2.949999E0,
1.026250E1,2.583000E3,-1.277076E1,-2.936385E0,
1.026667E1,2.584000E3,-1.277449E1,-2.923851E0,
1.027083E1,2.585000E3,-1.277521E1,-2.895960E0,
1.027500E1,2.586000E3,-1.273874E1,-2.896193E0,
1.027917E1,2.587000E3,-1.274566E1,-2.887776E0,
1.028333E1,2.588000E3,-1.274566E1,-2.860881E0,
1.028750E1,2.589000E3,-1.272755E1,-2.866682E0,
1.029167E1,2.590000E3,-1.274610E1,-2.861588E0,
1.029583E1,2.591000E3,-1.274136E1,-2.862545E0,
1.030000E1,2.592000E3,-1.273672E1,-2.854422E0,
1.030417E1,2.593000E3,-1.272851E1,-2.833308E0,
1.030833E1,2.594000E3,-1.273129E1,-2.835913E0,
1.031250E1,2.595000E3,-1.272010E1,-2.818396E0,
1.031667E1,2.596000E3,-1.272278E1,-2.821417E0,
1.032083E1,2.597000E3,-1.270783E1,-2.797907E0,
1.032500E1,2.598000E3,-1.270739E1,-2.787670E0,
1.032917E1,2.599000E3,-1.271338E1,-2.774950E0,
1.033333E1,2.600000E3,-1.269673E1,-2.764624E0,
1.033750E1,2.601000E3,-1.269547E1,-2.725837E0,
1.034167E1,2.602000E3,-1.268073E1,-2.711196E0,
1.034583E1,2.603000E3,-1.267118E1,-2.688796E0,
1.035000E1,2.604000E3,-1.264779E1,-2.659279E0,
1.035417E1,2.605000E3,-1.265257E1,-2.646093E0,
1.035833E1,2.606000E3,-1.264965E1,-2.607431E0,
1.036250E1,2.607000E3,-1.262739E1,-2.587604E0,
1.036667E1,2.608000E3,-1.262282E1,-2.566852E0,
1.037083E1,2.609000E3,-1.259299E1,-2.545468E0,
1.037500E1,2.610000E3,-1.258908E1,-2.533316E0,
1.037917E1,2.611000E3,-1.257392E1,-2.512387E0,
1.038333E1,2.612000E3,-1.257746E1,-2.492428E0,
1.038750E1,2.613000E3,-1.257436E1,-2.483594E0,
1.039167E1,2.614000E3,-1.256014E1,-2.459867E0,
1.039583E1,2.615000E3,-1.256507E1,-2.452369E0,
1.040000E1,2.616000E3,-1.255809E1,-2.439929E0,
1.040417E1,2.617000E3,-1.255295E1,-2.449619E0,
1.040833E1,2.618000E3,-1.254600E1,-2.424631E0,
1.041250E1,2.619000E3,-1.255149E1,-2.430620E0,
1.041667E1,2.620000E3,-1.255190E1,-2.426249E0,
1.042083E1,2.621000E3,-1.252756E1,-2.417105E0,
1.042500E1,2.622000E3,-1.253626E1,-2.399812E0,
1.042917E1,2.623000E3,-1.253014E1,-2.397369E0,
1.043333E1,2.624000E3,-1.252083E1,-2.388056E0,
1.043750E1,2.625000E3,-1.251638E1,-2.372874E0,
1.044167E1,2.626000E3,-1.251712E1,-2.359141E0,
1.044583E1,2.627000E3,-1.250938E1,-2.343067E0,
1.045000E1,2.628000E3,-1.248901E1,-2.326857E0,
1.045417E1,2.629000E3,-1.248246E1,-2.311321E0,
1.045833E1,2.630000E3,-1.247639E1,-2.288911E0,
1.046250E1,2.631000E3,-1.246079E1,-2.277665E0,
1.046667E1,2.632000E3,-1.247238E1,-2.246758E0,
1.047083E1,2.633000E3,-1.244988E1,-2.234596E0,
1.047500E1,2.634000E3,-1.244241E1,-2.197288E0,
1.047917E1,2.635000E3,-1.244256E1,-2.171665E0,
1.048333E1,2.636000E3,-1.241927E1,-2.152983E0,
1.048750E1,2.637000E3,-1.240861E1,-2.128791E0,
1.049167E1,2.638000E3,-1.240212E1,-2.098303E0,
1.049583E1,2.639000E3,-1.240629E1,-2.087523E0,
1.050000E1,2.640000E3,-1.238859E1,-2.068225E0,
1.050417E1,2.641000E3,-1.237943E1,-2.041633E0,
1.050833E1,2.642000E3,-1.237661E1,-2.037721E0,
1.051250E1,2.643000E3,-1.236875E1,-2.022741E0,
1.051667E1,2.644000E3,-1.236348E1,-2.015851E0,
1.052083E1,2.645000E3,-1.235441E1,-2.006953E0,
1.052500E1,2.646000E3,-1.235859E1,-1.996525E0,
1.052917E1,2.647000E3,-1.234124E1,-1.998199E0,
1.053333E1,2.648000E3,-1.235342E1,-1.986296E0,
1.053750E1,2.649000E3,-1.235051E1,-1.987249E0,
1.054167E1,2.650000E3,-1.234478E1,-1.979747E0,
1.054583E1,2.651000E3,-1.234689E1,-1.965458E0,
1.055000E1,2.652000E3,-1.234474E1,-1.963239E0,
1.055417E1,2.653000E3,-1.233080E1,-1.963883E0,
1.055833E1,2.654000E3,-1.234636E1,-1.936446E0,
1.056250E1,2.655000E3,-1.233868E1,-1.911921E0,
1.056667E1,2.656000E3,-1.230982E1,-1.907770E0,
1.057083E1,2.657000E3,-1.231163E1,-1.878573E0,
1.057500E1,2.658000E3,-1.230596E1,-1.862713E0,
1.057917E1,2.659000E3,-1.230039E1,-1.846312E0,
1.058333E1,2.660000E3,-1.229271E1,-1.814931E0,
1.058750E1,2.661000E3,-1.229184E1,-1.801722E0,
1.059167E1,2.662000E3,-1.227908E1,-1.755837E0,
1.059583E1,2.663000E3,-1.227374E1,-1.740673E0,
1.060000E1,2.664000E3,-1.225111E1,-1.712011E0,
1.060417E1,2.665000E3,-1.224534E1,-1.691218E0,
1.060833E1,2.666000E3,-1.223934E1,-1.678354E0,
1.061250E1,2.667000E3,-1.223069E1,-1.651906E0,
1.061667E1,2.668000E3,-1.222699E1,-1.624425E0,
1.062083E1,2.669000E3,-1.222787E1,-1.610310E0,
1.062500E1,2.670000E3,-1.220577E1,-1.603113E0,
1.062917E1,2.671000E3,-1.220847E1,-1.592921E0,
1.063333E1,2.672000E3,-1.221022E1,-1.578694E0,
1.063750E1,2.673000E3,-1.220281E1,-1.577142E0,
1.064167E1,2.674000E3,-1.219626E1,-1.560359E0,
1.064583E1,2.675000E3,-1.219467E1,-1.564840E0,
1.065000E1,2.676000E3,-1.219570E1,-1.553247E0,
1.065417E1,2.677000E3,-1.219241E1,-1.537398E0,
1.065833E1,2.678000E3,-1.219645E1,-1.535451E0,
1.066250E1,2.679000E3,-1.218414E1,-1.531329E0,
1.066667E1,2.680000E3,-1.218361E1,-1.517168E0,
1.067083E1,2.681000E3,-1.217991E1,-1.508536E0,
1.067500E1,2.682000E3,-1.218944E1,-1.492447E0,
1.067917E1,2.683000E3,-1.217187E1,-1.472674E0,
1.068333E1,2.684000E3,-1.216557E1,-1.462666E0,
1.068750E1,2.685000E3,-1.215788E1,-1.453102E0,
1.069167E1,2.686000E3,-1.217126E1,-1.419570E0,
1.069583E1,2.687000E3,-1.215936E1,-1.404106E0,
1.070000E1,2.688000E3,-1.213812E1,-1.368618E0,
1.070417E1,2.689000E3,-1.213776E1,-1.344649E0,
1.070833E1,2.690000E3,-1.212137E1,-1.325229E0,
1.071250E1,2.691000E3,-1.211636E1,-1.297045E0,
1.071667E1,2.692000E3,-1.210256E1,-1.283627E0,
1.072083E1,2.693000E3,-1.210377E1,-1.261370E0,
1.072500E1,2.694000E3,-1.210045E1,-1.230347E0,
1.072917E1,2.695000E3,-1.208451E1,-1.205285E0,
1.073333E1,2.696000E3,-1.208356E1,-1.180278E0,
1.073750E1,2.697000E3,-1.208375E1,-1.175393E0,
1.074167E1,2.698000E3,-1.208415E1,-1.162095E0,
1.074583E1,2.699000E3,-1.204947E1,-1.148729E0,
1.075000E1,2.700000E3,-1.206814E1,-1.137129E0,
1.075417E1,2.701000E3,-1.206463E1,-1.122493E0,
1.075833E1,2.702000E3,-1.207273E1,-1.124153E0,
1.076250E1,2.703000E3,-1.206452E1,-1.104386E0,
1.076667E1,2.704000E3,-1.205694E1,-1.110334E0,
1.077083E1,2.705000E3,-1.205165E1,-1.082855E0,
1.077500E1,2.706000E3,-1.204630E1,-1.090291E0,
1.077917E1,2.707000E3,-1.205266E1,-1.081404E0,
1.078333E1,2.708000E3,-1.204124E1,-1.083072E0,
1.078750E1,2.709000E3,-1.203262E1,-1.061286E0,
1.079167E1,2.710000E3,-1.203738E1,-1.062282E0,
1.079583E1,2.711000E3,-1.202859E1,-1.031889E0,
1.080000E1,2.712000E3,-1.203269E1,-1.024364E0,
1.080417E1,2.713000E3,-1.201891E1,-1.000900E0,
1.080833E1,2.714000E3,-1.201376E1,-9.793685E-1,
1.081250E1,2.715000E3,-1.199183E1,-9.552231E-1,
1.081667E1,2.716000E3,-1.198758E1,-9.296595E-1,
1.082083E1,2.717000E3,-1.196599E1,-9.072532E-1,
1.082500E1,2.718000E3,-1.196371E1,-8.852993E-1,
1.082917E1,2.719000E3,-1.194992E1,-8.686411E-1,
1.083333E1,2.720000E3,-1.194179E1,-8.474592E-1,
1.083750E1,2.721000E3,-1.193427E1,-8.128299E-1,
1.084167E1,2.722000E3,-1.193321E1,-7.929982E-1,
1.084583E1,2.723000E3,-1.190762E1,-7.774832E-1,
1.085000E1,2.724000E3,-1.191075E1,-7.558433E-1,
1.085417E1,2.725000E3,-1.191482E1,-7.330205E-1,
1.085833E1,2.726000E3,-1.190118E1,-7.183121E-1,
1.086250E1,2.727000E3,-1.189957E1,-7.142756E-1,
1.086667E1,2.728000E3,-1.188154E1,-7.073893E-1,
1.087083E1,2.729000E3,-1.187864E1,-7.016885E-1,
1.087500E1,2.730000E3,-1.187259E1,-6.851508E-1,
1.087917E1,2.731000E3,-1.186579E1,-6.773832E-1,
1.088333E1,2.732000E3,-1.188082E1,-6.770225E-1,
1.088750E1,2.733000E3,-1.188595E1,-6.567225E-1,
1.089167E1,2.734000E3,-1.187732E1,-6.453267E-1,
1.089583E1,2.735000E3,-1.186600E1,-6.537625E-1,
1.090000E1,2.736000E3,-1.188185E1,-6.363766E-1,
1.090417E1,2.737000E3,-1.186473E1,-6.314420E-1,
1.090833E1,2.738000E3,-1.185090E1,-6.156296E-1,
1.091250E1,2.739000E3,-1.185574E1,-6.042573E-1,
1.091667E1,2.740000E3,-1.184470E1,-5.899931E-1,
1.092083E1,2.741000E3,-1.184143E1,-5.664789E-1,
1.092500E1,2.742000E3,-1.181562E1,-5.487478E-1,
1.092917E1,2.743000E3,-1.180412E1,-5.345525E-1,
1.093333E1,2.744000E3,-1.181198E1,-5.069239E-1,
1.093750E1,2.745000E3,-1.180057E1,-4.897125E-1,
1.094167E1,2.746000E3,-1.178343E1,-4.623330E-1,
1.094583E1,2.747000E3,-1.176974E1,-4.338608E-1,
1.095000E1,2.748000E3,-1.176139E1,-4.102793E-1,
1.095417E1,2.749000E3,-1.175053E1,-3.984165E-1,
1.095833E1,2.750000E3,-1.173923E1,-3.632149E-1,
1.096250E1,2.751000E3,-1.172899E1,-3.527610E-1,
1.096667E1,2.752000E3,-1.171727E1,-3.249208E-1,
1.097083E1,2.753000E3,-1.172099E1,-3.045818E-1,
1.097500E1,2.754000E3,-1.171899E1,-3.021706E-1,
1.097917E1,2.755000E3,-1.171162E1,-2.861712E-1,
1.098333E1,2.756000E3,-1.169351E1,-2.633594E-1,
1.098750E1,2.757000E3,-1.169868E1,-2.565249E-1,
1.099167E1,2.758000E3,-1.169649E1,-2.623503E-1,
1.099583E1,2.759000E3,-1.168999E1,-2.372170E-1,
1.100000E1,2.760000E3,-1.168862E1,-2.399065E-1,
1.100417E1,2.761000E3,-1.167994E1,-2.367501E-1,
1.100833E1,2.762000E3,-1.169795E1,-2.215954E-1,
1.101250E1,2.763000E3,-1.168985E1,-2.194297E-1,
1.101667E1,2.764000E3,-1.168447E1,-2.068510E-1,
1.102083E1,2.765000E3,-1.168205E1,-1.953850E-1,
1.102500E1,2.766000E3,-1.168713E1,-1.705854E-1,
1.102917E1,2.767000E3,-1.169227E1,-1.653503E-1,
1.103333E1,2.768000E3,-1.168067E1,-1.530744E-1,
1.103750E1,2.769000E3,-1.167875E1,-1.358265E-1,
1.104167E1,2.770000E3,-1.166952E1,-1.142737E-1,
1.104583E1,2.771000E3,-1.165604E1,-9.148394E-2,
1.105000E1,2.772000E3,-1.165258E1,-7.444644E-2,
1.105417E1,2.773000E3,-1.165676E1,-4.323688E-2,
1.105833E1,2.774000E3,-1.164591E1,-2.534412E-2,
1.106250E1,2.775000E3,-1.163155E1,6.526392E-4,
1.106667E1,2.776000E3,-1.161563E1,2.796992E-2,
1.107083E1,2.777000E3,-1.161367E1,5.850950E-2,
1.107500E1,2.778000E3,-1.160339E1,8.052974E-2,
1.107917E1,2.779000E3,-1.160498E1,7.939835E-2,
1.108333E1,2.780000E3,-1.159045E1,1.237345E-1,
1.108750E1,2.781000E3,-1.158497E1,1.347115E-1,
1.109167E1,2.782000E3,-1.157274E1,1.507669E-1,
1.109583E1,2.783000E3,-1.157054E1,1.728253E-1,
1.110000E1,2.784000E3,-1.156990E1,1.718684E-1,
1.110417E1,2.785000E3,-1.156751E1,1.800725E-1,
1.110833E1,2.786000E3,-1.155648E1,1.831743E-1,
1.111250E1,2.787000E3,-1.155937E1,1.953737E-1,
1.111667E1,2.788000E3,-1.154601E1,2.138650E-1,
1.112083E1,2.789000E3,-1.154989E1,2.104976E-1,
1.112500E1,2.790000E3,-1.155028E1,2.155861E-1,
1.112917E1,2.791000E3,-1.154054E1,2.310303E-1,
1.113333E1,2.792000E3,-1.155121E1,2.308586E-1,
1.113750E1,2.793000E3,-1.153522E1,2.419131E-1,
1.114167E1,2.794000E3,-1.154205E1,2.529056E-1,
1.114583E1,2.795000E3,-1.152897E1,2.732264E-1,
1.115000E1,2.796000E3,-1.153329E1,2.821459E-1,
1.115417E1,2.797000E3,-1.152987E1,3.007539E-1,
1.115833E1,2.798000E3,-1.152955E1,3.221196E-1,
1.116250E1,2.799000E3,-1.151208E1,3.339255E-1,
1.116667E1,2.800000E3,-1.150407E1,3.667028E-1,
1.117083E1,2.801000E3,-1.151008E1,3.821731E-1,
1.117500E1,2.802000E3,-1.148397E1,4.111859E-1,
1.117917E1,2.803000E3,-1.148933E1,4.414358E-1,
1.118333E1,2.804000E3,-1.149011E1,4.707529E-1,
1.118750E1,2.805000E3,-1.146641E1,4.941522E-1,
1.119167E1,2.806000E3,-1.147681E1,5.265032E-1,
1.119583E1,2.807000E3,-1.146163E1,5.442271E-1,
1.120000E1,2.808000E3,-1.148449E1,5.683462E-1,
1.120417E1,2.809000E3,-1.145016E1,5.816190E-1,
1.120833E1,2.810000E3,-1.145980E1,5.980179E-1,
1.121250E1,2.811000E3,-1.145894E1,6.269338E-1,
1.121667E1,2.812000E3,-1.145503E1,6.204192E-1,
1.122083E1,2.813000E3,-1.146320E1,6.481793E-1,
1.122500E1,2.814000E3,-1.144956E1,6.463106E-1,
1.122917E1,2.815000E3,-1.145198E1,6.628068E-1,
1.123333E1,2.816000E3,-1.145212E1,6.584203E-1,
1.123750E1,2.817000E3,-1.145708E1,6.756499E-1,
1.124167E1,2.818000E3,-1.146040E1,6.813208E-1,
1.124583E1,2.819000E3,-1.145043E1,6.742243E-1,
1.125000E1,2.820000E3,-1.144705E1,6.910740E-1,
1.125417E1,2.821000E3,-1.145054E1,7.082343E-1,
1.125833E1,2.822000E3,-1.145208E1,7.217477E-1,
1.126250E1,2.823000E3,-1.145341E1,7.308194E-1,
1.126667E1,2.824000E3,-1.144527E1,7.412100E-1,
1.127083E1,2.825000E3,-1.144043E1,7.619562E-1,
1.127500E1,2.826000E3,-1.144992E1,7.744785E-1,
1.127917E1,2.827000E3,-1.145412E1,7.981640E-1,
1.128333E1,2.828000E3,-1.143389E1,8.289926E-1,
1.128750E1,2.829000E3,-1.145871E1,8.527011E-1,
1.129167E1,2.830000E3,-1.144778E1,8.829280E-1,
1.129583E1,2.831000E3,-1.145233E1,9.063166E-1,
1.130000E1,2.832000E3,-1.144580E1,9.352278E-1,
1.130417E1,2.833000E3,-1.145740E1,9.572395E-1,
1.130833E1,2.834000E3,-1.146878E1,9.866367E-1,
1.131250E1,2.835000E3,-1.146764E1,1.021344E0,
1.131667E1,2.836000E3,-1.146170E1,1.023239E0,
1.132083E1,2.837000E3,-1.146451E1,1.050010E0,
1.132500E1,2.838000E3,-1.147030E1,1.064486E0,
1.132917E1,2.839000E3,-1.147093E1,1.085996E0,
1.133333E1,2.840000E3,-1.147857E1,1.099430E0,
1.133750E1,2.841000E3,-1.147929E1,1.103549E0,
1.134167E1,2.842000E3,-1.147486E1,1.119095E0,
1.134583E1,2.843000E3,-1.147600E1,1.127819E0,
1.135000E1,2.844000E3,-1.147316E1,1.133301E0,
1.135417E1,2.845000E3,-1.148016E1,1.142585E0,
1.135833E1,2.846000E3,-1.146376E1,1.155577E0,
1.136250E1,2.847000E3,-1.148488E1,1.158067E0,
1.136667E1,2.848000E3,-1.146943E1,1.160865E0,
1.137083E1,2.849000E3,-1.147210E1,1.173028E0,
1.137500E1,2.850000E3,-1.146678E1,1.194245E0,
1.137917E1,2.851000E3,-1.146881E1,1.191642E0,
1.138333E1,2.852000E3,-1.148698E1,1.216805E0,
1.138750E1,2.853000E3,-1.147841E1,1.223361E0,
1.139167E1,2.854000E3,-1.147787E1,1.237146E0,
1.139583E1,2.855000E3,-1.147869E1,1.263852E0,
1.140000E1,2.856000E3,-1.148377E1,1.293053E0,
1.140417E1,2.857000E3,-1.149306E1,1.314274E0,
1.140833E1,2.858000E3,-1.148425E1,1.337246E0,
1.141250E1,2.859000E3,-1.149635E1,1.363036E0,
1.141667E1,2.860000E3,-1.150190E1,1.388439E0,
1.142083E1,2.861000E3,-1.150091E1,1.413971E0,
1.142500E1,2.862000E3,-1.150820E1,1.441944E0,
1.142917E1,2.863000E3,-1.151338E1,1.454798E0,
1.143333E1,2.864000E3,-1.151206E1,1.494379E0,
1.143750E1,2.865000E3,-1.149996E1,1.513997E0,
1.144167E1,2.866000E3,-1.151733E1,1.531233E0,
1.144583E1,2.867000E3,-1.152185E1,1.552128E0,
1.145000E1,2.868000E3,-1.152822E1,1.557117E0,
1.145417E1,2.869000E3,-1.152573E1,1.572443E0,
1.145833E1,2.870000E3,-1.153727E1,1.567208E0,
1.146250E1,2.871000E3,-1.152877E1,1.592195E0,
1.146667E1,2.872000E3,-1.153178E1,1.596122E0,
1.147083E1,2.873000E3,-1.153463E1,1.608705E0,
1.147500E1,2.874000E3,-1.153394E1,1.616577E0,
1.147917E1,2.875000E3,-1.153991E1,1.617233E0,
1.148333E1,2.876000E3,-1.153681E1,1.618199E0,
1.148750E1,2.877000E3,-1.153996E1,1.636202E0,
1.149167E1,2.878000E3,-1.154249E1,1.649327E0,
1.149583E1,2.879000E3,-1.154898E1,1.661689E0,
1.150000E1,2.880000E3,-1.154720E1,1.667217E0,
1.150417E1,2.881000E3,-1.155807E1,1.680968E0,
1.150833E1,2.882000E3,-1.155376E1,1.703061E0,
1.151250E1,2.883000E3,-1.156843E1,1.718603E0,
1.151667E1,2.884000E3,-1.156623E1,1.733987E0,
1.152083E1,2.885000E3,-1.157929E1,1.772298E0,
1.152500E1,2.886000E3,-1.158875E1,1.797173E0,
1.152917E1,2.887000E3,-1.160317E1,1.823465E0,
1.153333E1,2.888000E3,-1.160165E1,1.839802E0,
1.153750E1,2.889000E3,-1.161209E1,1.869561E0,
1.154167E1,2.890000E3,-1.162301E1,1.886756E0,
1.154583E1,2.891000E3,-1.162945E1,1.908202E0,
1.155000E1,2.892000E3,-1.163962E1,1.941129E0,
1.155417E1,2.893000E3,-1.165356E1,1.947454E0,
1.155833E1,2.894000E3,-1.166198E1,1.974039E0,
1.156250E1,2.895000E3,-1.165642E1,2.005921E0,
1.156667E1,2.896000E3,-1.166381E1,2.013187E0,
1.157083E1,2.897000E3,-1.165928E1,2.022038E0,
1.157500E1,2.898000E3,-1.165969E1,2.031758E0,
1.157917E1,2.899000E3,-1.166984E1,2.035606E0,
1.158333E1,2.900000E3,-1.167353E1,2.040700E0,
1.158750E1,2.901000E3,-1.167614E1,2.062748E0,
1.159167E1,2.902000E3,-1.168104E1,2.056067E0,
1.159583E1,2.903000E3,-1.168769E1,2.060247E0,
1.160000E1,2.904000E3,-1.170212E1,2.074825E0,
1.160417E1,2.905000E3,-1.168389E1,2.078713E0,
1.160833E1,2.906000E3,-1.168780E1,2.096407E0,
1.161250E1,2.907000E3,-1.169472E1,2.096378E0,
1.161667E1,2.908000E3,-1.169900E1,2.108320E0,
1.162083E1,2.909000E3,-1.169923E1,2.126033E0,
1.162500E1,2.910000E3,-1.170578E1,2.155135E0,
1.162917E1,2.911000E3,-1.171661E1,2.170678E0,
1.163333E1,2.912000E3,-1.172635E1,2.188062E0,
1.163750E1,2.913000E3,-1.172790E1,2.210185E0,
1.164167E1,2.914000E3,-1.173420E1,2.235940E0,
1.164583E1,2.915000E3,-1.173311E1,2.253327E0,
1.165000E1,2.916000E3,-1.175908E1,2.287836E0,
1.165417E1,2.917000E3,-1.175657E1,2.307753E0,
1.165833E1,2.918000E3,-1.177029E1,2.337465E0,
1.166250E1,2.919000E3,-1.177261E1,2.360643E0,
1.166667E1,2.920000E3,-1.176045E1,2.385210E0,
1.167083E1,2.921000E3,-1.178203E1,2.401885E0,
1.167500E1,2.922000E3,-1.178397E1,2.429497E0,
1.167917E1,2.923000E3,-1.178980E1,2.443183E0,
1.168333E1,2.924000E3,-1.178366E1,2.451524E0,
1.168750E1,2.925000E3,-1.179327E1,2.471626E0,
1.169167E1,2.926000E3,-1.180255E1,2.478023E0,
1.169583E1,2.927000E3,-1.179288E1,2.491600E0,
1.170000E1,2.928000E3,-1.178952E1,2.502363E0,
1.170417E1,2.929000E3,-1.179571E1,2.501597E0,
1.170833E1,2.930000E3,-1.179526E1,2.510957E0,
1.171250E1,2.931000E3,-1.180118E1,2.518265E0,
1.171667E1,2.932000E3,-1.180356E1,2.525330E0,
1.172083E1,2.933000E3,-1.179850E1,2.545329E0,
1.172500E1,2.934000E3,-1.180604E1,2.545097E0,
1.172917E1,2.935000E3,-1.180213E1,2.547752E0,
1.173333E1,2.936000E3,-1.180565E1,2.568580E0,
1.173750E1,2.937000E3,-1.180114E1,2.580328E0,
1.174167E1,2.938000E3,-1.179477E1,2.615765E0,
1.174583E1,2.939000E3,-1.179967E1,2.617683E0,
1.175000E1,2.940000E3,-1.179203E1,2.636891E0,
1.175417E1,2.941000E3,-1.179623E1,2.671460E0,
1.175833E1,2.942000E3,-1.179831E1,2.689176E0,
1.176250E1,2.943000E3,-1.180226E1,2.716081E0,
1.176667E1,2.944000E3,-1.179522E1,2.743541E0,
1.177083E1,2.945000E3,-1.180166E1,2.767525E0,
1.177500E1,2.946000E3,-1.178948E1,2.795199E0,
1.177917E1,2.947000E3,-1.180148E1,2.809870E0,
1.178333E1,2.948000E3,-1.180124E1,2.846048E0,
1.178750E1,2.949000E3,-1.179712E1,2.872547E0,
1.179167E1,2.950000E3,-1.180160E1,2.899875E0,
1.179583E1,2.951000E3,-1.179032E1,2.907240E0,
1.180000E1,2.952000E3,-1.179576E1,2.927492E0,
1.180417E1,2.953000E3,-1.179427E1,2.931936E0,
1.180833E1,2.954000E3,-1.178779E1,2.956355E0,
1.181250E1,2.955000E3,-1.180595E1,2.970726E0,
1.181667E1,2.956000E3,-1.179456E1,2.967829E0,
1.182083E1,2.957000E3,-1.179134E1,2.971177E0,
1.182500E1,2.958000E3,-1.178752E1,2.980259E0,
1.182917E1,2.959000E3,-1.179360E1,2.995761E0,
1.183333E1,2.960000E3,-1.179945E1,2.986381E0,
1.183750E1,2.961000E3,-1.179057E1,3.009182E0,
1.184167E1,2.962000E3,-1.179194E1,3.005032E0,
1.184583E1,2.963000E3,-1.178588E1,3.016864E0,
1.185000E1,2.964000E3,-1.178852E1,3.036081E0,
1.185417E1,2.965000E3,-1.180558E1,3.053187E0,
1.185833E1,2.966000E3,-1.179876E1,3.072162E0,
1.186250E1,2.967000E3,-1.180954E1,3.094040E0,
1.186667E1,2.968000E3,-1.182116E1,3.100149E0,
1.187083E1,2.969000E3,-1.181438E1,3.130289E0,
1.187500E1,2.970000E3,-1.181518E1,3.158824E0,
1.187917E1,2.971000E3,-1.184156E1,3.181511E0,
1.188333E1,2.972000E3,-1.182243E1,3.212827E0,
1.188750E1,2.973000E3,-1.184004E1,3.232722E0,
1.189167E1,2.974000E3,-1.182941E1,3.256674E0,
1.189583E1,2.975000E3,-1.184229E1,3.270290E0,
1.190000E1,2.976000E3,-1.184710E1,3.296224E0,
1.190417E1,2.977000E3,-1.184392E1,3.334016E0,
1.190833E1,2.978000E3,-1.185870E1,3.342808E0,
1.191250E1,2.979000E3,-1.184676E1,3.369622E0,
1.191667E1,2.980000E3,-1.186832E1,3.387682E0,
1.192083E1,2.981000E3,-1.186762E1,3.397151E0,
1.192500E1,2.982000E3,-1.187144E1,3.415783E0,
1.192917E1,2.983000E3,-1.186246E1,3.416139E0,
1.193333E1,2.984000E3,-1.186730E1,3.432006E0,
1.193750E1,2.985000E3,-1.186282E1,3.435272E0,
1.194167E1,2.986000E3,-1.186180E1,3.434062E0,
1.194583E1,2.987000E3,-1.186445E1,3.437626E0,
1.195000E1,2.988000E3,-1.186369E1,3.455198E0,
1.195417E1,2.989000E3,-1.186462E1,3.473615E0,
1.195833E1,2.990000E3,-1.187287E1,3.479802E0,
1.196250E1,2.991000E3,-1.187795E1,3.486274E0,
1.196667E1,2.992000E3,-1.188075E1,3.500583E0,
1.197083E1,2.993000E3,-1.187172E1,3.515698E0,
1.197500E1,2.994000E3,-1.188135E1,3.525644E0,
1.197917E1,2.995000E3,-1.188636E1,3.553683E0,
1.198333E1,2.996000E3,-1.188770E1,3.568483E0,
1.198750E1,2.997000E3,-1.188620E1,3.586771E0,
1.199167E1,2.998000E3,-1.188562E1,3.636987E0,
1.199583E1,2.999000E3,-1.189039E1,3.643771E0,
