,mass B,,,
t,frame,x,y,
0.000000E0,1.200000E2,3.995590E0,6.007934E0,
4.166667E-3,1.210000E2,4.006532E0,6.029957E0,
8.333333E-3,1.220000E2,3.995855E0,6.032970E0,
1.250000E-2,1.230000E2,3.986526E0,6.047574E0,
1.666667E-2,1.240000E2,4.001062E0,6.083938E0,
2.083333E-2,1.250000E2,3.993434E0,6.079458E0,
2.500000E-2,1.260000E2,3.996661E0,6.087318E0,
2.916667E-2,1.270000E2,3.995518E0,6.085659E0,
3.333333E-2,1.280000E2,4.002560E0,6.101712E0,
3.750000E-2,1.290000E2,3.995984E0,6.118169E0,
4.166667E-2,1.300000E2,4.000836E0,6.106513E0,
4.583333E-2,1.310000E2,3.990639E0,6.123520E0,
5.000000E-2,1.320000E2,3.996209E0,6.154458E0,
5.416667E-2,1.330000E2,3.992658E0,6.160986E0,
5.833333E-2,1.340000E2,3.995854E0,6.182903E0,
6.250000E-2,1.350000E2,4.008074E0,6.214920E0,
6.666667E-2,1.360000E2,3.989302E0,6.225005E0,
7.083333E-2,1.370000E2,3.994784E0,6.252718E0,
7.500000E-2,1.380000E2,3.988581E0,6.298751E0,
7.916667E-2,1.390000E2,3.990784E0,6.317554E0,
8.333333E-2,1.400000E2,3.981051E0,6.355860E0,
8.750000E-2,1.410000E2,3.980851E0,6.390727E0,
9.166667E-2,1.420000E2,3.972082E0,6.418889E0,
9.583333E-2,1.430000E2,3.988202E0,6.450358E0,
1.000000E-1,1.440000E2,3.980257E0,6.482331E0,
1.041667E-1,1.450000E2,3.980730E0,6.508844E0,
1.083333E-1,1.460000E2,3.971192E0,6.544217E0,
1.125000E-1,1.470000E2,3.987171E0,6.563893E0,
1.166667E-1,1.480000E2,3.984985E0,6.570400E0,
1.208333E-1,1.490000E2,3.976110E0,6.605120E0,
1.250000E-1,1.500000E2,3.979931E0,6.618769E0,
1.291667E-1,1.510000E2,3.976867E0,6.621507E0,
1.333333E-1,1.520000E2,3.984443E0,6.638883E0,
1.375000E-1,1.530000E2,3.966313E0,6.652616E0,
1.416667E-1,1.540000E2,3.980769E0,6.658996E0,
1.458333E-1,1.550000E2,3.981554E0,6.665461E0,
1.500000E-1,1.560000E2,3.985578E0,6.670300E0,
1.541667E-1,1.570000E2,3.975063E0,6.688046E0,
1.583333E-1,1.580000E2,3.976917E0,6.698470E0,
1.625000E-1,1.590000E2,3.975169E0,6.710946E0,
1.666667E-1,1.600000E2,3.987358E0,6.728383E0,
1.708333E-1,1.610000E2,3.984382E0,6.741265E0,
1.750000E-1,1.620000E2,3.988337E0,6.773778E0,
1.791667E-1,1.630000E2,3.986665E0,6.809048E0,
1.833333E-1,1.640000E2,3.985177E0,6.810257E0,
1.875000E-1,1.650000E2,3.974104E0,6.853737E0,
1.916667E-1,1.660000E2,3.980595E0,6.894146E0,
1.958333E-1,1.670000E2,3.990746E0,6.926168E0,
2.000000E-1,1.680000E2,3.985693E0,6.964823E0,
2.041667E-1,1.690000E2,3.978927E0,6.993151E0,
2.083333E-1,1.700000E2,3.980350E0,7.032900E0,
2.125000E-1,1.710000E2,3.982747E0,7.050032E0,
2.166667E-1,1.720000E2,3.984276E0,7.070757E0,
2.208333E-1,1.730000E2,3.986084E0,7.104225E0,
2.250000E-1,1.740000E2,3.984499E0,7.123386E0,
2.291667E-1,1.750000E2,3.985856E0,7.141876E0,
2.333333E-1,1.760000E2,3.987931E0,7.155461E0,
2.375000E-1,1.770000E2,3.983977E0,7.176594E0,
2.416667E-1,1.780000E2,3.972430E0,7.183362E0,
2.458333E-1,1.790000E2,3.988997E0,7.190173E0,
2.500000E-1,1.800000E2,3.974277E0,7.205803E0,
2.541667E-1,1.810000E2,3.970196E0,7.207559E0,
2.583333E-1,1.820000E2,3.979285E0,7.211455E0,
2.625000E-1,1.830000E2,3.979831E0,7.232089E0,
2.666667E-1,1.840000E2,3.973316E0,7.230963E0,
2.708333E-1,1.850000E2,3.976617E0,7.252296E0,
2.750000E-1,1.860000E2,3.966039E0,7.253369E0,
2.791667E-1,1.870000E2,3.964446E0,7.288724E0,
2.833333E-1,1.880000E2,3.957656E0,7.311548E0,
2.875000E-1,1.890000E2,3.969020E0,7.341083E0,
2.916667E-1,1.900000E2,3.962906E0,7.356955E0,
2.958333E-1,1.910000E2,3.970177E0,7.397651E0,
3.000000E-1,1.920000E2,3.956880E0,7.414770E0,
3.041667E-1,1.930000E2,3.962721E0,7.457742E0,
3.083333E-1,1.940000E2,3.953890E0,7.484349E0,
3.125000E-1,1.950000E2,3.959962E0,7.508888E0,
3.166667E-1,1.960000E2,3.947703E0,7.549552E0,
3.208333E-1,1.970000E2,3.954272E0,7.588954E0,
3.250000E-1,1.980000E2,3.938365E0,7.618503E0,
3.291667E-1,1.990000E2,3.939972E0,7.639211E0,
3.333333E-1,2.000000E2,3.937299E0,7.659508E0,
3.375000E-1,2.010000E2,3.944498E0,7.682731E0,
3.416667E-1,2.020000E2,3.924077E0,7.696790E0,
3.458333E-1,2.030000E2,3.927556E0,7.713591E0,
3.500000E-1,2.040000E2,3.934412E0,7.729243E0,
3.541667E-1,2.050000E2,3.931952E0,7.744083E0,
3.583333E-1,2.060000E2,3.931167E0,7.748767E0,
3.625000E-1,2.070000E2,3.933030E0,7.752984E0,
3.666667E-1,2.080000E2,3.928584E0,7.759253E0,
3.708333E-1,2.090000E2,3.932933E0,7.768079E0,
3.750000E-1,2.100000E2,3.935737E0,7.787342E0,
3.791667E-1,2.110000E2,3.921750E0,7.796050E0,
3.833333E-1,2.120000E2,3.933316E0,7.806972E0,
3.875000E-1,2.130000E2,3.919645E0,7.827066E0,
3.916667E-1,2.140000E2,3.915002E0,7.853696E0,
3.958333E-1,2.150000E2,3.920018E0,7.872856E0,
4.000000E-1,2.160000E2,3.917362E0,7.896801E0,
4.041667E-1,2.170000E2,3.917350E0,7.922997E0,
4.083333E-1,2.180000E2,3.906784E0,7.946879E0,
4.125000E-1,2.190000E2,3.911883E0,7.994442E0,
4.166667E-1,2.200000E2,3.908437E0,8.017703E0,
4.208333E-1,2.210000E2,3.917509E0,8.050331E0,
4.250000E-1,2.220000E2,3.911288E0,8.081650E0,
4.291667E-1,2.230000E2,3.907331E0,8.110329E0,
4.333333E-1,2.240000E2,3.904935E0,8.144304E0,
4.375000E-1,2.250000E2,3.910992E0,8.177085E0,
4.416667E-1,2.260000E2,3.921968E0,8.206321E0,
4.458333E-1,2.270000E2,3.900149E0,8.228487E0,
4.500000E-1,2.280000E2,3.906019E0,8.248483E0,
4.541667E-1,2.290000E2,3.916756E0,8.253016E0,
4.583333E-1,2.300000E2,3.914591E0,8.281592E0,
4.625000E-1,2.310000E2,3.906735E0,8.289365E0,
4.666667E-1,2.320000E2,3.906534E0,8.297564E0,
4.708333E-1,2.330000E2,3.904421E0,8.301473E0,
4.750000E-1,2.340000E2,3.901262E0,8.317717E0,
4.791667E-1,2.350000E2,3.904122E0,8.322975E0,
4.833333E-1,2.360000E2,3.907975E0,8.338808E0,
4.875000E-1,2.370000E2,3.905933E0,8.348783E0,
4.916667E-1,2.380000E2,3.894070E0,8.370697E0,
4.958333E-1,2.390000E2,3.900131E0,8.373198E0,
5.000000E-1,2.400000E2,3.895443E0,8.386634E0,
5.041667E-1,2.410000E2,3.904448E0,8.415157E0,
5.083333E-1,2.420000E2,3.887686E0,8.437958E0,
5.125000E-1,2.430000E2,3.886963E0,8.460657E0,
5.166667E-1,2.440000E2,3.883725E0,8.485551E0,
5.208333E-1,2.450000E2,3.908654E0,8.517085E0,
5.250000E-1,2.460000E2,3.894463E0,8.548060E0,
5.291667E-1,2.470000E2,3.879605E0,8.587608E0,
5.333333E-1,2.480000E2,3.883294E0,8.623395E0,
5.375000E-1,2.490000E2,3.865303E0,8.660240E0,
5.416667E-1,2.500000E2,3.872539E0,8.680140E0,
5.458333E-1,2.510000E2,3.885070E0,8.705436E0,
5.500000E-1,2.520000E2,3.868427E0,8.731451E0,
5.541667E-1,2.530000E2,3.859891E0,8.763854E0,
5.583333E-1,2.540000E2,3.863110E0,8.784579E0,
5.625000E-1,2.550000E2,3.862255E0,8.804628E0,
5.666667E-1,2.560000E2,3.863735E0,8.809385E0,
5.708333E-1,2.570000E2,3.862805E0,8.829312E0,
5.750000E-1,2.580000E2,3.860100E0,8.834457E0,
5.791667E-1,2.590000E2,3.853434E0,8.858185E0,
5.833333E-1,2.600000E2,3.861379E0,8.865812E0,
5.875000E-1,2.610000E2,3.860914E0,8.873758E0,
5.916667E-1,2.620000E2,3.850981E0,8.879299E0,
5.958333E-1,2.630000E2,3.863395E0,8.897669E0,
6.000000E-1,2.640000E2,3.858999E0,8.900374E0,
6.041667E-1,2.650000E2,3.870210E0,8.915690E0,
6.083333E-1,2.660000E2,3.862883E0,8.926249E0,
6.125000E-1,2.670000E2,3.856633E0,8.949092E0,
6.166667E-1,2.680000E2,3.855583E0,8.973229E0,
6.208333E-1,2.690000E2,3.871312E0,8.995269E0,
6.250000E-1,2.700000E2,3.867392E0,9.021317E0,
6.291667E-1,2.710000E2,3.863238E0,9.049513E0,
6.333333E-1,2.720000E2,3.863992E0,9.085751E0,
6.375000E-1,2.730000E2,3.849558E0,9.115909E0,
6.416667E-1,2.740000E2,3.863899E0,9.145336E0,
6.458333E-1,2.750000E2,3.855684E0,9.187139E0,
6.500000E-1,2.760000E2,3.855011E0,9.213477E0,
6.541667E-1,2.770000E2,3.860793E0,9.243041E0,
6.583333E-1,2.780000E2,3.857493E0,9.275510E0,
6.625000E-1,2.790000E2,3.844829E0,9.298715E0,
6.666667E-1,2.800000E2,3.857995E0,9.331791E0,
6.708333E-1,2.810000E2,3.853615E0,9.340677E0,
6.750000E-1,2.820000E2,3.862088E0,9.361796E0,
6.791667E-1,2.830000E2,3.856558E0,9.388811E0,
6.833333E-1,2.840000E2,3.859296E0,9.397144E0,
6.875000E-1,2.850000E2,3.850455E0,9.411707E0,
6.916667E-1,2.860000E2,3.851743E0,9.420987E0,
6.958333E-1,2.870000E2,3.850444E0,9.423704E0,
7.000000E-1,2.880000E2,3.859226E0,9.427836E0,
7.041667E-1,2.890000E2,3.851918E0,9.437467E0,
7.083333E-1,2.900000E2,3.855453E0,9.462183E0,
7.125000E-1,2.910000E2,3.869959E0,9.462539E0,
7.166667E-1,2.920000E2,3.862118E0,9.482557E0,
7.208333E-1,2.930000E2,3.870783E0,9.494074E0,
7.250000E-1,2.940000E2,3.851714E0,9.517568E0,
7.291667E-1,2.950000E2,3.850494E0,9.533866E0,
7.333333E-1,2.960000E2,3.853931E0,9.568902E0,
7.375000E-1,2.970000E2,3.862167E0,9.586837E0,
7.416667E-1,2.980000E2,3.854109E0,9.615385E0,
7.458333E-1,2.990000E2,3.872414E0,9.652200E0,
7.500000E-1,3.000000E2,3.858081E0,9.686405E0,
7.541667E-1,3.010000E2,3.874876E0,9.729785E0,
7.583333E-1,3.020000E2,3.862936E0,9.742292E0,
7.625000E-1,3.030000E2,3.866121E0,9.792519E0,
7.666667E-1,3.040000E2,3.875098E0,9.815700E0,
7.708333E-1,3.050000E2,3.874627E0,9.843399E0,
7.750000E-1,3.060000E2,3.874492E0,9.868986E0,
7.791667E-1,3.070000E2,3.874656E0,9.890505E0,
7.833333E-1,3.080000E2,3.879585E0,9.906827E0,
7.875000E-1,3.090000E2,3.874956E0,9.927409E0,
7.916667E-1,3.100000E2,3.889556E0,9.946322E0,
7.958333E-1,3.110000E2,3.882962E0,9.943918E0,
8.000000E-1,3.120000E2,3.881216E0,9.957010E0,
8.041667E-1,3.130000E2,3.872161E0,9.965098E0,
8.083333E-1,3.140000E2,3.894825E0,9.979020E0,
8.125000E-1,3.150000E2,3.879643E0,9.986656E0,
8.166667E-1,3.160000E2,3.873448E0,9.997224E0,
8.208333E-1,3.170000E2,3.871630E0,1.001089E1,
8.250000E-1,3.180000E2,3.861797E0,1.002921E1,
8.291667E-1,3.190000E2,3.873279E0,1.004833E1,
8.333333E-1,3.200000E2,3.865713E0,1.005383E1,
8.375000E-1,3.210000E2,3.869271E0,1.007631E1,
8.416667E-1,3.220000E2,3.886897E0,1.010136E1,
8.458333E-1,3.230000E2,3.877608E0,1.013609E1,
8.500000E-1,3.240000E2,3.875846E0,1.016449E1,
8.541667E-1,3.250000E2,3.891836E0,1.017976E1,
8.583333E-1,3.260000E2,3.878316E0,1.022030E1,
8.625000E-1,3.270000E2,3.895597E0,1.024369E1,
8.666667E-1,3.280000E2,3.882987E0,1.028710E1,
8.708333E-1,3.290000E2,3.888230E0,1.030711E1,
8.750000E-1,3.300000E2,3.884773E0,1.034464E1,
8.791667E-1,3.310000E2,3.884730E0,1.036718E1,
8.833333E-1,3.320000E2,3.890501E0,1.040356E1,
8.875000E-1,3.330000E2,3.898227E0,1.042366E1,
8.916667E-1,3.340000E2,3.890663E0,1.045397E1,
8.958333E-1,3.350000E2,3.883966E0,1.045538E1,
9.000000E-1,3.360000E2,3.879612E0,1.049161E1,
9.041667E-1,3.370000E2,3.897314E0,1.050088E1,
9.083333E-1,3.380000E2,3.885744E0,1.051706E1,
9.125000E-1,3.390000E2,3.883515E0,1.051962E1,
9.166667E-1,3.400000E2,3.892343E0,1.051924E1,
9.208333E-1,3.410000E2,3.892092E0,1.053699E1,
9.250000E-1,3.420000E2,3.892399E0,1.055337E1,
9.291667E-1,3.430000E2,3.884878E0,1.055940E1,
9.333333E-1,3.440000E2,3.876918E0,1.057818E1,
9.375000E-1,3.450000E2,3.891544E0,1.057864E1,
9.416667E-1,3.460000E2,3.887301E0,1.058786E1,
9.458333E-1,3.470000E2,3.886328E0,1.060541E1,
9.500000E-1,3.480000E2,3.880448E0,1.063383E1,
9.541667E-1,3.490000E2,3.887240E0,1.065954E1,
9.583333E-1,3.500000E2,3.883077E0,1.069129E1,
9.625000E-1,3.510000E2,3.882494E0,1.072182E1,
9.666667E-1,3.520000E2,3.885474E0,1.074494E1,
9.708333E-1,3.530000E2,3.873536E0,1.078501E1,
9.750000E-1,3.540000E2,3.869850E0,1.082061E1,
9.791667E-1,3.550000E2,3.866986E0,1.085148E1,
9.833333E-1,3.560000E2,3.856576E0,1.088554E1,
9.875000E-1,3.570000E2,3.860845E0,1.090857E1,
9.916667E-1,3.580000E2,3.867500E0,1.094331E1,
9.958333E-1,3.590000E2,3.865164E0,1.096485E1,
1.000000E0,3.600000E2,3.856018E0,1.099265E1,
1.004167E0,3.610000E2,3.851358E0,1.101475E1,
1.008333E0,3.620000E2,3.861409E0,1.102356E1,
1.012500E0,3.630000E2,3.859070E0,1.103640E1,
1.016667E0,3.640000E2,3.860066E0,1.106342E1,
1.020833E0,3.650000E2,3.868075E0,1.107584E1,
1.025000E0,3.660000E2,3.857695E0,1.108525E1,
1.029167E0,3.670000E2,3.865508E0,1.108310E1,
1.033333E0,3.680000E2,3.860795E0,1.109709E1,
1.037500E0,3.690000E2,3.864247E0,1.109915E1,
1.041667E0,3.700000E2,3.855338E0,1.111897E1,
1.045833E0,3.710000E2,3.859450E0,1.112596E1,
1.050000E0,3.720000E2,3.861600E0,1.114787E1,
1.054167E0,3.730000E2,3.858612E0,1.116092E1,
1.058333E0,3.740000E2,3.858856E0,1.117800E1,
1.062500E0,3.750000E2,3.854814E0,1.120183E1,
1.066667E0,3.760000E2,3.864780E0,1.122355E1,
1.070833E0,3.770000E2,3.838237E0,1.124865E1,
1.075000E0,3.780000E2,3.853911E0,1.128283E1,
1.079167E0,3.790000E2,3.847809E0,1.131451E1,
1.083333E0,3.800000E2,3.837689E0,1.135652E1,
1.087500E0,3.810000E2,3.837840E0,1.137798E1,
1.091667E0,3.820000E2,3.828793E0,1.140964E1,
1.095833E0,3.830000E2,3.837402E0,1.144370E1,
1.100000E0,3.840000E2,3.835528E0,1.148316E1,
1.104167E0,3.850000E2,3.830683E0,1.149603E1,
1.108333E0,3.860000E2,3.834821E0,1.152623E1,
1.112500E0,3.870000E2,3.811144E0,1.154384E1,
1.116667E0,3.880000E2,3.810645E0,1.157226E1,
1.120833E0,3.890000E2,3.813477E0,1.160050E1,
1.125000E0,3.900000E2,3.818520E0,1.159367E1,
1.129167E0,3.910000E2,3.815627E0,1.161623E1,
1.133333E0,3.920000E2,3.805511E0,1.163129E1,
1.137500E0,3.930000E2,3.811369E0,1.164040E1,
1.141667E0,3.940000E2,3.814761E0,1.163766E1,
1.145833E0,3.950000E2,3.800289E0,1.164644E1,
1.150000E0,3.960000E2,3.811528E0,1.166516E1,
1.154167E0,3.970000E2,3.812708E0,1.167132E1,
1.158333E0,3.980000E2,3.812429E0,1.168018E1,
1.162500E0,3.990000E2,3.810431E0,1.170163E1,
1.166667E0,4.000000E2,3.799581E0,1.172149E1,
1.170833E0,4.010000E2,3.785317E0,1.172957E1,
1.175000E0,4.020000E2,3.785806E0,1.175713E1,
1.179167E0,4.030000E2,3.784177E0,1.179136E1,
1.183333E0,4.040000E2,3.783507E0,1.181056E1,
1.187500E0,4.050000E2,3.785370E0,1.184992E1,
1.191667E0,4.060000E2,3.775518E0,1.186830E1,
1.195833E0,4.070000E2,3.771610E0,1.190703E1,
1.200000E0,4.080000E2,3.771912E0,1.194203E1,
1.204167E0,4.090000E2,3.748070E0,1.197930E1,
1.208333E0,4.100000E2,3.753265E0,1.200519E1,
1.212500E0,4.110000E2,3.750301E0,1.204135E1,
1.216667E0,4.120000E2,3.749846E0,1.205937E1,
1.220833E0,4.130000E2,3.751438E0,1.209667E1,
1.225000E0,4.140000E2,3.740805E0,1.212080E1,
1.229167E0,4.150000E2,3.724682E0,1.212833E1,
1.233333E0,4.160000E2,3.731441E0,1.213466E1,
1.237500E0,4.170000E2,3.719839E0,1.215426E1,
1.241667E0,4.180000E2,3.724953E0,1.216442E1,
1.245833E0,4.190000E2,3.716471E0,1.217490E1,
1.250000E0,4.200000E2,3.715395E0,1.218387E1,
1.254167E0,4.210000E2,3.718690E0,1.220341E1,
1.258333E0,4.220000E2,3.711444E0,1.221538E1,
1.262500E0,4.230000E2,3.713544E0,1.221231E1,
1.266667E0,4.240000E2,3.710049E0,1.222560E1,
1.270833E0,4.250000E2,3.710452E0,1.223941E1,
1.275000E0,4.260000E2,3.700130E0,1.224874E1,
1.279167E0,4.270000E2,3.691757E0,1.226495E1,
1.283333E0,4.280000E2,3.682117E0,1.228186E1,
1.287500E0,4.290000E2,3.688135E0,1.230365E1,
1.291667E0,4.300000E2,3.680563E0,1.233477E1,
1.295833E0,4.310000E2,3.661223E0,1.236836E1,
1.300000E0,4.320000E2,3.647872E0,1.239294E1,
1.304167E0,4.330000E2,3.654349E0,1.242737E1,
1.308333E0,4.340000E2,3.642336E0,1.245866E1,
1.312500E0,4.350000E2,3.640208E0,1.248995E1,
1.316667E0,4.360000E2,3.628348E0,1.251950E1,
1.320833E0,4.370000E2,3.628206E0,1.255765E1,
1.325000E0,4.380000E2,3.615525E0,1.257643E1,
1.329167E0,4.390000E2,3.605905E0,1.261734E1,
1.333333E0,4.400000E2,3.606074E0,1.262594E1,
1.337500E0,4.410000E2,3.587820E0,1.265183E1,
1.341667E0,4.420000E2,3.589352E0,1.266315E1,
1.345833E0,4.430000E2,3.586138E0,1.267901E1,
1.350000E0,4.440000E2,3.579844E0,1.269316E1,
1.354167E0,4.450000E2,3.580998E0,1.270761E1,
1.358333E0,4.460000E2,3.574170E0,1.271701E1,
1.362500E0,4.470000E2,3.564444E0,1.271642E1,
1.366667E0,4.480000E2,3.583779E0,1.271889E1,
1.370833E0,4.490000E2,3.569354E0,1.274301E1,
1.375000E0,4.500000E2,3.564950E0,1.274524E1,
1.379167E0,4.510000E2,3.554516E0,1.275571E1,
1.383333E0,4.520000E2,3.558724E0,1.277332E1,
1.387500E0,4.530000E2,3.552191E0,1.279010E1,
1.391667E0,4.540000E2,3.539075E0,1.281590E1,
1.395833E0,4.550000E2,3.547813E0,1.283076E1,
1.400000E0,4.560000E2,3.539975E0,1.285960E1,
1.404167E0,4.570000E2,3.516503E0,1.288774E1,
1.408333E0,4.580000E2,3.524548E0,1.291761E1,
1.412500E0,4.590000E2,3.507729E0,1.294103E1,
1.416667E0,4.600000E2,3.509972E0,1.298350E1,
1.420833E0,4.610000E2,3.501705E0,1.301103E1,
1.425000E0,4.620000E2,3.497053E0,1.304271E1,
1.429167E0,4.630000E2,3.486060E0,1.307717E1,
1.433333E0,4.640000E2,3.483781E0,1.309818E1,
1.437500E0,4.650000E2,3.466236E0,1.311608E1,
1.441667E0,4.660000E2,3.460048E0,1.314732E1,
1.445833E0,4.670000E2,3.454661E0,1.318185E1,
1.450000E0,4.680000E2,3.449460E0,1.319679E1,
1.454167E0,4.690000E2,3.461274E0,1.322083E1,
1.458333E0,4.700000E2,3.446036E0,1.322297E1,
1.462500E0,4.710000E2,3.449639E0,1.323732E1,
1.466667E0,4.720000E2,3.441464E0,1.324049E1,
1.470833E0,4.730000E2,3.437454E0,1.325299E1,
1.475000E0,4.740000E2,3.441678E0,1.327444E1,
1.479167E0,4.750000E2,3.430126E0,1.327363E1,
1.483333E0,4.760000E2,3.435728E0,1.327330E1,
1.487500E0,4.770000E2,3.436606E0,1.329481E1,
1.491667E0,4.780000E2,3.425919E0,1.330812E1,
1.495833E0,4.790000E2,3.422763E0,1.331635E1,
1.500000E0,4.800000E2,3.414736E0,1.333298E1,
1.504167E0,4.810000E2,3.415705E0,1.335791E1,
1.508333E0,4.820000E2,3.411709E0,1.338320E1,
1.512500E0,4.830000E2,3.407727E0,1.340859E1,
1.516667E0,4.840000E2,3.393604E0,1.343082E1,
1.520833E0,4.850000E2,3.391024E0,1.345930E1,
1.525000E0,4.860000E2,3.379872E0,1.349016E1,
1.529167E0,4.870000E2,3.380925E0,1.353445E1,
1.533333E0,4.880000E2,3.376564E0,1.356039E1,
1.537500E0,4.890000E2,3.366414E0,1.359086E1,
1.541667E0,4.900000E2,3.358469E0,1.362794E1,
1.545833E0,4.910000E2,3.354686E0,1.366178E1,
1.550000E0,4.920000E2,3.347384E0,1.368729E1,
1.554167E0,4.930000E2,3.342357E0,1.370384E1,
1.558333E0,4.940000E2,3.329661E0,1.371998E1,
1.562500E0,4.950000E2,3.323630E0,1.373657E1,
1.566667E0,4.960000E2,3.321625E0,1.376382E1,
1.570833E0,4.970000E2,3.315860E0,1.376612E1,
1.575000E0,4.980000E2,3.320228E0,1.378438E1,
1.579167E0,4.990000E2,3.327974E0,1.379579E1,
1.583333E0,5.000000E2,3.314875E0,1.380815E1,
1.587500E0,5.010000E2,3.303026E0,1.380788E1,
1.591667E0,5.020000E2,3.306206E0,1.382087E1,
1.595833E0,5.030000E2,3.303064E0,1.382075E1,
1.600000E0,5.040000E2,3.309202E0,1.383257E1,
1.604167E0,5.050000E2,3.304578E0,1.386190E1,
1.608333E0,5.060000E2,3.310284E0,1.386356E1,
1.612500E0,5.070000E2,3.296601E0,1.388969E1,
1.616667E0,5.080000E2,3.290832E0,1.390975E1,
1.620833E0,5.090000E2,3.294563E0,1.393161E1,
1.625000E0,5.100000E2,3.277447E0,1.395031E1,
1.629167E0,5.110000E2,3.278349E0,1.399104E1,
1.633333E0,5.120000E2,3.279772E0,1.401388E1,
1.637500E0,5.130000E2,3.268031E0,1.405074E1,
1.641667E0,5.140000E2,3.263245E0,1.408254E1,
1.645833E0,5.150000E2,3.249596E0,1.411215E1,
1.650000E0,5.160000E2,3.239200E0,1.415800E1,
1.654167E0,5.170000E2,3.240176E0,1.417354E1,
1.658333E0,5.180000E2,3.241727E0,1.421057E1,
1.662500E0,5.190000E2,3.226995E0,1.423231E1,
1.666667E0,5.200000E2,3.218404E0,1.424697E1,
1.670833E0,5.210000E2,3.210446E0,1.427994E1,
1.675000E0,5.220000E2,3.225608E0,1.430416E1,
1.679167E0,5.230000E2,3.200514E0,1.430690E1,
1.683333E0,5.240000E2,3.202191E0,1.432064E1,
1.687500E0,5.250000E2,3.195883E0,1.433688E1,
1.691667E0,5.260000E2,3.204214E0,1.434396E1,
1.695833E0,5.270000E2,3.187846E0,1.433525E1,
1.700000E0,5.280000E2,3.187382E0,1.435307E1,
1.704167E0,5.290000E2,3.194851E0,1.437239E1,
1.708333E0,5.300000E2,3.181430E0,1.436558E1,
1.712500E0,5.310000E2,3.191253E0,1.438871E1,
1.716667E0,5.320000E2,3.191735E0,1.439174E1,
1.720833E0,5.330000E2,3.181672E0,1.441145E1,
1.725000E0,5.340000E2,3.161430E0,1.442969E1,
1.729167E0,5.350000E2,3.166805E0,1.445853E1,
1.733333E0,5.360000E2,3.162977E0,1.448415E1,
1.737500E0,5.370000E2,3.165464E0,1.450312E1,
1.741667E0,5.380000E2,3.159069E0,1.454114E1,
1.745833E0,5.390000E2,3.147943E0,1.456819E1,
1.750000E0,5.400000E2,3.133639E0,1.460488E1,
1.754167E0,5.410000E2,3.123622E0,1.462146E1,
1.758333E0,5.420000E2,3.116347E0,1.465528E1,
1.762500E0,5.430000E2,3.120672E0,1.462608E1,
1.766667E0,5.440000E2,3.128391E0,1.460072E1,
1.770833E0,5.450000E2,3.132964E0,1.457363E1,
1.775000E0,5.460000E2,3.141783E0,1.454011E1,
1.779167E0,5.470000E2,3.154085E0,1.452998E1,
1.783333E0,5.480000E2,3.142602E0,1.450839E1,
1.787500E0,5.490000E2,3.165519E0,1.450056E1,
1.791667E0,5.500000E2,3.161030E0,1.447891E1,
1.795833E0,5.510000E2,3.165385E0,1.447575E1,
1.800000E0,5.520000E2,3.161895E0,1.445396E1,
1.804167E0,5.530000E2,3.163718E0,1.444170E1,
1.808333E0,5.540000E2,3.173456E0,1.443715E1,
1.812500E0,5.550000E2,3.165758E0,1.443728E1,
1.816667E0,5.560000E2,3.164604E0,1.441645E1,
1.820833E0,5.570000E2,3.171864E0,1.441131E1,
1.825000E0,5.580000E2,3.171884E0,1.439469E1,
1.829167E0,5.590000E2,3.186906E0,1.439609E1,
1.833333E0,5.600000E2,3.183542E0,1.437157E1,
1.837500E0,5.610000E2,3.190570E0,1.435440E1,
1.841667E0,5.620000E2,3.193013E0,1.431299E1,
1.845833E0,5.630000E2,3.198542E0,1.430411E1,
1.850000E0,5.640000E2,3.211344E0,1.427419E1,
1.854167E0,5.650000E2,3.211221E0,1.423166E1,
1.858333E0,5.660000E2,3.222888E0,1.421166E1,
1.862500E0,5.670000E2,3.207151E0,1.417387E1,
1.866667E0,5.680000E2,3.223768E0,1.413522E1,
1.870833E0,5.690000E2,3.228643E0,1.410518E1,
1.875000E0,5.700000E2,3.224529E0,1.407763E1,
1.879167E0,5.710000E2,3.216076E0,1.404968E1,
1.883333E0,5.720000E2,3.228778E0,1.401385E1,
1.887500E0,5.730000E2,3.229430E0,1.400852E1,
1.891667E0,5.740000E2,3.240589E0,1.397140E1,
1.895833E0,5.750000E2,3.240883E0,1.394763E1,
1.900000E0,5.760000E2,3.241168E0,1.394161E1,
1.904167E0,5.770000E2,3.237268E0,1.393243E1,
1.908333E0,5.780000E2,3.238941E0,1.391395E1,
1.912500E0,5.790000E2,3.239265E0,1.390672E1,
1.916667E0,5.800000E2,3.245063E0,1.389998E1,
1.920833E0,5.810000E2,3.239725E0,1.388239E1,
1.925000E0,5.820000E2,3.244017E0,1.387593E1,
1.929167E0,5.830000E2,3.246015E0,1.386512E1,
1.933333E0,5.840000E2,3.241146E0,1.385179E1,
1.937500E0,5.850000E2,3.243270E0,1.382924E1,
1.941667E0,5.860000E2,3.238906E0,1.381822E1,
1.945833E0,5.870000E2,3.237339E0,1.381209E1,
1.950000E0,5.880000E2,3.241454E0,1.377833E1,
1.954167E0,5.890000E2,3.242469E0,1.376943E1,
1.958333E0,5.900000E2,3.238797E0,1.373270E1,
1.962500E0,5.910000E2,3.250103E0,1.371159E1,
1.966667E0,5.920000E2,3.255441E0,1.367591E1,
1.970833E0,5.930000E2,3.257420E0,1.363944E1,
1.975000E0,5.940000E2,3.262910E0,1.362212E1,
1.979167E0,5.950000E2,3.254526E0,1.358177E1,
1.983333E0,5.960000E2,3.272374E0,1.354117E1,
1.987500E0,5.970000E2,3.260281E0,1.352399E1,
1.991667E0,5.980000E2,3.266574E0,1.348605E1,
1.995833E0,5.990000E2,3.275651E0,1.345386E1,
2.000000E0,6.000000E2,3.260200E0,1.343709E1,
2.004167E0,6.010000E2,3.273824E0,1.341229E1,
2.008333E0,6.020000E2,3.275585E0,1.339774E1,
2.012500E0,6.030000E2,3.288046E0,1.338571E1,
2.016667E0,6.040000E2,3.273198E0,1.336129E1,
2.020833E0,6.050000E2,3.278938E0,1.335812E1,
2.025000E0,6.060000E2,3.264094E0,1.334883E1,
2.029167E0,6.070000E2,3.279244E0,1.333890E1,
2.033333E0,6.080000E2,3.270750E0,1.333019E1,
2.037500E0,6.090000E2,3.273542E0,1.333061E1,
2.041667E0,6.100000E2,3.286032E0,1.331538E1,
2.045833E0,6.110000E2,3.279822E0,1.329194E1,
2.050000E0,6.120000E2,3.276954E0,1.328625E1,
2.054167E0,6.130000E2,3.291016E0,1.326760E1,
2.058333E0,6.140000E2,3.289477E0,1.324865E1,
2.062500E0,6.150000E2,3.289001E0,1.322322E1,
2.066667E0,6.160000E2,3.285302E0,1.319695E1,
2.070833E0,6.170000E2,3.293382E0,1.316913E1,
2.075000E0,6.180000E2,3.293464E0,1.314979E1,
2.079167E0,6.190000E2,3.303063E0,1.312127E1,
2.083333E0,6.200000E2,3.307057E0,1.307649E1,
2.087500E0,6.210000E2,3.313125E0,1.303496E1,
2.091667E0,6.220000E2,3.314827E0,1.301162E1,
2.095833E0,6.230000E2,3.322109E0,1.298197E1,
2.100000E0,6.240000E2,3.333760E0,1.295062E1,
2.104167E0,6.250000E2,3.329975E0,1.292503E1,
2.108333E0,6.260000E2,3.342441E0,1.289563E1,
2.112500E0,6.270000E2,3.346435E0,1.288284E1,
2.116667E0,6.280000E2,3.350363E0,1.284743E1,
2.120833E0,6.290000E2,3.338836E0,1.284852E1,
2.125000E0,6.300000E2,3.357031E0,1.282552E1,
2.129167E0,6.310000E2,3.355417E0,1.281293E1,
2.133333E0,6.320000E2,3.359250E0,1.280487E1,
2.137500E0,6.330000E2,3.356963E0,1.279460E1,
2.141667E0,6.340000E2,3.358746E0,1.278562E1,
2.145833E0,6.350000E2,3.355796E0,1.277925E1,
2.150000E0,6.360000E2,3.357354E0,1.277246E1,
2.154167E0,6.370000E2,3.368880E0,1.275198E1,
2.158333E0,6.380000E2,3.364233E0,1.275102E1,
2.162500E0,6.390000E2,3.369912E0,1.273355E1,
2.166667E0,6.400000E2,3.382978E0,1.270743E1,
2.170833E0,6.410000E2,3.390600E0,1.268991E1,
2.175000E0,6.420000E2,3.388774E0,1.267555E1,
2.179167E0,6.430000E2,3.385747E0,1.265633E1,
2.183333E0,6.440000E2,3.408027E0,1.261875E1,
2.187500E0,6.450000E2,3.421198E0,1.258007E1,
2.191667E0,6.460000E2,3.425582E0,1.255685E1,
2.195833E0,6.470000E2,3.432584E0,1.252744E1,
2.200000E0,6.480000E2,3.438582E0,1.249477E1,
2.204167E0,6.490000E2,3.456728E0,1.246378E1,
2.208333E0,6.500000E2,3.481535E0,1.243717E1,
2.212500E0,6.510000E2,3.478669E0,1.240650E1,
2.216667E0,6.520000E2,3.481393E0,1.237171E1,
2.220833E0,6.530000E2,3.485502E0,1.234801E1,
2.225000E0,6.540000E2,3.500184E0,1.234064E1,
2.229167E0,6.550000E2,3.495057E0,1.231675E1,
2.233333E0,6.560000E2,3.504776E0,1.230095E1,
2.237500E0,6.570000E2,3.509830E0,1.229104E1,
2.241667E0,6.580000E2,3.513053E0,1.228182E1,
2.245833E0,6.590000E2,3.519844E0,1.226288E1,
2.250000E0,6.600000E2,3.519379E0,1.225322E1,
2.254167E0,6.610000E2,3.514297E0,1.226478E1,
2.258333E0,6.620000E2,3.510840E0,1.223960E1,
2.262500E0,6.630000E2,3.526467E0,1.223211E1,
2.266667E0,6.640000E2,3.512896E0,1.222184E1,
2.270833E0,6.650000E2,3.524919E0,1.220424E1,
2.275000E0,6.660000E2,3.551414E0,1.220048E1,
2.279167E0,6.670000E2,3.541664E0,1.217409E1,
2.283333E0,6.680000E2,3.562832E0,1.216143E1,
2.287500E0,6.690000E2,3.560326E0,1.213680E1,
2.291667E0,6.700000E2,3.577300E0,1.211859E1,
2.295833E0,6.710000E2,3.591450E0,1.209465E1,
2.300000E0,6.720000E2,3.606584E0,1.205543E1,
2.304167E0,6.730000E2,3.611031E0,1.203350E1,
2.308333E0,6.740000E2,3.620318E0,1.199674E1,
2.312500E0,6.750000E2,3.641528E0,1.196058E1,
2.316667E0,6.760000E2,3.646916E0,1.193814E1,
2.320833E0,6.770000E2,3.659553E0,1.191187E1,
2.325000E0,6.780000E2,3.686889E0,1.188446E1,
2.329167E0,6.790000E2,3.687365E0,1.185994E1,
2.333333E0,6.800000E2,3.710871E0,1.183397E1,
2.337500E0,6.810000E2,3.720359E0,1.182691E1,
2.341667E0,6.820000E2,3.716746E0,1.181065E1,
2.345833E0,6.830000E2,3.725650E0,1.179268E1,
2.350000E0,6.840000E2,3.732525E0,1.176636E1,
2.354167E0,6.850000E2,3.744918E0,1.176637E1,
2.358333E0,6.860000E2,3.742944E0,1.175546E1,
2.362500E0,6.870000E2,3.753703E0,1.175145E1,
2.366667E0,6.880000E2,3.750068E0,1.175309E1,
2.370833E0,6.890000E2,3.761001E0,1.173042E1,
2.375000E0,6.900000E2,3.757495E0,1.173711E1,
2.379167E0,6.910000E2,3.771506E0,1.172053E1,
2.383333E0,6.920000E2,3.774435E0,1.169813E1,
2.387500E0,6.930000E2,3.784273E0,1.169032E1,
2.391667E0,6.940000E2,3.790521E0,1.167256E1,
2.395833E0,6.950000E2,3.784094E0,1.164902E1,
2.400000E0,6.960000E2,3.815384E0,1.163082E1,
2.404167E0,6.970000E2,3.815950E0,1.160426E1,
2.408333E0,6.980000E2,3.818208E0,1.155951E1,
2.412500E0,6.990000E2,3.835686E0,1.154926E1,
2.416667E0,7.000000E2,3.846652E0,1.152241E1,
2.420833E0,7.010000E2,3.868428E0,1.146991E1,
2.425000E0,7.020000E2,3.874770E0,1.144609E1,
2.429167E0,7.030000E2,3.888734E0,1.141554E1,
2.433333E0,7.040000E2,3.905002E0,1.139786E1,
2.437500E0,7.050000E2,3.899521E0,1.136690E1,
2.441667E0,7.060000E2,3.908421E0,1.134902E1,
2.445833E0,7.070000E2,3.925349E0,1.131335E1,
2.450000E0,7.080000E2,3.920711E0,1.128882E1,
2.454167E0,7.090000E2,3.939456E0,1.129085E1,
2.458333E0,7.100000E2,3.931280E0,1.127623E1,
2.462500E0,7.110000E2,3.935760E0,1.125739E1,
2.466667E0,7.120000E2,3.948808E0,1.124169E1,
2.470833E0,7.130000E2,3.955741E0,1.123205E1,
2.475000E0,7.140000E2,3.948393E0,1.123019E1,
2.479167E0,7.150000E2,3.948448E0,1.121964E1,
2.483333E0,7.160000E2,3.945387E0,1.119869E1,
2.487500E0,7.170000E2,3.954468E0,1.120080E1,
2.491667E0,7.180000E2,3.956836E0,1.118497E1,
2.495833E0,7.190000E2,3.956582E0,1.117103E1,
2.500000E0,7.200000E2,3.965120E0,1.116402E1,
2.504167E0,7.210000E2,3.978485E0,1.114420E1,
2.508333E0,7.220000E2,3.980179E0,1.112125E1,
2.512500E0,7.230000E2,3.971584E0,1.109188E1,
2.516667E0,7.240000E2,4.005058E0,1.105889E1,
2.520833E0,7.250000E2,4.010734E0,1.102145E1,
2.525000E0,7.260000E2,4.006171E0,1.100567E1,
2.529167E0,7.270000E2,4.030831E0,1.096553E1,
2.533333E0,7.280000E2,4.025515E0,1.093389E1,
2.537500E0,7.290000E2,4.045169E0,1.090730E1,
2.541667E0,7.300000E2,4.051841E0,1.087730E1,
2.545833E0,7.310000E2,4.053162E0,1.085587E1,
2.550000E0,7.320000E2,4.068591E0,1.083681E1,
2.554167E0,7.330000E2,4.075119E0,1.079336E1,
2.558333E0,7.340000E2,4.081719E0,1.077657E1,
2.562500E0,7.350000E2,4.078555E0,1.076769E1,
2.566667E0,7.360000E2,4.095868E0,1.074794E1,
2.570833E0,7.370000E2,4.094201E0,1.073324E1,
2.575000E0,7.380000E2,4.107520E0,1.072201E1,
2.579167E0,7.390000E2,4.107576E0,1.071922E1,
2.583333E0,7.400000E2,4.109625E0,1.069955E1,
2.587500E0,7.410000E2,4.101853E0,1.068830E1,
2.591667E0,7.420000E2,4.122966E0,1.068900E1,
2.595833E0,7.430000E2,4.116146E0,1.067971E1,
2.600000E0,7.440000E2,4.117214E0,1.065676E1,
2.604167E0,7.450000E2,4.118061E0,1.065993E1,
2.608333E0,7.460000E2,4.125648E0,1.064162E1,
2.612500E0,7.470000E2,4.137161E0,1.062736E1,
2.616667E0,7.480000E2,4.124207E0,1.060814E1,
2.620833E0,7.490000E2,4.145442E0,1.057807E1,
2.625000E0,7.500000E2,4.141399E0,1.055185E1,
2.629167E0,7.510000E2,4.148835E0,1.052088E1,
2.633333E0,7.520000E2,4.162798E0,1.050232E1,
2.637500E0,7.530000E2,4.170516E0,1.045932E1,
2.641667E0,7.540000E2,4.172987E0,1.041914E1,
2.645833E0,7.550000E2,4.183820E0,1.039153E1,
2.650000E0,7.560000E2,4.198115E0,1.035723E1,
2.654167E0,7.570000E2,4.196864E0,1.033637E1,
2.658333E0,7.580000E2,4.196264E0,1.031033E1,
2.662500E0,7.590000E2,4.206765E0,1.027626E1,
2.666667E0,7.600000E2,4.211536E0,1.025114E1,
2.670833E0,7.610000E2,4.227513E0,1.023420E1,
2.675000E0,7.620000E2,4.222354E0,1.021096E1,
2.679167E0,7.630000E2,4.219222E0,1.020086E1,
2.683333E0,7.640000E2,4.225681E0,1.019584E1,
2.687500E0,7.650000E2,4.244428E0,1.018290E1,
2.691667E0,7.660000E2,4.243170E0,1.016907E1,
2.695833E0,7.670000E2,4.236363E0,1.017189E1,
2.700000E0,7.680000E2,4.237283E0,1.014600E1,
2.704167E0,7.690000E2,4.252992E0,1.014746E1,
2.708333E0,7.700000E2,4.243850E0,1.013790E1,
2.712500E0,7.710000E2,4.253138E0,1.013568E1,
2.716667E0,7.720000E2,4.263459E0,1.010665E1,
2.720833E0,7.730000E2,4.267778E0,1.008897E1,
2.725000E0,7.740000E2,4.264416E0,1.007951E1,
2.729167E0,7.750000E2,4.280654E0,1.006031E1,
2.733333E0,7.760000E2,4.275690E0,1.002543E1,
2.737500E0,7.770000E2,4.294774E0,1.001242E1,
2.741667E0,7.780000E2,4.298962E0,9.968008E0,
2.745833E0,7.790000E2,4.301383E0,9.941538E0,
2.750000E0,7.800000E2,4.330938E0,9.916605E0,
2.754167E0,7.810000E2,4.332807E0,9.874846E0,
2.758333E0,7.820000E2,4.347033E0,9.861421E0,
2.762500E0,7.830000E2,4.352500E0,9.816453E0,
2.766667E0,7.840000E2,4.381612E0,9.790295E0,
2.770833E0,7.850000E2,4.382296E0,9.778365E0,
2.775000E0,7.860000E2,4.378971E0,9.743942E0,
2.779167E0,7.870000E2,4.398007E0,9.712511E0,
2.783333E0,7.880000E2,4.396172E0,9.711765E0,
2.787500E0,7.890000E2,4.403982E0,9.686457E0,
2.791667E0,7.900000E2,4.385254E0,9.664759E0,
2.795833E0,7.910000E2,4.402359E0,9.650991E0,
2.800000E0,7.920000E2,4.396832E0,9.634830E0,
2.804167E0,7.930000E2,4.404577E0,9.634586E0,
2.808333E0,7.940000E2,4.405127E0,9.637092E0,
2.812500E0,7.950000E2,4.410819E0,9.613659E0,
2.816667E0,7.960000E2,4.399124E0,9.622258E0,
2.820833E0,7.970000E2,4.411247E0,9.609410E0,
2.825000E0,7.980000E2,4.407546E0,9.577927E0,
2.829167E0,7.990000E2,4.425281E0,9.578560E0,
2.833333E0,8.000000E2,4.423710E0,9.561630E0,
2.837500E0,8.010000E2,4.429508E0,9.540959E0,
2.841667E0,8.020000E2,4.436305E0,9.506518E0,
2.845833E0,8.030000E2,4.440006E0,9.487128E0,
2.850000E0,8.040000E2,4.437324E0,9.461028E0,
2.854167E0,8.050000E2,4.447568E0,9.427966E0,
2.858333E0,8.060000E2,4.441678E0,9.396790E0,
2.862500E0,8.070000E2,4.456248E0,9.364699E0,
2.866667E0,8.080000E2,4.462656E0,9.338772E0,
2.870833E0,8.090000E2,4.468884E0,9.303911E0,
2.875000E0,8.100000E2,4.478347E0,9.280996E0,
2.879167E0,8.110000E2,4.482709E0,9.233362E0,
2.883333E0,8.120000E2,4.498852E0,9.208879E0,
2.887500E0,8.130000E2,4.499669E0,9.188156E0,
2.891667E0,8.140000E2,4.499653E0,9.166915E0,
2.895833E0,8.150000E2,4.502302E0,9.160551E0,
2.900000E0,8.160000E2,4.504929E0,9.145570E0,
2.904167E0,8.170000E2,4.518906E0,9.122030E0,
2.908333E0,8.180000E2,4.509717E0,9.119819E0,
2.912500E0,8.190000E2,4.521781E0,9.094940E0,
2.916667E0,8.200000E2,4.511556E0,9.100526E0,
2.920833E0,8.210000E2,4.519455E0,9.074262E0,
2.925000E0,8.220000E2,4.514493E0,9.069572E0,
2.929167E0,8.230000E2,4.527226E0,9.062246E0,
2.933333E0,8.240000E2,4.528724E0,9.047357E0,
2.937500E0,8.250000E2,4.528320E0,9.038776E0,
2.941667E0,8.260000E2,4.526871E0,9.018184E0,
2.945833E0,8.270000E2,4.525898E0,9.016388E0,
2.950000E0,8.280000E2,4.545445E0,8.984151E0,
2.954167E0,8.290000E2,4.562435E0,8.973526E0,
2.958333E0,8.300000E2,4.559181E0,8.937358E0,
2.962500E0,8.310000E2,4.575114E0,8.918102E0,
2.966667E0,8.320000E2,4.577094E0,8.879141E0,
2.970833E0,8.330000E2,4.595039E0,8.840427E0,
2.975000E0,8.340000E2,4.595984E0,8.821625E0,
2.979167E0,8.350000E2,4.619357E0,8.783217E0,
2.983333E0,8.360000E2,4.616265E0,8.747332E0,
2.987500E0,8.370000E2,4.629174E0,8.728881E0,
2.991667E0,8.380000E2,4.649853E0,8.700407E0,
2.995833E0,8.390000E2,4.649735E0,8.675855E0,
3.000000E0,8.400000E2,4.656000E0,8.650062E0,
3.004167E0,8.410000E2,4.661095E0,8.626007E0,
3.008333E0,8.420000E2,4.670728E0,8.617478E0,
3.012500E0,8.430000E2,4.667925E0,8.599322E0,
3.016667E0,8.440000E2,4.671936E0,8.589714E0,
3.020833E0,8.450000E2,4.691511E0,8.585068E0,
3.025000E0,8.460000E2,4.686071E0,8.579314E0,
3.029167E0,8.470000E2,4.690372E0,8.555506E0,
3.033333E0,8.480000E2,4.692033E0,8.539292E0,
3.037500E0,8.490000E2,4.696000E0,8.547195E0,
3.041667E0,8.500000E2,4.705796E0,8.536285E0,
3.045833E0,8.510000E2,4.703938E0,8.526094E0,
3.050000E0,8.520000E2,4.706526E0,8.506684E0,
3.054167E0,8.530000E2,4.708857E0,8.495803E0,
3.058333E0,8.540000E2,4.720899E0,8.473214E0,
3.062500E0,8.550000E2,4.734651E0,8.456466E0,
3.066667E0,8.560000E2,4.732968E0,8.421113E0,
3.070833E0,8.570000E2,4.743178E0,8.404777E0,
3.075000E0,8.580000E2,4.763165E0,8.374274E0,
3.079167E0,8.590000E2,4.769396E0,8.361588E0,
3.083333E0,8.600000E2,4.787269E0,8.319930E0,
3.087500E0,8.610000E2,4.787798E0,8.289496E0,
3.091667E0,8.620000E2,4.802304E0,8.260101E0,
3.095833E0,8.630000E2,4.811895E0,8.235050E0,
3.100000E0,8.640000E2,4.831298E0,8.202503E0,
3.104167E0,8.650000E2,4.829988E0,8.175417E0,
3.108333E0,8.660000E2,4.851175E0,8.143217E0,
3.112500E0,8.670000E2,4.854964E0,8.117009E0,
3.116667E0,8.680000E2,4.864247E0,8.120909E0,
3.120833E0,8.690000E2,4.871266E0,8.081729E0,
3.125000E0,8.700000E2,4.876283E0,8.071679E0,
3.129167E0,8.710000E2,4.859915E0,8.072735E0,
3.133333E0,8.720000E2,4.881043E0,8.059103E0,
3.137500E0,8.730000E2,4.886990E0,8.050346E0,
3.141667E0,8.740000E2,4.880661E0,8.034843E0,
3.145833E0,8.750000E2,4.889703E0,8.036540E0,
3.150000E0,8.760000E2,4.892342E0,8.016214E0,
3.154167E0,8.770000E2,4.896038E0,8.011102E0,
3.158333E0,8.780000E2,4.889067E0,7.999302E0,
3.162500E0,8.790000E2,4.908086E0,7.985314E0,
3.166667E0,8.800000E2,4.897416E0,7.959456E0,
3.170833E0,8.810000E2,4.914305E0,7.946869E0,
3.175000E0,8.820000E2,4.921705E0,7.928718E0,
3.179167E0,8.830000E2,4.929234E0,7.904557E0,
3.183333E0,8.840000E2,4.936242E0,7.865196E0,
3.187500E0,8.850000E2,4.951197E0,7.837899E0,
3.191667E0,8.860000E2,4.955212E0,7.795376E0,
3.195833E0,8.870000E2,4.962886E0,7.775015E0,
3.200000E0,8.880000E2,4.976353E0,7.750170E0,
3.204167E0,8.890000E2,4.968887E0,7.708525E0,
3.208333E0,8.900000E2,4.983634E0,7.688098E0,
3.212500E0,8.910000E2,4.987683E0,7.651520E0,
3.216667E0,8.920000E2,4.994228E0,7.641985E0,
3.220833E0,8.930000E2,5.014355E0,7.602860E0,
3.225000E0,8.940000E2,5.014774E0,7.583183E0,
3.229167E0,8.950000E2,5.027375E0,7.574793E0,
3.233333E0,8.960000E2,5.025557E0,7.546951E0,
3.237500E0,8.970000E2,5.006579E0,7.528528E0,
3.241667E0,8.980000E2,5.024669E0,7.533458E0,
3.245833E0,8.990000E2,5.025862E0,7.527748E0,
3.250000E0,9.000000E2,5.026509E0,7.505915E0,
3.254167E0,9.010000E2,5.042136E0,7.495350E0,
3.258333E0,9.020000E2,5.030083E0,7.490534E0,
3.262500E0,9.030000E2,5.041613E0,7.474726E0,
3.266667E0,9.040000E2,5.036252E0,7.466696E0,
3.270833E0,9.050000E2,5.038170E0,7.450964E0,
3.275000E0,9.060000E2,5.037686E0,7.434589E0,
3.279167E0,9.070000E2,5.054763E0,7.419601E0,
3.283333E0,9.080000E2,5.048066E0,7.410638E0,
3.287500E0,9.090000E2,5.046723E0,7.376336E0,
3.291667E0,9.100000E2,5.059009E0,7.348559E0,
3.295833E0,9.110000E2,5.055152E0,7.325392E0,
3.300000E0,9.120000E2,5.077354E0,7.291346E0,
3.304167E0,9.130000E2,5.067575E0,7.268773E0,
3.308333E0,9.140000E2,5.076782E0,7.233151E0,
3.312500E0,9.150000E2,5.087766E0,7.187456E0,
3.316667E0,9.160000E2,5.086389E0,7.161614E0,
3.320833E0,9.170000E2,5.107713E0,7.126646E0,
3.325000E0,9.180000E2,5.104170E0,7.102362E0,
3.329167E0,9.190000E2,5.110301E0,7.072147E0,
3.333333E0,9.200000E2,5.114409E0,7.053536E0,
3.337500E0,9.210000E2,5.117778E0,7.039946E0,
3.341667E0,9.220000E2,5.121631E0,7.014005E0,
3.345833E0,9.230000E2,5.135400E0,6.990680E0,
3.350000E0,9.240000E2,5.124489E0,6.987434E0,
3.354167E0,9.250000E2,5.121522E0,6.975341E0,
3.358333E0,9.260000E2,5.136962E0,6.979003E0,
3.362500E0,9.270000E2,5.137031E0,6.952355E0,
3.366667E0,9.280000E2,5.130066E0,6.956635E0,
3.370833E0,9.290000E2,5.131682E0,6.935837E0,
3.375000E0,9.300000E2,5.143906E0,6.937791E0,
3.379167E0,9.310000E2,5.139679E0,6.922248E0,
3.383333E0,9.320000E2,5.141443E0,6.904277E0,
3.387500E0,9.330000E2,5.144675E0,6.881842E0,
3.391667E0,9.340000E2,5.145896E0,6.882158E0,
3.395833E0,9.350000E2,5.158685E0,6.843276E0,
3.400000E0,9.360000E2,5.152225E0,6.821820E0,
3.404167E0,9.370000E2,5.159005E0,6.795997E0,
3.408333E0,9.380000E2,5.160751E0,6.772721E0,
3.412500E0,9.390000E2,5.173621E0,6.728867E0,
3.416667E0,9.400000E2,5.176690E0,6.700663E0,
3.420833E0,9.410000E2,5.191417E0,6.675573E0,
3.425000E0,9.420000E2,5.191361E0,6.646159E0,
3.429167E0,9.430000E2,5.200108E0,6.610692E0,
3.433333E0,9.440000E2,5.209764E0,6.577457E0,
3.437500E0,9.450000E2,5.210651E0,6.537454E0,
3.441667E0,9.460000E2,5.209171E0,6.514864E0,
3.445833E0,9.470000E2,5.212424E0,6.506087E0,
3.450000E0,9.480000E2,5.213695E0,6.483592E0,
3.454167E0,9.490000E2,5.220640E0,6.462295E0,
3.458333E0,9.500000E2,5.222498E0,6.458685E0,
3.462500E0,9.510000E2,5.231332E0,6.441310E0,
3.466667E0,9.520000E2,5.228758E0,6.424032E0,
3.470833E0,9.530000E2,5.227206E0,6.421521E0,
3.475000E0,9.540000E2,5.222039E0,6.415042E0,
3.479167E0,9.550000E2,5.228409E0,6.398241E0,
3.483333E0,9.560000E2,5.221120E0,6.395747E0,
3.487500E0,9.570000E2,5.217163E0,6.379343E0,
3.491667E0,9.580000E2,5.233058E0,6.368990E0,
3.495833E0,9.590000E2,5.236766E0,6.349238E0,
3.500000E0,9.600000E2,5.214117E0,6.335891E0,
3.504167E0,9.610000E2,5.240485E0,6.319734E0,
3.508333E0,9.620000E2,5.225847E0,6.295474E0,
3.512500E0,9.630000E2,5.231536E0,6.270269E0,
3.516667E0,9.640000E2,5.243064E0,6.241206E0,
3.520833E0,9.650000E2,5.241356E0,6.200489E0,
3.525000E0,9.660000E2,5.245119E0,6.170333E0,
3.529167E0,9.670000E2,5.242332E0,6.140372E0,
3.533333E0,9.680000E2,5.259684E0,6.116106E0,
3.537500E0,9.690000E2,5.254698E0,6.082100E0,
3.541667E0,9.700000E2,5.258204E0,6.053012E0,
3.545833E0,9.710000E2,5.273499E0,6.006689E0,
3.550000E0,9.720000E2,5.267094E0,5.979286E0,
3.554167E0,9.730000E2,5.273716E0,5.956888E0,
3.558333E0,9.740000E2,5.277815E0,5.930787E0,
3.562500E0,9.750000E2,5.274845E0,5.921780E0,
3.566667E0,9.760000E2,5.268430E0,5.913784E0,
3.570833E0,9.770000E2,5.281211E0,5.890160E0,
3.575000E0,9.780000E2,5.274224E0,5.877213E0,
3.579167E0,9.790000E2,5.286346E0,5.877067E0,
3.583333E0,9.800000E2,5.285642E0,5.853776E0,
3.587500E0,9.810000E2,5.260740E0,5.850399E0,
3.591667E0,9.820000E2,5.292218E0,5.843821E0,
3.595833E0,9.830000E2,5.272952E0,5.834511E0,
3.600000E0,9.840000E2,5.283321E0,5.815447E0,
3.604167E0,9.850000E2,5.285800E0,5.810082E0,
3.608333E0,9.860000E2,5.284447E0,5.795186E0,
3.612500E0,9.870000E2,5.288904E0,5.778619E0,
3.616667E0,9.880000E2,5.297741E0,5.759285E0,
3.620833E0,9.890000E2,5.296035E0,5.722373E0,
3.625000E0,9.900000E2,5.298277E0,5.706025E0,
3.629167E0,9.910000E2,5.305291E0,5.673664E0,
3.633333E0,9.920000E2,5.309504E0,5.649548E0,
3.637500E0,9.930000E2,5.314593E0,5.614357E0,
3.641667E0,9.940000E2,5.321724E0,5.577262E0,
3.645833E0,9.950000E2,5.327896E0,5.545123E0,
3.650000E0,9.960000E2,5.340769E0,5.512015E0,
3.654167E0,9.970000E2,5.337943E0,5.488808E0,
3.658333E0,9.980000E2,5.341860E0,5.452224E0,
3.662500E0,9.990000E2,5.362381E0,5.414996E0,
3.666667E0,1.000000E3,5.357903E0,5.409303E0,
3.670833E0,1.001000E3,5.371292E0,5.391789E0,
3.675000E0,1.002000E3,5.368412E0,5.357273E0,
3.679167E0,1.003000E3,5.365921E0,5.347029E0,
3.683333E0,1.004000E3,5.377257E0,5.343108E0,
3.687500E0,1.005000E3,5.389212E0,5.331160E0,
3.691667E0,1.006000E3,5.375685E0,5.318124E0,
3.695833E0,1.007000E3,5.380749E0,5.311719E0,
3.700000E0,1.008000E3,5.375983E0,5.309786E0,
3.704167E0,1.009000E3,5.389419E0,5.304739E0,
3.708333E0,1.010000E3,5.389896E0,5.292577E0,
3.712500E0,1.011000E3,5.407228E0,5.278177E0,
3.716667E0,1.012000E3,5.384998E0,5.260963E0,
3.720833E0,1.013000E3,5.406524E0,5.248521E0,
3.725000E0,1.014000E3,5.410003E0,5.228210E0,
3.729167E0,1.015000E3,5.419154E0,5.203799E0,
3.733333E0,1.016000E3,5.420385E0,5.186719E0,
3.737500E0,1.017000E3,5.430109E0,5.154295E0,
3.741667E0,1.018000E3,5.432110E0,5.124654E0,
3.745833E0,1.019000E3,5.440054E0,5.096679E0,
3.750000E0,1.020000E3,5.454986E0,5.062046E0,
3.754167E0,1.021000E3,5.442728E0,5.029698E0,
3.758333E0,1.022000E3,5.471228E0,4.994501E0,
3.762500E0,1.023000E3,5.466789E0,4.975673E0,
3.766667E0,1.024000E3,5.477266E0,4.930671E0,
3.770833E0,1.025000E3,5.490498E0,4.901954E0,
3.775000E0,1.026000E3,5.495033E0,4.877350E0,
3.779167E0,1.027000E3,5.492829E0,4.866640E0,
3.783333E0,1.028000E3,5.495129E0,4.844001E0,
3.787500E0,1.029000E3,5.489825E0,4.823325E0,
3.791667E0,1.030000E3,5.501961E0,4.819510E0,
3.795833E0,1.031000E3,5.502735E0,4.794139E0,
3.800000E0,1.032000E3,5.503664E0,4.787114E0,
3.804167E0,1.033000E3,5.502054E0,4.776073E0,
3.808333E0,1.034000E3,5.509912E0,4.768994E0,
3.812500E0,1.035000E3,5.515028E0,4.761193E0,
3.816667E0,1.036000E3,5.510369E0,4.751692E0,
3.820833E0,1.037000E3,5.507182E0,4.760189E0,
3.825000E0,1.038000E3,5.523402E0,4.728407E0,
3.829167E0,1.039000E3,5.518083E0,4.718895E0,
3.833333E0,1.040000E3,5.524960E0,4.701098E0,
3.837500E0,1.041000E3,5.532677E0,4.682258E0,
3.841667E0,1.042000E3,5.539215E0,4.651166E0,
3.845833E0,1.043000E3,5.544488E0,4.629724E0,
3.850000E0,1.044000E3,5.556461E0,4.603826E0,
3.854167E0,1.045000E3,5.571698E0,4.580756E0,
3.858333E0,1.046000E3,5.581690E0,4.544706E0,
3.862500E0,1.047000E3,5.598582E0,4.510180E0,
3.866667E0,1.048000E3,5.616435E0,4.483483E0,
3.870833E0,1.049000E3,5.632471E0,4.462541E0,
3.875000E0,1.050000E3,5.632109E0,4.429638E0,
3.879167E0,1.051000E3,5.645160E0,4.405868E0,
3.883333E0,1.052000E3,5.656187E0,4.374771E0,
3.887500E0,1.053000E3,5.664616E0,4.340101E0,
3.891667E0,1.054000E3,5.676028E0,4.335457E0,
3.895833E0,1.055000E3,5.680739E0,4.313241E0,
3.900000E0,1.056000E3,5.675584E0,4.291908E0,
3.904167E0,1.057000E3,5.681437E0,4.279792E0,
3.908333E0,1.058000E3,5.696072E0,4.274582E0,
3.912500E0,1.059000E3,5.704195E0,4.259677E0,
3.916667E0,1.060000E3,5.707306E0,4.260616E0,
3.920833E0,1.061000E3,5.705283E0,4.255050E0,
3.925000E0,1.062000E3,5.707535E0,4.231162E0,
3.929167E0,1.063000E3,5.700385E0,4.232176E0,
3.933333E0,1.064000E3,5.702419E0,4.224081E0,
3.937500E0,1.065000E3,5.714739E0,4.205652E0,
3.941667E0,1.066000E3,5.736267E0,4.194246E0,
3.945833E0,1.067000E3,5.730523E0,4.169269E0,
3.950000E0,1.068000E3,5.726741E0,4.154830E0,
3.954167E0,1.069000E3,5.730709E0,4.119320E0,
3.958333E0,1.070000E3,5.738622E0,4.098676E0,
3.962500E0,1.071000E3,5.744102E0,4.077117E0,
3.966667E0,1.072000E3,5.762862E0,4.055607E0,
3.970833E0,1.073000E3,5.755880E0,4.007400E0,
3.975000E0,1.074000E3,5.773243E0,3.978466E0,
3.979167E0,1.075000E3,5.775006E0,3.951675E0,
3.983333E0,1.076000E3,5.789140E0,3.914787E0,
3.987500E0,1.077000E3,5.802210E0,3.890416E0,
3.991667E0,1.078000E3,5.803917E0,3.861459E0,
3.995833E0,1.079000E3,5.811225E0,3.823492E0,
4.000000E0,1.080000E3,5.812544E0,3.808487E0,
4.004167E0,1.081000E3,5.819568E0,3.796232E0,
4.008333E0,1.082000E3,5.839448E0,3.775989E0,
4.012500E0,1.083000E3,5.831602E0,3.768111E0,
4.016667E0,1.084000E3,5.838610E0,3.748745E0,
4.020833E0,1.085000E3,5.835933E0,3.738708E0,
4.025000E0,1.086000E3,5.848217E0,3.726945E0,
4.029167E0,1.087000E3,5.842435E0,3.716835E0,
4.033333E0,1.088000E3,5.851768E0,3.709163E0,
4.037500E0,1.089000E3,5.850147E0,3.699490E0,
4.041667E0,1.090000E3,5.850484E0,3.690735E0,
4.045833E0,1.091000E3,5.859460E0,3.679943E0,
4.050000E0,1.092000E3,5.865279E0,3.667031E0,
4.054167E0,1.093000E3,5.857952E0,3.657806E0,
4.058333E0,1.094000E3,5.876064E0,3.634935E0,
4.062500E0,1.095000E3,5.877520E0,3.614576E0,
4.066667E0,1.096000E3,5.888090E0,3.569393E0,
4.070833E0,1.097000E3,5.896899E0,3.554640E0,
4.075000E0,1.098000E3,5.894385E0,3.520857E0,
4.079167E0,1.099000E3,5.902802E0,3.486353E0,
4.083333E0,1.100000E3,5.913929E0,3.457774E0,
4.087500E0,1.101000E3,5.928345E0,3.433569E0,
4.091667E0,1.102000E3,5.917877E0,3.390076E0,
4.095833E0,1.103000E3,5.951742E0,3.360622E0,
4.100000E0,1.104000E3,5.949826E0,3.342876E0,
4.104167E0,1.105000E3,5.950024E0,3.318717E0,
4.108333E0,1.106000E3,5.965951E0,3.288233E0,
4.112500E0,1.107000E3,5.967457E0,3.270367E0,
4.116667E0,1.108000E3,5.990756E0,3.251286E0,
4.120833E0,1.109000E3,5.981815E0,3.238394E0,
4.125000E0,1.110000E3,5.985073E0,3.213565E0,
4.129167E0,1.111000E3,5.989611E0,3.199551E0,
4.133333E0,1.112000E3,5.989121E0,3.209144E0,
4.137500E0,1.113000E3,5.998178E0,3.188189E0,
4.141667E0,1.114000E3,6.002690E0,3.186794E0,
4.145833E0,1.115000E3,6.001981E0,3.167497E0,
4.150000E0,1.116000E3,5.997944E0,3.160215E0,
4.154167E0,1.117000E3,6.011410E0,3.147311E0,
4.158333E0,1.118000E3,6.008549E0,3.148373E0,
4.162500E0,1.119000E3,6.011530E0,3.113925E0,
4.166667E0,1.120000E3,6.024269E0,3.100437E0,
4.170833E0,1.121000E3,6.024785E0,3.083272E0,
4.175000E0,1.122000E3,6.013976E0,3.071328E0,
4.179167E0,1.123000E3,6.040750E0,3.032545E0,
4.183333E0,1.124000E3,6.034089E0,3.005769E0,
4.187500E0,1.125000E3,6.046015E0,2.977658E0,
4.191667E0,1.126000E3,6.059690E0,2.952273E0,
4.195833E0,1.127000E3,6.071244E0,2.911301E0,
4.200000E0,1.128000E3,6.081189E0,2.881046E0,
4.204167E0,1.129000E3,6.085931E0,2.847781E0,
4.208333E0,1.130000E3,6.102740E0,2.819796E0,
4.212500E0,1.131000E3,6.109635E0,2.805901E0,
4.216667E0,1.132000E3,6.113799E0,2.771832E0,
4.220833E0,1.133000E3,6.113955E0,2.745185E0,
4.225000E0,1.134000E3,6.133359E0,2.727695E0,
4.229167E0,1.135000E3,6.129753E0,2.699671E0,
4.233333E0,1.136000E3,6.137372E0,2.682402E0,
4.237500E0,1.137000E3,6.144105E0,2.681549E0,
4.241667E0,1.138000E3,6.148215E0,2.669089E0,
4.245833E0,1.139000E3,6.142787E0,2.657424E0,
4.250000E0,1.140000E3,6.159543E0,2.642828E0,
4.254167E0,1.141000E3,6.157728E0,2.644791E0,
4.258333E0,1.142000E3,6.162670E0,2.643422E0,
4.262500E0,1.143000E3,6.175529E0,2.624944E0,
4.266667E0,1.144000E3,6.186564E0,2.627343E0,
4.270833E0,1.145000E3,6.183200E0,2.611228E0,
4.275000E0,1.146000E3,6.183820E0,2.587841E0,
4.279167E0,1.147000E3,6.193213E0,2.581170E0,
4.283333E0,1.148000E3,6.214350E0,2.561212E0,
4.287500E0,1.149000E3,6.219594E0,2.535406E0,
4.291667E0,1.150000E3,6.225801E0,2.513520E0,
4.295833E0,1.151000E3,6.260367E0,2.479754E0,
4.300000E0,1.152000E3,6.266562E0,2.461091E0,
4.304167E0,1.153000E3,6.272478E0,2.441514E0,
4.308333E0,1.154000E3,6.286659E0,2.397240E0,
4.312500E0,1.155000E3,6.295619E0,2.364201E0,
4.316667E0,1.156000E3,6.306897E0,2.332641E0,
4.320833E0,1.157000E3,6.334299E0,2.320227E0,
4.325000E0,1.158000E3,6.340722E0,2.289621E0,
4.329167E0,1.159000E3,6.364555E0,2.261535E0,
4.333333E0,1.160000E3,6.362878E0,2.242157E0,
4.337500E0,1.161000E3,6.374728E0,2.215370E0,
4.341667E0,1.162000E3,6.388446E0,2.201882E0,
4.345833E0,1.163000E3,6.381409E0,2.190428E0,
4.350000E0,1.164000E3,6.398500E0,2.181804E0,
4.354167E0,1.165000E3,6.390565E0,2.175768E0,
4.358333E0,1.166000E3,6.418931E0,2.166360E0,
4.362500E0,1.167000E3,6.400226E0,2.145359E0,
4.366667E0,1.168000E3,6.406990E0,2.153377E0,
4.370833E0,1.169000E3,6.431354E0,2.143719E0,
4.375000E0,1.170000E3,6.418798E0,2.128478E0,
4.379167E0,1.171000E3,6.431769E0,2.120701E0,
4.383333E0,1.172000E3,6.433628E0,2.111278E0,
4.387500E0,1.173000E3,6.428968E0,2.102749E0,
4.391667E0,1.174000E3,6.453325E0,2.080467E0,
4.395833E0,1.175000E3,6.458614E0,2.062304E0,
4.400000E0,1.176000E3,6.488263E0,2.039638E0,
4.404167E0,1.177000E3,6.484444E0,2.013166E0,
4.408333E0,1.178000E3,6.516219E0,1.980241E0,
4.412500E0,1.179000E3,6.519561E0,1.959891E0,
4.416667E0,1.180000E3,6.540877E0,1.923501E0,
4.420833E0,1.181000E3,6.571162E0,1.902355E0,
4.425000E0,1.182000E3,6.570533E0,1.877131E0,
4.429167E0,1.183000E3,6.586911E0,1.854064E0,
4.433333E0,1.184000E3,6.608109E0,1.819863E0,
4.437500E0,1.185000E3,6.611905E0,1.790461E0,
4.441667E0,1.186000E3,6.636262E0,1.773217E0,
4.445833E0,1.187000E3,6.648039E0,1.755343E0,
4.450000E0,1.188000E3,6.652761E0,1.739700E0,
4.454167E0,1.189000E3,6.650441E0,1.720553E0,
4.458333E0,1.190000E3,6.654162E0,1.707664E0,
4.462500E0,1.191000E3,6.669185E0,1.696278E0,
4.466667E0,1.192000E3,6.676851E0,1.686652E0,
4.470833E0,1.193000E3,6.670066E0,1.672737E0,
4.475000E0,1.194000E3,6.686720E0,1.681612E0,
4.479167E0,1.195000E3,6.693209E0,1.671834E0,
4.483333E0,1.196000E3,6.698110E0,1.650558E0,
4.487500E0,1.197000E3,6.711734E0,1.649133E0,
4.491667E0,1.198000E3,6.707990E0,1.633425E0,
4.495833E0,1.199000E3,6.721524E0,1.630352E0,
4.500000E0,1.200000E3,6.724933E0,1.606836E0,
4.504167E0,1.201000E3,6.748230E0,1.591423E0,
4.508333E0,1.202000E3,6.755329E0,1.573524E0,
4.512500E0,1.203000E3,6.771436E0,1.556068E0,
4.516667E0,1.204000E3,6.789823E0,1.525492E0,
4.520833E0,1.205000E3,6.794525E0,1.506893E0,
4.525000E0,1.206000E3,6.829957E0,1.480233E0,
4.529167E0,1.207000E3,6.837411E0,1.461764E0,
4.533333E0,1.208000E3,6.856582E0,1.418272E0,
4.537500E0,1.209000E3,6.874019E0,1.393721E0,
4.541667E0,1.210000E3,6.907394E0,1.365406E0,
4.545833E0,1.211000E3,6.907157E0,1.333609E0,
4.550000E0,1.212000E3,6.919738E0,1.315238E0,
4.554167E0,1.213000E3,6.937360E0,1.303333E0,
4.558333E0,1.214000E3,6.949165E0,1.286412E0,
4.562500E0,1.215000E3,6.960014E0,1.255010E0,
4.566667E0,1.216000E3,6.972449E0,1.255935E0,
4.570833E0,1.217000E3,6.985672E0,1.247748E0,
4.575000E0,1.218000E3,6.979432E0,1.241244E0,
4.579167E0,1.219000E3,6.994507E0,1.238560E0,
4.583333E0,1.220000E3,6.996595E0,1.228557E0,
4.587500E0,1.221000E3,7.003175E0,1.221959E0,
4.591667E0,1.222000E3,7.013866E0,1.195333E0,
4.595833E0,1.223000E3,7.012949E0,1.193482E0,
4.600000E0,1.224000E3,7.004929E0,1.189269E0,
4.604167E0,1.225000E3,7.032441E0,1.174018E0,
4.608333E0,1.226000E3,7.041870E0,1.167969E0,
4.612500E0,1.227000E3,7.052566E0,1.143882E0,
4.616667E0,1.228000E3,7.056796E0,1.122074E0,
4.620833E0,1.229000E3,7.085518E0,1.106909E0,
4.625000E0,1.230000E3,7.090605E0,1.080599E0,
4.629167E0,1.231000E3,7.104816E0,1.052840E0,
4.633333E0,1.232000E3,7.141426E0,1.042406E0,
4.637500E0,1.233000E3,7.134764E0,1.012026E0,
4.641667E0,1.234000E3,7.174997E0,9.856036E-1,
4.645833E0,1.235000E3,7.195739E0,9.578083E-1,
4.650000E0,1.236000E3,7.211760E0,9.437893E-1,
4.654167E0,1.237000E3,7.229002E0,9.158111E-1,
4.658333E0,1.238000E3,7.262142E0,8.921296E-1,
4.662500E0,1.239000E3,7.277754E0,8.691630E-1,
4.666667E0,1.240000E3,7.295409E0,8.575539E-1,
4.670833E0,1.241000E3,7.298372E0,8.401977E-1,
4.675000E0,1.242000E3,7.308487E0,8.312825E-1,
4.679167E0,1.243000E3,7.317994E0,8.071481E-1,
4.683333E0,1.244000E3,7.317783E0,8.075766E-1,
4.687500E0,1.245000E3,7.340582E0,7.930677E-1,
4.691667E0,1.246000E3,7.345809E0,7.878192E-1,
4.695833E0,1.247000E3,7.348641E0,7.778797E-1,
4.700000E0,1.248000E3,7.341070E0,7.822948E-1,
4.704167E0,1.249000E3,7.354178E0,7.704575E-1,
4.708333E0,1.250000E3,7.363992E0,7.540832E-1,
4.712500E0,1.251000E3,7.372465E0,7.491368E-1,
4.716667E0,1.252000E3,7.373438E0,7.370205E-1,
4.720833E0,1.253000E3,7.392613E0,7.108253E-1,
4.725000E0,1.254000E3,7.410655E0,7.116656E-1,
4.729167E0,1.255000E3,7.406510E0,6.933263E-1,
4.733333E0,1.256000E3,7.427109E0,6.687440E-1,
4.737500E0,1.257000E3,7.437834E0,6.549682E-1,
4.741667E0,1.258000E3,7.454244E0,6.271276E-1,
4.745833E0,1.259000E3,7.476724E0,5.948522E-1,
4.750000E0,1.260000E3,7.500611E0,5.682837E-1,
4.754167E0,1.261000E3,7.519269E0,5.497222E-1,
4.758333E0,1.262000E3,7.532303E0,5.055788E-1,
4.762500E0,1.263000E3,7.556607E0,4.981851E-1,
4.766667E0,1.264000E3,7.570715E0,4.614315E-1,
4.770833E0,1.265000E3,7.578657E0,4.445886E-1,
4.775000E0,1.266000E3,7.598582E0,4.075120E-1,
4.779167E0,1.267000E3,7.607351E0,3.930384E-1,
4.783333E0,1.268000E3,7.617265E0,3.746994E-1,
4.787500E0,1.269000E3,7.619049E0,3.572518E-1,
4.791667E0,1.270000E3,7.636239E0,3.644067E-1,
4.795833E0,1.271000E3,7.633845E0,3.440406E-1,
4.800000E0,1.272000E3,7.651530E0,3.320500E-1,
4.804167E0,1.273000E3,7.645803E0,3.244009E-1,
4.808333E0,1.274000E3,7.655521E0,3.268494E-1,
4.812500E0,1.275000E3,7.652340E0,3.191212E-1,
4.816667E0,1.276000E3,7.649432E0,3.045624E-1,
4.820833E0,1.277000E3,7.665724E0,2.955902E-1,
4.825000E0,1.278000E3,7.665295E0,2.746499E-1,
4.829167E0,1.279000E3,7.679013E0,2.708919E-1,
4.833333E0,1.280000E3,7.686287E0,2.576435E-1,
4.837500E0,1.281000E3,7.711861E0,2.336616E-1,
4.841667E0,1.282000E3,7.710726E0,2.014645E-1,
4.845833E0,1.283000E3,7.725552E0,1.851777E-1,
4.850000E0,1.284000E3,7.740031E0,1.647580E-1,
4.854167E0,1.285000E3,7.766655E0,1.411102E-1,
4.858333E0,1.286000E3,7.772792E0,1.051153E-1,
4.862500E0,1.287000E3,7.787651E0,8.643839E-2,
4.866667E0,1.288000E3,7.813772E0,4.537288E-2,
4.870833E0,1.289000E3,7.826997E0,3.705573E-2,
4.875000E0,1.290000E3,7.832175E0,-5.789032E-4,
4.879167E0,1.291000E3,7.837597E0,-2.371325E-2,
4.883333E0,1.292000E3,7.863068E0,-5.667750E-2,
4.887500E0,1.293000E3,7.868740E0,-7.671993E-2,
4.891667E0,1.294000E3,7.873164E0,-1.070769E-1,
4.895833E0,1.295000E3,7.889033E0,-1.202552E-1,
4.900000E0,1.296000E3,7.894703E0,-1.287517E-1,
4.904167E0,1.297000E3,7.892976E0,-1.424696E-1,
4.908333E0,1.298000E3,7.909971E0,-1.522250E-1,
4.912500E0,1.299000E3,7.912365E0,-1.575530E-1,
4.916667E0,1.300000E3,7.922436E0,-1.630995E-1,
4.920833E0,1.301000E3,7.917015E0,-1.813928E-1,
4.925000E0,1.302000E3,7.930849E0,-1.768361E-1,
4.929167E0,1.303000E3,7.926631E0,-1.815998E-1,
4.933333E0,1.304000E3,7.930815E0,-2.084325E-1,
4.937500E0,1.305000E3,7.938400E0,-2.241354E-1,
4.941667E0,1.306000E3,7.947820E0,-2.241708E-1,
4.945833E0,1.307000E3,7.946710E0,-2.500516E-1,
4.950000E0,1.308000E3,7.969529E0,-2.627805E-1,
4.954167E0,1.309000E3,7.974673E0,-2.862496E-1,
4.958333E0,1.310000E3,7.990999E0,-3.117012E-1,
4.962500E0,1.311000E3,7.999737E0,-3.373989E-1,
4.966667E0,1.312000E3,8.014888E0,-3.597287E-1,
4.970833E0,1.313000E3,8.027482E0,-3.972258E-1,
4.975000E0,1.314000E3,8.030550E0,-4.198167E-1,
4.979167E0,1.315000E3,8.042753E0,-4.580251E-1,
4.983333E0,1.316000E3,8.063048E0,-4.895885E-1,
4.987500E0,1.317000E3,8.090494E0,-5.028039E-1,
4.991667E0,1.318000E3,8.083352E0,-5.424143E-1,
4.995833E0,1.319000E3,8.103095E0,-5.646721E-1,
5.000000E0,1.320000E3,8.116309E0,-5.883071E-1,
5.004167E0,1.321000E3,8.114875E0,-6.097349E-1,
5.008333E0,1.322000E3,8.127277E0,-6.265163E-1,
5.012500E0,1.323000E3,8.129931E0,-6.326383E-1,
5.016667E0,1.324000E3,8.147621E0,-6.492047E-1,
5.020833E0,1.325000E3,8.143372E0,-6.488585E-1,
5.025000E0,1.326000E3,8.132120E0,-6.622519E-1,
5.029167E0,1.327000E3,8.142478E0,-6.755588E-1,
5.033333E0,1.328000E3,8.139172E0,-6.893842E-1,
5.037500E0,1.329000E3,8.148941E0,-6.958121E-1,
5.041667E0,1.330000E3,8.149531E0,-7.009090E-1,
5.045833E0,1.331000E3,8.153763E0,-7.115437E-1,
5.050000E0,1.332000E3,8.174718E0,-7.259828E-1,
5.054167E0,1.333000E3,8.175900E0,-7.427942E-1,
5.058333E0,1.334000E3,8.185321E0,-7.495551E-1,
5.062500E0,1.335000E3,8.199124E0,-7.813919E-1,
5.066667E0,1.336000E3,8.212266E0,-8.071009E-1,
5.070833E0,1.337000E3,8.219088E0,-8.212210E-1,
5.075000E0,1.338000E3,8.219783E0,-8.484692E-1,
5.079167E0,1.339000E3,8.251170E0,-8.871627E-1,
5.083333E0,1.340000E3,8.262477E0,-9.091197E-1,
5.087500E0,1.341000E3,8.263844E0,-9.351993E-1,
5.091667E0,1.342000E3,8.288590E0,-9.774850E-1,
5.095833E0,1.343000E3,8.299070E0,-1.001392E0,
5.100000E0,1.344000E3,8.311911E0,-1.028186E0,
5.104167E0,1.345000E3,8.336248E0,-1.049394E0,
5.108333E0,1.346000E3,8.337358E0,-1.075380E0,
5.112500E0,1.347000E3,8.349711E0,-1.091564E0,
5.116667E0,1.348000E3,8.354659E0,-1.114812E0,
5.120833E0,1.349000E3,8.373134E0,-1.137775E0,
5.125000E0,1.350000E3,8.363916E0,-1.142264E0,
5.129167E0,1.351000E3,8.377325E0,-1.154506E0,
5.133333E0,1.352000E3,8.388283E0,-1.150643E0,
5.137500E0,1.353000E3,8.386815E0,-1.159355E0,
5.141667E0,1.354000E3,8.385949E0,-1.169101E0,
5.145833E0,1.355000E3,8.385347E0,-1.190585E0,
5.150000E0,1.356000E3,8.406381E0,-1.191051E0,
5.154167E0,1.357000E3,8.408207E0,-1.201223E0,
5.158333E0,1.358000E3,8.413079E0,-1.208837E0,
5.162500E0,1.359000E3,8.418284E0,-1.222721E0,
5.166667E0,1.360000E3,8.432548E0,-1.243479E0,
5.170833E0,1.361000E3,8.441855E0,-1.254357E0,
5.175000E0,1.362000E3,8.440859E0,-1.280170E0,
5.179167E0,1.363000E3,8.463147E0,-1.296464E0,
5.183333E0,1.364000E3,8.484375E0,-1.324601E0,
5.187500E0,1.365000E3,8.502557E0,-1.349540E0,
5.191667E0,1.366000E3,8.495463E0,-1.363620E0,
5.195833E0,1.367000E3,8.529842E0,-1.409842E0,
5.200000E0,1.368000E3,8.552381E0,-1.432161E0,
5.204167E0,1.369000E3,8.562269E0,-1.472811E0,
5.208333E0,1.370000E3,8.585826E0,-1.484348E0,
5.212500E0,1.371000E3,8.591546E0,-1.518592E0,
5.216667E0,1.372000E3,8.609950E0,-1.548848E0,
5.220833E0,1.373000E3,8.621201E0,-1.551046E0,
5.225000E0,1.374000E3,8.632514E0,-1.583725E0,
5.229167E0,1.375000E3,8.650067E0,-1.585370E0,
5.233333E0,1.376000E3,8.653839E0,-1.609001E0,
5.237500E0,1.377000E3,8.667799E0,-1.626851E0,
5.241667E0,1.378000E3,8.671191E0,-1.630403E0,
5.245833E0,1.379000E3,8.666362E0,-1.625748E0,
5.250000E0,1.380000E3,8.683237E0,-1.640641E0,
5.254167E0,1.381000E3,8.667916E0,-1.650460E0,
5.258333E0,1.382000E3,8.684569E0,-1.656015E0,
5.262500E0,1.383000E3,8.688107E0,-1.662855E0,
5.266667E0,1.384000E3,8.691829E0,-1.671575E0,
5.270833E0,1.385000E3,8.707539E0,-1.680038E0,
5.275000E0,1.386000E3,8.723368E0,-1.696838E0,
5.279167E0,1.387000E3,8.730675E0,-1.709234E0,
5.283333E0,1.388000E3,8.740045E0,-1.740643E0,
5.287500E0,1.389000E3,8.743898E0,-1.761224E0,
5.291667E0,1.390000E3,8.770099E0,-1.778090E0,
5.295833E0,1.391000E3,8.781003E0,-1.805777E0,
5.300000E0,1.392000E3,8.799685E0,-1.826340E0,
5.304167E0,1.393000E3,8.825089E0,-1.848912E0,
5.308333E0,1.394000E3,8.838936E0,-1.879636E0,
5.312500E0,1.395000E3,8.859467E0,-1.904247E0,
5.316667E0,1.396000E3,8.886693E0,-1.925596E0,
5.320833E0,1.397000E3,8.900681E0,-1.953315E0,
5.325000E0,1.398000E3,8.927969E0,-1.976625E0,
5.329167E0,1.399000E3,8.931575E0,-1.993720E0,
5.333333E0,1.400000E3,8.959401E0,-2.022139E0,
5.337500E0,1.401000E3,8.972482E0,-2.024466E0,
5.341667E0,1.402000E3,8.981095E0,-2.052559E0,
5.345833E0,1.403000E3,8.983762E0,-2.056085E0,
5.350000E0,1.404000E3,9.002938E0,-2.067886E0,
5.354167E0,1.405000E3,9.000682E0,-2.079253E0,
5.358333E0,1.406000E3,9.017699E0,-2.081428E0,
5.362500E0,1.407000E3,9.019605E0,-2.082287E0,
5.366667E0,1.408000E3,9.015735E0,-2.091888E0,
5.370833E0,1.409000E3,9.030178E0,-2.098858E0,
5.375000E0,1.410000E3,9.038419E0,-2.109708E0,
5.379167E0,1.411000E3,9.045829E0,-2.107268E0,
5.383333E0,1.412000E3,9.051684E0,-2.129002E0,
5.387500E0,1.413000E3,9.063169E0,-2.140012E0,
5.391667E0,1.414000E3,9.086665E0,-2.155591E0,
5.395833E0,1.415000E3,9.092828E0,-2.164269E0,
5.400000E0,1.416000E3,9.111945E0,-2.185382E0,
5.404167E0,1.417000E3,9.127699E0,-2.213855E0,
5.408333E0,1.418000E3,9.138435E0,-2.228094E0,
5.412500E0,1.419000E3,9.172692E0,-2.252120E0,
5.416667E0,1.420000E3,9.190458E0,-2.285645E0,
5.420833E0,1.421000E3,9.214793E0,-2.304060E0,
5.425000E0,1.422000E3,9.235515E0,-2.336546E0,
5.429167E0,1.423000E3,9.252931E0,-2.357980E0,
5.433333E0,1.424000E3,9.274155E0,-2.390933E0,
5.437500E0,1.425000E3,9.290827E0,-2.407429E0,
5.441667E0,1.426000E3,9.314964E0,-2.420794E0,
5.445833E0,1.427000E3,9.322925E0,-2.431339E0,
5.450000E0,1.428000E3,9.336490E0,-2.443367E0,
5.454167E0,1.429000E3,9.342311E0,-2.469826E0,
5.458333E0,1.430000E3,9.364249E0,-2.469701E0,
5.462500E0,1.431000E3,9.363755E0,-2.482579E0,
5.466667E0,1.432000E3,9.371990E0,-2.508181E0,
5.470833E0,1.433000E3,9.380290E0,-2.497098E0,
5.475000E0,1.434000E3,9.377897E0,-2.515571E0,
5.479167E0,1.435000E3,9.388685E0,-2.521938E0,
5.483333E0,1.436000E3,9.398596E0,-2.518642E0,
5.487500E0,1.437000E3,9.413848E0,-2.534558E0,
5.491667E0,1.438000E3,9.410723E0,-2.545310E0,
5.495833E0,1.439000E3,9.418937E0,-2.531341E0,
5.500000E0,1.440000E3,9.434128E0,-2.567039E0,
5.504167E0,1.441000E3,9.444371E0,-2.588201E0,
5.508333E0,1.442000E3,9.453065E0,-2.595869E0,
5.512500E0,1.443000E3,9.477072E0,-2.617938E0,
5.516667E0,1.444000E3,9.493857E0,-2.636863E0,
5.520833E0,1.445000E3,9.516103E0,-2.653813E0,
5.525000E0,1.446000E3,9.516612E0,-2.705554E0,
5.529167E0,1.447000E3,9.555463E0,-2.727124E0,
5.533333E0,1.448000E3,9.575876E0,-2.733528E0,
5.537500E0,1.449000E3,9.598548E0,-2.761207E0,
5.541667E0,1.450000E3,9.614702E0,-2.792474E0,
5.545833E0,1.451000E3,9.636113E0,-2.817250E0,
5.550000E0,1.452000E3,9.643417E0,-2.830194E0,
5.554167E0,1.453000E3,9.664945E0,-2.841073E0,
5.558333E0,1.454000E3,9.676269E0,-2.863758E0,
5.562500E0,1.455000E3,9.700560E0,-2.890312E0,
5.566667E0,1.456000E3,9.706744E0,-2.906224E0,
5.570833E0,1.457000E3,9.708360E0,-2.906383E0,
5.575000E0,1.458000E3,9.708125E0,-2.927148E0,
5.579167E0,1.459000E3,9.725201E0,-2.930512E0,
5.583333E0,1.460000E3,9.733053E0,-2.942894E0,
5.587500E0,1.461000E3,9.728651E0,-2.937702E0,
5.591667E0,1.462000E3,9.741225E0,-2.942634E0,
5.595833E0,1.463000E3,9.745745E0,-2.947698E0,
5.600000E0,1.464000E3,9.757901E0,-2.966863E0,
5.604167E0,1.465000E3,9.764794E0,-2.970467E0,
5.608333E0,1.466000E3,9.771837E0,-2.975633E0,
5.612500E0,1.467000E3,9.786025E0,-2.996822E0,
5.616667E0,1.468000E3,9.811553E0,-3.004099E0,
5.620833E0,1.469000E3,9.824974E0,-3.031244E0,
5.625000E0,1.470000E3,9.847012E0,-3.055610E0,
5.629167E0,1.471000E3,9.861067E0,-3.063211E0,
5.633333E0,1.472000E3,9.883103E0,-3.101205E0,
5.637500E0,1.473000E3,9.912280E0,-3.115539E0,
5.641667E0,1.474000E3,9.923438E0,-3.143770E0,
5.645833E0,1.475000E3,9.949574E0,-3.171230E0,
5.650000E0,1.476000E3,9.972214E0,-3.193964E0,
5.654167E0,1.477000E3,9.983244E0,-3.209225E0,
5.658333E0,1.478000E3,1.002277E1,-3.237495E0,
5.662500E0,1.479000E3,1.001696E1,-3.259017E0,
5.666667E0,1.480000E3,1.003391E1,-3.287578E0,
5.670833E0,1.481000E3,1.005114E1,-3.297016E0,
5.675000E0,1.482000E3,1.006974E1,-3.313433E0,
5.679167E0,1.483000E3,1.008318E1,-3.318760E0,
5.683333E0,1.484000E3,1.009644E1,-3.321430E0,
5.687500E0,1.485000E3,1.009707E1,-3.328339E0,
5.691667E0,1.486000E3,1.009438E1,-3.339375E0,
5.695833E0,1.487000E3,1.010698E1,-3.356239E0,
5.700000E0,1.488000E3,1.009964E1,-3.352925E0,
5.704167E0,1.489000E3,1.012411E1,-3.353901E0,
5.708333E0,1.490000E3,1.012022E1,-3.378348E0,
5.712500E0,1.491000E3,1.011368E1,-3.381247E0,
5.716667E0,1.492000E3,1.013546E1,-3.387072E0,
5.720833E0,1.493000E3,1.014770E1,-3.413308E0,
5.725000E0,1.494000E3,1.014846E1,-3.410419E0,
5.729167E0,1.495000E3,1.016527E1,-3.444654E0,
5.733333E0,1.496000E3,1.018099E1,-3.460496E0,
5.737500E0,1.497000E3,1.019908E1,-3.486751E0,
5.741667E0,1.498000E3,1.020831E1,-3.514888E0,
5.745833E0,1.499000E3,1.023916E1,-3.531571E0,
5.750000E0,1.500000E3,1.145327E1,-3.566676E0,
5.754167E0,1.501000E3,1.146226E1,-3.593548E0,
5.758333E0,1.502000E3,1.148922E1,-3.612727E0,
5.762500E0,1.503000E3,1.032332E1,-3.644271E0,
5.766667E0,1.504000E3,1.034452E1,-3.661817E0,
5.770833E0,1.505000E3,1.035565E1,-3.679039E0,
5.775000E0,1.506000E3,1.036676E1,-3.718133E0,
5.779167E0,1.507000E3,1.037645E1,-3.733548E0,
5.783333E0,1.508000E3,1.038214E1,-3.733046E0,
5.787500E0,1.509000E3,1.039281E1,-3.772219E0,
5.791667E0,1.510000E3,1.041910E1,-3.765729E0,
5.795833E0,1.511000E3,1.040273E1,-3.784359E0,
5.800000E0,1.512000E3,1.042450E1,-3.785683E0,
5.804167E0,1.513000E3,1.043954E1,-3.793300E0,
5.808333E0,1.514000E3,1.043698E1,-3.801553E0,
5.812500E0,1.515000E3,1.043016E1,-3.804370E0,
5.816667E0,1.516000E3,1.044196E1,-3.816860E0,
5.820833E0,1.517000E3,1.045317E1,-3.823310E0,
5.825000E0,1.518000E3,1.045016E1,-3.827843E0,
5.829167E0,1.519000E3,1.046272E1,-3.831821E0,
5.833333E0,1.520000E3,1.048048E1,-3.851163E0,
5.837500E0,1.521000E3,1.048050E1,-3.868664E0,
5.841667E0,1.522000E3,1.050054E1,-3.899391E0,
5.845833E0,1.523000E3,1.051875E1,-3.928027E0,
5.850000E0,1.524000E3,1.053400E1,-3.939554E0,
5.854167E0,1.525000E3,1.055034E1,-3.956688E0,
5.858333E0,1.526000E3,1.057168E1,-3.995990E0,
5.862500E0,1.527000E3,1.059063E1,-4.027268E0,
5.866667E0,1.528000E3,1.060958E1,-4.051354E0,
5.870833E0,1.529000E3,1.062680E1,-4.078397E0,
5.875000E0,1.530000E3,1.063843E1,-4.114314E0,
5.879167E0,1.531000E3,1.064686E1,-4.135062E0,
5.883333E0,1.532000E3,1.065945E1,-4.152410E0,
5.887500E0,1.533000E3,1.068281E1,-4.182719E0,
5.891667E0,1.534000E3,1.068552E1,-4.200945E0,
5.895833E0,1.535000E3,1.069058E1,-4.226504E0,
5.900000E0,1.536000E3,1.070746E1,-4.225621E0,
5.904167E0,1.537000E3,1.071058E1,-4.235546E0,
5.908333E0,1.538000E3,1.071993E1,-4.245073E0,
5.912500E0,1.539000E3,1.071628E1,-4.250276E0,
5.916667E0,1.540000E3,1.072737E1,-4.265014E0,
5.920833E0,1.541000E3,1.074203E1,-4.273365E0,
5.925000E0,1.542000E3,1.074058E1,-4.285034E0,
5.929167E0,1.543000E3,1.073785E1,-4.284349E0,
5.933333E0,1.544000E3,1.074651E1,-4.286194E0,
5.937500E0,1.545000E3,1.076214E1,-4.299206E0,
5.941667E0,1.546000E3,1.076667E1,-4.323478E0,
5.945833E0,1.547000E3,1.077934E1,-4.326159E0,
5.950000E0,1.548000E3,1.078028E1,-4.355221E0,
5.954167E0,1.549000E3,1.080340E1,-4.377913E0,
5.958333E0,1.550000E3,1.081685E1,-4.392777E0,
5.962500E0,1.551000E3,1.083459E1,-4.425332E0,
5.966667E0,1.552000E3,1.086491E1,-4.453385E0,
5.970833E0,1.553000E3,1.086941E1,-4.475556E0,
5.975000E0,1.554000E3,1.088833E1,-4.505203E0,
5.979167E0,1.555000E3,1.091061E1,-4.534338E0,
5.983333E0,1.556000E3,1.092224E1,-4.543601E0,
5.987500E0,1.557000E3,1.094440E1,-4.562702E0,
5.991667E0,1.558000E3,1.095787E1,-4.591813E0,
5.995833E0,1.559000E3,1.098032E1,-4.623827E0,
6.000000E0,1.560000E3,1.099056E1,-4.650375E0,
6.004167E0,1.561000E3,1.099417E1,-4.663282E0,
6.008333E0,1.562000E3,1.101165E1,-4.673845E0,
6.012500E0,1.563000E3,1.101636E1,-4.687129E0,
6.016667E0,1.564000E3,1.101695E1,-4.691013E0,
6.020833E0,1.565000E3,1.103364E1,-4.701751E0,
6.025000E0,1.566000E3,1.104922E1,-4.713607E0,
6.029167E0,1.567000E3,1.102644E1,-4.721728E0,
6.033333E0,1.568000E3,1.104757E1,-4.734050E0,
6.037500E0,1.569000E3,1.106251E1,-4.734216E0,
6.041667E0,1.570000E3,1.106491E1,-4.742261E0,
6.045833E0,1.571000E3,1.107319E1,-4.757427E0,
6.050000E0,1.572000E3,1.108285E1,-4.764463E0,
6.054167E0,1.573000E3,1.108121E1,-4.785951E0,
6.058333E0,1.574000E3,1.109691E1,-4.807806E0,
6.062500E0,1.575000E3,1.110531E1,-4.817366E0,
6.066667E0,1.576000E3,1.110492E1,-4.853000E0,
6.070833E0,1.577000E3,1.110952E1,-4.857771E0,
6.075000E0,1.578000E3,1.114564E1,-4.900414E0,
6.079167E0,1.579000E3,1.115314E1,-4.920406E0,
6.083333E0,1.580000E3,1.115911E1,-4.962591E0,
6.087500E0,1.581000E3,1.116813E1,-4.999649E0,
6.091667E0,1.582000E3,1.117760E1,-5.016132E0,
6.095833E0,1.583000E3,1.120225E1,-5.048041E0,
6.100000E0,1.584000E3,1.121140E1,-5.082081E0,
6.104167E0,1.585000E3,1.122059E1,-5.099849E0,
6.108333E0,1.586000E3,1.123426E1,-5.121824E0,
6.112500E0,1.587000E3,1.125073E1,-5.141184E0,
6.116667E0,1.588000E3,1.125808E1,-5.157616E0,
6.120833E0,1.589000E3,1.126836E1,-5.183785E0,
6.125000E0,1.590000E3,1.126462E1,-5.195467E0,
6.129167E0,1.591000E3,1.128805E1,-5.204293E0,
6.133333E0,1.592000E3,1.128629E1,-5.200545E0,
6.137500E0,1.593000E3,1.128829E1,-5.227522E0,
6.141667E0,1.594000E3,1.129348E1,-5.220372E0,
6.145833E0,1.595000E3,1.129075E1,-5.231121E0,
6.150000E0,1.596000E3,1.130226E1,-5.237378E0,
6.154167E0,1.597000E3,1.130604E1,-5.257360E0,
6.158333E0,1.598000E3,1.131178E1,-5.255424E0,
6.162500E0,1.599000E3,1.132850E1,-5.282154E0,
6.166667E0,1.600000E3,1.133300E1,-5.297299E0,
6.170833E0,1.601000E3,1.133552E1,-5.297395E0,
6.175000E0,1.602000E3,1.134398E1,-5.325199E0,
6.179167E0,1.603000E3,1.136786E1,-5.355315E0,
6.183333E0,1.604000E3,1.137580E1,-5.370497E0,
6.187500E0,1.605000E3,1.139474E1,-5.408609E0,
6.191667E0,1.606000E3,1.140976E1,-5.419833E0,
6.195833E0,1.607000E3,1.141742E1,-5.459953E0,
6.200000E0,1.608000E3,1.144673E1,-5.496256E0,
6.204167E0,1.609000E3,1.145689E1,-5.517104E0,
6.208333E0,1.610000E3,1.146990E1,-5.552110E0,
6.212500E0,1.611000E3,1.149010E1,-5.563340E0,
6.216667E0,1.612000E3,1.150044E1,-5.596417E0,
6.220833E0,1.613000E3,1.151012E1,-5.607670E0,
6.225000E0,1.614000E3,1.150847E1,-5.628971E0,
6.229167E0,1.615000E3,1.153440E1,-5.640025E0,
6.233333E0,1.616000E3,1.154932E1,-5.657762E0,
6.237500E0,1.617000E3,1.154833E1,-5.668388E0,
6.241667E0,1.618000E3,1.155355E1,-5.685945E0,
6.245833E0,1.619000E3,1.155714E1,-5.698906E0,
6.250000E0,1.620000E3,1.155938E1,-5.694552E0,
6.254167E0,1.621000E3,1.155760E1,-5.716791E0,
6.258333E0,1.622000E3,1.158671E1,-5.715827E0,
6.262500E0,1.623000E3,1.157513E1,-5.724196E0,
6.266667E0,1.624000E3,1.157945E1,-5.735696E0,
6.270833E0,1.625000E3,1.158893E1,-5.740562E0,
6.275000E0,1.626000E3,1.160709E1,-5.757093E0,
6.279167E0,1.627000E3,1.159069E1,-5.782958E0,
6.283333E0,1.628000E3,1.161564E1,-5.792939E0,
6.287500E0,1.629000E3,1.161590E1,-5.822061E0,
6.291667E0,1.630000E3,1.163255E1,-5.856625E0,
6.295833E0,1.631000E3,1.164954E1,-5.875721E0,
6.300000E0,1.632000E3,1.166093E1,-5.898024E0,
6.304167E0,1.633000E3,1.167936E1,-5.929653E0,
6.308333E0,1.634000E3,1.168949E1,-5.955159E0,
6.312500E0,1.635000E3,1.172502E1,-5.988690E0,
6.316667E0,1.636000E3,1.171952E1,-6.015857E0,
6.320833E0,1.637000E3,1.172816E1,-6.041597E0,
6.325000E0,1.638000E3,1.175365E1,-6.065229E0,
6.329167E0,1.639000E3,1.176593E1,-6.092137E0,
6.333333E0,1.640000E3,1.176568E1,-6.125933E0,
6.337500E0,1.641000E3,1.178939E1,-6.128256E0,
6.341667E0,1.642000E3,1.178920E1,-6.152807E0,
6.345833E0,1.643000E3,1.180363E1,-6.174103E0,
6.350000E0,1.644000E3,1.180698E1,-6.170552E0,
6.354167E0,1.645000E3,1.181809E1,-6.189081E0,
6.358333E0,1.646000E3,1.181417E1,-6.196748E0,
6.362500E0,1.647000E3,1.181184E1,-6.195202E0,
6.366667E0,1.648000E3,1.181766E1,-6.212613E0,
6.370833E0,1.649000E3,1.182468E1,-6.216939E0,
6.375000E0,1.650000E3,1.182598E1,-6.227397E0,
6.379167E0,1.651000E3,1.183073E1,-6.232998E0,
6.383333E0,1.652000E3,1.184190E1,-6.234303E0,
6.387500E0,1.653000E3,1.184689E1,-6.272099E0,
6.391667E0,1.654000E3,1.185230E1,-6.288073E0,
6.395833E0,1.655000E3,1.185574E1,-6.305344E0,
6.400000E0,1.656000E3,1.186645E1,-6.340924E0,
6.404167E0,1.657000E3,1.188828E1,-6.355584E0,
6.408333E0,1.658000E3,1.190589E1,-6.387039E0,
6.412500E0,1.659000E3,1.191852E1,-6.408999E0,
6.416667E0,1.660000E3,1.191898E1,-6.431240E0,
6.420833E0,1.661000E3,1.194193E1,-6.463597E0,
6.425000E0,1.662000E3,1.195695E1,-6.501617E0,
6.429167E0,1.663000E3,1.197448E1,-6.529893E0,
6.433333E0,1.664000E3,1.198330E1,-6.560132E0,
6.437500E0,1.665000E3,1.198830E1,-6.574546E0,
6.441667E0,1.666000E3,1.199587E1,-6.604090E0,
6.445833E0,1.667000E3,1.200789E1,-6.620765E0,
6.450000E0,1.668000E3,1.201818E1,-6.635649E0,
6.454167E0,1.669000E3,1.202195E1,-6.665335E0,
6.458333E0,1.670000E3,1.204062E1,-6.677252E0,
6.462500E0,1.671000E3,1.204736E1,-6.691875E0,
6.466667E0,1.672000E3,1.203697E1,-6.681071E0,
6.470833E0,1.673000E3,1.204043E1,-6.700290E0,
6.475000E0,1.674000E3,1.203480E1,-6.697139E0,
6.479167E0,1.675000E3,1.205631E1,-6.716380E0,
6.483333E0,1.676000E3,1.205539E1,-6.721469E0,
6.487500E0,1.677000E3,1.206036E1,-6.724821E0,
6.491667E0,1.678000E3,1.205759E1,-6.737838E0,
6.495833E0,1.679000E3,1.206351E1,-6.763567E0,
6.500000E0,1.680000E3,1.206998E1,-6.782735E0,
6.504167E0,1.681000E3,1.207984E1,-6.789648E0,
6.508333E0,1.682000E3,1.209391E1,-6.808228E0,
6.512500E0,1.683000E3,1.210661E1,-6.844501E0,
6.516667E0,1.684000E3,1.211034E1,-6.859219E0,
6.520833E0,1.685000E3,1.211921E1,-6.907345E0,
6.525000E0,1.686000E3,1.214796E1,-6.934367E0,
6.529167E0,1.687000E3,1.214040E1,-6.965918E0,
6.533333E0,1.688000E3,1.217186E1,-6.993556E0,
6.537500E0,1.689000E3,1.217959E1,-7.010514E0,
6.541667E0,1.690000E3,1.219778E1,-7.043636E0,
6.545833E0,1.691000E3,1.220355E1,-7.066523E0,
6.550000E0,1.692000E3,1.221914E1,-7.092580E0,
6.554167E0,1.693000E3,1.223578E1,-7.125074E0,
6.558333E0,1.694000E3,1.224078E1,-7.131086E0,
6.562500E0,1.695000E3,1.225610E1,-7.159432E0,
6.566667E0,1.696000E3,1.224975E1,-7.163375E0,
6.570833E0,1.697000E3,1.226331E1,-7.181026E0,
6.575000E0,1.698000E3,1.227127E1,-7.191699E0,
6.579167E0,1.699000E3,1.227761E1,-7.199262E0,
6.583333E0,1.700000E3,1.228486E1,-7.202444E0,
6.587500E0,1.701000E3,1.228956E1,-7.210742E0,
6.591667E0,1.702000E3,1.230545E1,-7.227111E0,
6.595833E0,1.703000E3,1.229921E1,-7.218787E0,
6.600000E0,1.704000E3,1.229526E1,-7.246921E0,
6.604167E0,1.705000E3,1.231399E1,-7.265390E0,
6.608333E0,1.706000E3,1.232306E1,-7.264315E0,
6.612500E0,1.707000E3,1.231643E1,-7.295893E0,
6.616667E0,1.708000E3,1.233198E1,-7.303075E0,
6.620833E0,1.709000E3,1.234292E1,-7.310364E0,
6.625000E0,1.710000E3,1.234384E1,-7.347127E0,
6.629167E0,1.711000E3,1.236184E1,-7.365547E0,
6.633333E0,1.712000E3,1.236476E1,-7.413711E0,
6.637500E0,1.713000E3,1.237583E1,-7.440137E0,
6.641667E0,1.714000E3,1.240585E1,-7.469790E0,
6.645833E0,1.715000E3,1.241808E1,-7.502720E0,
6.650000E0,1.716000E3,1.243602E1,-7.531020E0,
6.654167E0,1.717000E3,1.243131E1,-7.563526E0,
6.658333E0,1.718000E3,1.244688E1,-7.578810E0,
6.662500E0,1.719000E3,1.245596E1,-7.596135E0,
6.666667E0,1.720000E3,1.246866E1,-7.628056E0,
6.670833E0,1.721000E3,1.246957E1,-7.637372E0,
6.675000E0,1.722000E3,1.247257E1,-7.663029E0,
6.679167E0,1.723000E3,1.250115E1,-7.687631E0,
6.683333E0,1.724000E3,1.249709E1,-7.696213E0,
6.687500E0,1.725000E3,1.249436E1,-7.695688E0,
6.691667E0,1.726000E3,1.250296E1,-7.706802E0,
6.695833E0,1.727000E3,1.251341E1,-7.711902E0,
6.700000E0,1.728000E3,1.250821E1,-7.717265E0,
6.704167E0,1.729000E3,1.251810E1,-7.736509E0,
6.708333E0,1.730000E3,1.252273E1,-7.740900E0,
6.712500E0,1.731000E3,1.253026E1,-7.750818E0,
6.716667E0,1.732000E3,1.253776E1,-7.765041E0,
6.720833E0,1.733000E3,1.253557E1,-7.777379E0,
6.725000E0,1.734000E3,1.255153E1,-7.802930E0,
6.729167E0,1.735000E3,1.256568E1,-7.807450E0,
6.733333E0,1.736000E3,1.257792E1,-7.831686E0,
6.737500E0,1.737000E3,1.258742E1,-7.856098E0,
6.741667E0,1.738000E3,1.259393E1,-7.877520E0,
6.745833E0,1.739000E3,1.262226E1,-7.905107E0,
6.750000E0,1.740000E3,1.263585E1,-7.925096E0,
6.754167E0,1.741000E3,1.265543E1,-7.977608E0,
6.758333E0,1.742000E3,1.267137E1,-7.986030E0,
6.762500E0,1.743000E3,1.265342E1,-7.976200E0,
6.766667E0,1.744000E3,1.263312E1,-7.944204E0,
6.770833E0,1.745000E3,1.261821E1,-7.929912E0,
6.775000E0,1.746000E3,1.260370E1,-7.884367E0,
6.779167E0,1.747000E3,1.259890E1,-7.880514E0,
6.783333E0,1.748000E3,1.258167E1,-7.870226E0,
6.787500E0,1.749000E3,1.257278E1,-7.861478E0,
6.791667E0,1.750000E3,1.256861E1,-7.838043E0,
6.795833E0,1.751000E3,1.256099E1,-7.828686E0,
6.800000E0,1.752000E3,1.255067E1,-7.822339E0,
6.804167E0,1.753000E3,1.255402E1,-7.816282E0,
6.808333E0,1.754000E3,1.254477E1,-7.804214E0,
6.812500E0,1.755000E3,1.254401E1,-7.800948E0,
6.816667E0,1.756000E3,1.252887E1,-7.781267E0,
6.820833E0,1.757000E3,1.252500E1,-7.796416E0,
6.825000E0,1.758000E3,1.253817E1,-7.774142E0,
6.829167E0,1.759000E3,1.252309E1,-7.755540E0,
6.833333E0,1.760000E3,1.250822E1,-7.752251E0,
6.837500E0,1.761000E3,1.249630E1,-7.730094E0,
6.841667E0,1.762000E3,1.249942E1,-7.687110E0,
6.845833E0,1.763000E3,1.247043E1,-7.680613E0,
6.850000E0,1.764000E3,1.246462E1,-7.660624E0,
6.854167E0,1.765000E3,1.244696E1,-7.632226E0,
6.858333E0,1.766000E3,1.242445E1,-7.598941E0,
6.862500E0,1.767000E3,1.242742E1,-7.585459E0,
6.866667E0,1.768000E3,1.239998E1,-7.532477E0,
6.870833E0,1.769000E3,1.238983E1,-7.521984E0,
6.875000E0,1.770000E3,1.236993E1,-7.479086E0,
6.879167E0,1.771000E3,1.236212E1,-7.457393E0,
6.883333E0,1.772000E3,1.235033E1,-7.422671E0,
6.887500E0,1.773000E3,1.232473E1,-7.411754E0,
6.891667E0,1.774000E3,1.231846E1,-7.405206E0,
6.895833E0,1.775000E3,1.232566E1,-7.377958E0,
6.900000E0,1.776000E3,1.230719E1,-7.350648E0,
6.904167E0,1.777000E3,1.229289E1,-7.349409E0,
6.908333E0,1.778000E3,1.230162E1,-7.340656E0,
6.912500E0,1.779000E3,1.229264E1,-7.331572E0,
6.916667E0,1.780000E3,1.228817E1,-7.307388E0,
6.920833E0,1.781000E3,1.227405E1,-7.319977E0,
6.925000E0,1.782000E3,1.227972E1,-7.298401E0,
6.929167E0,1.783000E3,1.227107E1,-7.308283E0,
6.933333E0,1.784000E3,1.226906E1,-7.298544E0,
6.937500E0,1.785000E3,1.226066E1,-7.274507E0,
6.941667E0,1.786000E3,1.224893E1,-7.259146E0,
6.945833E0,1.787000E3,1.223749E1,-7.246605E0,
6.950000E0,1.788000E3,1.223230E1,-7.234932E0,
6.954167E0,1.789000E3,1.222337E1,-7.213132E0,
6.958333E0,1.790000E3,1.219862E1,-7.188582E0,
6.962500E0,1.791000E3,1.218727E1,-7.170926E0,
6.966667E0,1.792000E3,1.218317E1,-7.138872E0,
6.970833E0,1.793000E3,1.215278E1,-7.108987E0,
6.975000E0,1.794000E3,1.214114E1,-7.087845E0,
6.979167E0,1.795000E3,1.212440E1,-7.057115E0,
6.983333E0,1.796000E3,1.209405E1,-7.036053E0,
6.987500E0,1.797000E3,1.207444E1,-6.992666E0,
6.991667E0,1.798000E3,1.205843E1,-6.976695E0,
6.995833E0,1.799000E3,1.204831E1,-6.953214E0,
7.000000E0,1.800000E3,1.203799E1,-6.939731E0,
7.004167E0,1.801000E3,1.202497E1,-6.915600E0,
7.008333E0,1.802000E3,1.201485E1,-6.902968E0,
7.012500E0,1.803000E3,1.198680E1,-6.884190E0,
7.016667E0,1.804000E3,1.198887E1,-6.874207E0,
7.020833E0,1.805000E3,1.199774E1,-6.880774E0,
7.025000E0,1.806000E3,1.197683E1,-6.853411E0,
7.029167E0,1.807000E3,1.197205E1,-6.849945E0,
7.033333E0,1.808000E3,1.197414E1,-6.859889E0,
7.037500E0,1.809000E3,1.197458E1,-6.844663E0,
7.041667E0,1.810000E3,1.197022E1,-6.822930E0,
7.045833E0,1.811000E3,1.194370E1,-6.827708E0,
7.050000E0,1.812000E3,1.194199E1,-6.800134E0,
7.054167E0,1.813000E3,1.193545E1,-6.809035E0,
7.058333E0,1.814000E3,1.193100E1,-6.784175E0,
7.062500E0,1.815000E3,1.191919E1,-6.760480E0,
7.066667E0,1.816000E3,1.190180E1,-6.739350E0,
7.070833E0,1.817000E3,1.189643E1,-6.710841E0,
7.075000E0,1.818000E3,1.188804E1,-6.685041E0,
7.079167E0,1.819000E3,1.186591E1,-6.672064E0,
7.083333E0,1.820000E3,1.185509E1,-6.633054E0,
7.087500E0,1.821000E3,1.183041E1,-6.602575E0,
7.091667E0,1.822000E3,1.180863E1,-6.570369E0,
7.095833E0,1.823000E3,1.179127E1,-6.541024E0,
7.100000E0,1.824000E3,1.179060E1,-6.517770E0,
7.104167E0,1.825000E3,1.175760E1,-6.505172E0,
7.108333E0,1.826000E3,1.174248E1,-6.481141E0,
7.112500E0,1.827000E3,1.173950E1,-6.465595E0,
7.116667E0,1.828000E3,1.172391E1,-6.428461E0,
7.120833E0,1.829000E3,1.171169E1,-6.416824E0,
7.125000E0,1.830000E3,1.171304E1,-6.410308E0,
7.129167E0,1.831000E3,1.170071E1,-6.410148E0,
7.133333E0,1.832000E3,1.168477E1,-6.389072E0,
7.137500E0,1.833000E3,1.168816E1,-6.385039E0,
7.141667E0,1.834000E3,1.169232E1,-6.378384E0,
7.145833E0,1.835000E3,1.168919E1,-6.379906E0,
7.150000E0,1.836000E3,1.168356E1,-6.362425E0,
7.154167E0,1.837000E3,1.167041E1,-6.352331E0,
7.158333E0,1.838000E3,1.165950E1,-6.346517E0,
7.162500E0,1.839000E3,1.164509E1,-6.334135E0,
7.166667E0,1.840000E3,1.164633E1,-6.316388E0,
7.170833E0,1.841000E3,1.163920E1,-6.294984E0,
7.175000E0,1.842000E3,1.161943E1,-6.284935E0,
7.179167E0,1.843000E3,1.161097E1,-6.255005E0,
7.183333E0,1.844000E3,1.160406E1,-6.231862E0,
7.187500E0,1.845000E3,1.157702E1,-6.205869E0,
7.191667E0,1.846000E3,1.156241E1,-6.186455E0,
7.195833E0,1.847000E3,1.153988E1,-6.157775E0,
7.200000E0,1.848000E3,1.152182E1,-6.125838E0,
7.204167E0,1.849000E3,1.151840E1,-6.093571E0,
7.208333E0,1.850000E3,1.148849E1,-6.068120E0,
7.212500E0,1.851000E3,1.146937E1,-6.040852E0,
7.216667E0,1.852000E3,1.146075E1,-6.018208E0,
7.220833E0,1.853000E3,1.145009E1,-6.004151E0,
7.225000E0,1.854000E3,1.145216E1,-5.978067E0,
7.229167E0,1.855000E3,1.143616E1,-5.961311E0,
7.233333E0,1.856000E3,1.143321E1,-5.949628E0,
7.237500E0,1.857000E3,1.142301E1,-5.936514E0,
7.241667E0,1.858000E3,1.141127E1,-5.922800E0,
7.245833E0,1.859000E3,1.140792E1,-5.921003E0,
7.250000E0,1.860000E3,1.141390E1,-5.902905E0,
7.254167E0,1.861000E3,1.140743E1,-5.885690E0,
7.258333E0,1.862000E3,1.139857E1,-5.893028E0,
7.262500E0,1.863000E3,1.139859E1,-5.885896E0,
7.266667E0,1.864000E3,1.138602E1,-5.867865E0,
7.270833E0,1.865000E3,1.138893E1,-5.862999E0,
7.275000E0,1.866000E3,1.137726E1,-5.847192E0,
7.279167E0,1.867000E3,1.137809E1,-5.837861E0,
7.283333E0,1.868000E3,1.136226E1,-5.808603E0,
7.287500E0,1.869000E3,1.135178E1,-5.798433E0,
7.291667E0,1.870000E3,1.133570E1,-5.754676E0,
7.295833E0,1.871000E3,1.132400E1,-5.728893E0,
7.300000E0,1.872000E3,1.131289E1,-5.703725E0,
7.304167E0,1.873000E3,1.129946E1,-5.668856E0,
7.308333E0,1.874000E3,1.128290E1,-5.649829E0,
7.312500E0,1.875000E3,1.126686E1,-5.611265E0,
7.316667E0,1.876000E3,1.126159E1,-5.588111E0,
7.320833E0,1.877000E3,1.124762E1,-5.568009E0,
7.325000E0,1.878000E3,1.122484E1,-5.538515E0,
7.329167E0,1.879000E3,1.122570E1,-5.511378E0,
7.333333E0,1.880000E3,1.121817E1,-5.495917E0,
7.337500E0,1.881000E3,1.121324E1,-5.457395E0,
7.341667E0,1.882000E3,1.120628E1,-5.448002E0,
7.345833E0,1.883000E3,1.120309E1,-5.444617E0,
7.350000E0,1.884000E3,1.120284E1,-5.417606E0,
7.354167E0,1.885000E3,1.119824E1,-5.406223E0,
7.358333E0,1.886000E3,1.118808E1,-5.395474E0,
7.362500E0,1.887000E3,1.119302E1,-5.406749E0,
7.366667E0,1.888000E3,1.118380E1,-5.384901E0,
7.370833E0,1.889000E3,1.117784E1,-5.379128E0,
7.375000E0,1.890000E3,1.118701E1,-5.371626E0,
7.379167E0,1.891000E3,1.117085E1,-5.359871E0,
7.383333E0,1.892000E3,1.116897E1,-5.344105E0,
7.387500E0,1.893000E3,1.115312E1,-5.331418E0,
7.391667E0,1.894000E3,1.115282E1,-5.320169E0,
7.395833E0,1.895000E3,1.112961E1,-5.291813E0,
7.400000E0,1.896000E3,1.112061E1,-5.267940E0,
7.404167E0,1.897000E3,1.111338E1,-5.246516E0,
7.408333E0,1.898000E3,1.110500E1,-5.221934E0,
7.412500E0,1.899000E3,1.108911E1,-5.190216E0,
7.416667E0,1.900000E3,1.108410E1,-5.157312E0,
7.420833E0,1.901000E3,1.106831E1,-5.128307E0,
7.425000E0,1.902000E3,1.105550E1,-5.099896E0,
7.429167E0,1.903000E3,1.104317E1,-5.074124E0,
7.433333E0,1.904000E3,1.103625E1,-5.044286E0,
7.437500E0,1.905000E3,1.102447E1,-5.015838E0,
7.441667E0,1.906000E3,1.100264E1,-4.991659E0,
7.445833E0,1.907000E3,1.099970E1,-4.975757E0,
7.450000E0,1.908000E3,1.098727E1,-4.952156E0,
7.454167E0,1.909000E3,1.098037E1,-4.938704E0,
7.458333E0,1.910000E3,1.097427E1,-4.930826E0,
7.462500E0,1.911000E3,1.097154E1,-4.913360E0,
7.466667E0,1.912000E3,1.095065E1,-4.892217E0,
7.470833E0,1.913000E3,1.096033E1,-4.890693E0,
7.475000E0,1.914000E3,1.096008E1,-4.886850E0,
7.479167E0,1.915000E3,1.095346E1,-4.874128E0,
7.483333E0,1.916000E3,1.094028E1,-4.867072E0,
7.487500E0,1.917000E3,1.094736E1,-4.857485E0,
7.491667E0,1.918000E3,1.094081E1,-4.842336E0,
7.495833E0,1.919000E3,1.093306E1,-4.837779E0,
7.500000E0,1.920000E3,1.091404E1,-4.828061E0,
7.504167E0,1.921000E3,1.092247E1,-4.794006E0,
7.508333E0,1.922000E3,1.089943E1,-4.783362E0,
7.512500E0,1.923000E3,1.088430E1,-4.754064E0,
7.516667E0,1.924000E3,1.087403E1,-4.741454E0,
7.520833E0,1.925000E3,1.086772E1,-4.706310E0,
7.525000E0,1.926000E3,1.083763E1,-4.683797E0,
7.529167E0,1.927000E3,1.082456E1,-4.651783E0,
7.533333E0,1.928000E3,1.081518E1,-4.627690E0,
7.537500E0,1.929000E3,1.079945E1,-4.593174E0,
7.541667E0,1.930000E3,1.077707E1,-4.560455E0,
7.545833E0,1.931000E3,1.076607E1,-4.527254E0,
7.550000E0,1.932000E3,1.075895E1,-4.516315E0,
7.554167E0,1.933000E3,1.075982E1,-4.486685E0,
7.558333E0,1.934000E3,1.074378E1,-4.469584E0,
7.562500E0,1.935000E3,1.070780E1,-4.454219E0,
7.566667E0,1.936000E3,1.071760E1,-4.448723E0,
7.570833E0,1.937000E3,1.070408E1,-4.426595E0,
7.575000E0,1.938000E3,1.070558E1,-4.418758E0,
7.579167E0,1.939000E3,1.070194E1,-4.414350E0,
7.583333E0,1.940000E3,1.069185E1,-4.412886E0,
7.587500E0,1.941000E3,1.069096E1,-4.391336E0,
7.591667E0,1.942000E3,1.068529E1,-4.383931E0,
7.595833E0,1.943000E3,1.068183E1,-4.384359E0,
7.600000E0,1.944000E3,1.067971E1,-4.374523E0,
7.604167E0,1.945000E3,1.067178E1,-4.371592E0,
7.608333E0,1.946000E3,1.066296E1,-4.343394E0,
7.612500E0,1.947000E3,1.066355E1,-4.321866E0,
7.616667E0,1.948000E3,1.064738E1,-4.302151E0,
7.620833E0,1.949000E3,1.063188E1,-4.287656E0,
7.625000E0,1.950000E3,1.061768E1,-4.263996E0,
7.629167E0,1.951000E3,1.060723E1,-4.243122E0,
7.633333E0,1.952000E3,1.060047E1,-4.215515E0,
7.637500E0,1.953000E3,1.057964E1,-4.189520E0,
7.641667E0,1.954000E3,1.057331E1,-4.145765E0,
7.645833E0,1.955000E3,1.054296E1,-4.126177E0,
7.650000E0,1.956000E3,1.053393E1,-4.090156E0,
7.654167E0,1.957000E3,1.051906E1,-4.052336E0,
7.658333E0,1.958000E3,1.050605E1,-4.038286E0,
7.662500E0,1.959000E3,1.050788E1,-4.013550E0,
7.666667E0,1.960000E3,1.049723E1,-3.988962E0,
7.670833E0,1.961000E3,1.048906E1,-3.971370E0,
7.675000E0,1.962000E3,1.048361E1,-3.962789E0,
7.679167E0,1.963000E3,1.046399E1,-3.930950E0,
7.683333E0,1.964000E3,1.046152E1,-3.923454E0,
7.687500E0,1.965000E3,1.045956E1,-3.918802E0,
7.691667E0,1.966000E3,1.044651E1,-3.916496E0,
7.695833E0,1.967000E3,1.044762E1,-3.904451E0,
7.700000E0,1.968000E3,1.044898E1,-3.895902E0,
7.704167E0,1.969000E3,1.044803E1,-3.886455E0,
7.708333E0,1.970000E3,1.044011E1,-3.865992E0,
7.712500E0,1.971000E3,1.043221E1,-3.865839E0,
7.716667E0,1.972000E3,1.041938E1,-3.855795E0,
7.720833E0,1.973000E3,1.041322E1,-3.838815E0,
7.725000E0,1.974000E3,1.040965E1,-3.821150E0,
7.729167E0,1.975000E3,1.039693E1,-3.807850E0,
7.733333E0,1.976000E3,1.038347E1,-3.785492E0,
7.737500E0,1.977000E3,1.037414E1,-3.763082E0,
7.741667E0,1.978000E3,1.036110E1,-3.726690E0,
7.745833E0,1.979000E3,1.033500E1,-3.718136E0,
7.750000E0,1.980000E3,1.032033E1,-3.678883E0,
7.754167E0,1.981000E3,1.030096E1,-3.649135E0,
7.758333E0,1.982000E3,1.028389E1,-3.617306E0,
7.762500E0,1.983000E3,1.026483E1,-3.603247E0,
7.766667E0,1.984000E3,1.023840E1,-3.578907E0,
7.770833E0,1.985000E3,1.022622E1,-3.549456E0,
7.775000E0,1.986000E3,1.021464E1,-3.526997E0,
7.779167E0,1.987000E3,1.020150E1,-3.497872E0,
7.783333E0,1.988000E3,1.019145E1,-3.490736E0,
7.787500E0,1.989000E3,1.017755E1,-3.468361E0,
7.791667E0,1.990000E3,1.017184E1,-3.463138E0,
7.795833E0,1.991000E3,1.016849E1,-3.450019E0,
7.800000E0,1.992000E3,1.016791E1,-3.435967E0,
7.804167E0,1.993000E3,1.016081E1,-3.435675E0,
7.808333E0,1.994000E3,1.015773E1,-3.437422E0,
7.812500E0,1.995000E3,1.014815E1,-3.420044E0,
7.816667E0,1.996000E3,1.014066E1,-3.421486E0,
7.820833E0,1.997000E3,1.014548E1,-3.408207E0,
7.825000E0,1.998000E3,1.014011E1,-3.389998E0,
7.829167E0,1.999000E3,1.013251E1,-3.390321E0,
7.833333E0,2.000000E3,1.011214E1,-3.368127E0,
7.837500E0,2.001000E3,1.009934E1,-3.352122E0,
7.841667E0,2.002000E3,1.010317E1,-3.330609E0,
7.845833E0,2.003000E3,1.008563E1,-3.309130E0,
7.850000E0,2.004000E3,1.006758E1,-3.277205E0,
7.854167E0,2.005000E3,1.004934E1,-3.237933E0,
7.858333E0,2.006000E3,1.002477E1,-3.225285E0,
7.862500E0,2.007000E3,1.002655E1,-3.198137E0,
7.866667E0,2.008000E3,1.000376E1,-3.168380E0,
7.870833E0,2.009000E3,9.992670E0,-3.139525E0,
7.875000E0,2.010000E3,9.981278E0,-3.114789E0,
7.879167E0,2.011000E3,9.954916E0,-3.073490E0,
7.883333E0,2.012000E3,9.937656E0,-3.058684E0,
7.887500E0,2.013000E3,9.936291E0,-3.040302E0,
7.891667E0,2.014000E3,9.926759E0,-3.014731E0,
7.895833E0,2.015000E3,9.908984E0,-3.004628E0,
7.900000E0,2.016000E3,9.901260E0,-2.982187E0,
7.904167E0,2.017000E3,9.890055E0,-2.981916E0,
7.908333E0,2.018000E3,9.900442E0,-2.973765E0,
7.912500E0,2.019000E3,9.897541E0,-2.956040E0,
7.916667E0,2.020000E3,9.887496E0,-2.940544E0,
7.920833E0,2.021000E3,9.887591E0,-2.951745E0,
7.925000E0,2.022000E3,9.876478E0,-2.950676E0,
7.929167E0,2.023000E3,9.871345E0,-2.925992E0,
7.933333E0,2.024000E3,9.871916E0,-2.909294E0,
7.937500E0,2.025000E3,9.861843E0,-2.896738E0,
7.941667E0,2.026000E3,9.861009E0,-2.891371E0,
7.945833E0,2.027000E3,9.856709E0,-2.876068E0,
7.950000E0,2.028000E3,9.839670E0,-2.851253E0,
7.954167E0,2.029000E3,9.835054E0,-2.830713E0,
7.958333E0,2.030000E3,9.825018E0,-2.806508E0,
7.962500E0,2.031000E3,9.803201E0,-2.775081E0,
7.966667E0,2.032000E3,9.791330E0,-2.747819E0,
7.970833E0,2.033000E3,9.776919E0,-2.721874E0,
7.975000E0,2.034000E3,9.760423E0,-2.693385E0,
7.979167E0,2.035000E3,9.742978E0,-2.661436E0,
7.983333E0,2.036000E3,9.726828E0,-2.635482E0,
7.987500E0,2.037000E3,9.707998E0,-2.618828E0,
7.991667E0,2.038000E3,9.699990E0,-2.577724E0,
7.995833E0,2.039000E3,9.681939E0,-2.565589E0,
8.000000E0,2.040000E3,9.677993E0,-2.524383E0,
8.004167E0,2.041000E3,9.654734E0,-2.522876E0,
8.008333E0,2.042000E3,9.643869E0,-2.513106E0,
8.012500E0,2.043000E3,9.642688E0,-2.486481E0,
8.016667E0,2.044000E3,9.633579E0,-2.483870E0,
8.020833E0,2.045000E3,9.633890E0,-2.477866E0,
8.025000E0,2.046000E3,9.625415E0,-2.461910E0,
8.029167E0,2.047000E3,9.639521E0,-2.460422E0,
8.033333E0,2.048000E3,9.615897E0,-2.441318E0,
8.037500E0,2.049000E3,9.616196E0,-2.437060E0,
8.041667E0,2.050000E3,9.614777E0,-2.418845E0,
8.045833E0,2.051000E3,9.598858E0,-2.423556E0,
8.050000E0,2.052000E3,9.611323E0,-2.409490E0,
8.054167E0,2.053000E3,9.611420E0,-2.397266E0,
8.058333E0,2.054000E3,9.585495E0,-2.380144E0,
8.062500E0,2.055000E3,9.579190E0,-2.360917E0,
8.066667E0,2.056000E3,9.579984E0,-2.333900E0,
8.070833E0,2.057000E3,9.571305E0,-2.293502E0,
8.075000E0,2.058000E3,9.561089E0,-2.263753E0,
8.079167E0,2.059000E3,9.544846E0,-2.236928E0,
8.083333E0,2.060000E3,9.533546E0,-2.213469E0,
8.087500E0,2.061000E3,9.524592E0,-2.184388E0,
8.091667E0,2.062000E3,9.512320E0,-2.146350E0,
8.095833E0,2.063000E3,9.502966E0,-2.118409E0,
8.100000E0,2.064000E3,9.487778E0,-2.093486E0,
8.104167E0,2.065000E3,9.482975E0,-2.066289E0,
8.108333E0,2.066000E3,9.466071E0,-2.051127E0,
8.112500E0,2.067000E3,9.453425E0,-2.032758E0,
8.116667E0,2.068000E3,9.449089E0,-2.009687E0,
8.120833E0,2.069000E3,9.440503E0,-2.000496E0,
8.125000E0,2.070000E3,9.430888E0,-1.995641E0,
8.129167E0,2.071000E3,9.419859E0,-1.967945E0,
8.133333E0,2.072000E3,9.419745E0,-1.959046E0,
8.137500E0,2.073000E3,9.415294E0,-1.957881E0,
8.141667E0,2.074000E3,9.415279E0,-1.942381E0,
8.145833E0,2.075000E3,9.409355E0,-1.933817E0,
8.150000E0,2.076000E3,9.407433E0,-1.919156E0,
8.154167E0,2.077000E3,9.398560E0,-1.917278E0,
8.158333E0,2.078000E3,9.395033E0,-1.912037E0,
8.162500E0,2.079000E3,9.383617E0,-1.899603E0,
8.166667E0,2.080000E3,9.373062E0,-1.876337E0,
8.170833E0,2.081000E3,9.359775E0,-1.868388E0,
8.175000E0,2.082000E3,9.353060E0,-1.841039E0,
8.179167E0,2.083000E3,9.337091E0,-1.828039E0,
8.183333E0,2.084000E3,9.322217E0,-1.793323E0,
8.187500E0,2.085000E3,9.309154E0,-1.764981E0,
8.191667E0,2.086000E3,9.295059E0,-1.735492E0,
8.195833E0,2.087000E3,9.270198E0,-1.712318E0,
8.200000E0,2.088000E3,9.245972E0,-1.679455E0,
8.204167E0,2.089000E3,9.234068E0,-1.657810E0,
8.208333E0,2.090000E3,9.225146E0,-1.631246E0,
8.212500E0,2.091000E3,9.208035E0,-1.593891E0,
8.216667E0,2.092000E3,9.194032E0,-1.576035E0,
8.220833E0,2.093000E3,9.177516E0,-1.558032E0,
8.225000E0,2.094000E3,9.160078E0,-1.538568E0,
8.229167E0,2.095000E3,9.171173E0,-1.517926E0,
8.233333E0,2.096000E3,9.149266E0,-1.505184E0,
8.237500E0,2.097000E3,9.144524E0,-1.500963E0,
8.241667E0,2.098000E3,9.150628E0,-1.475316E0,
8.245833E0,2.099000E3,9.139602E0,-1.476362E0,
8.250000E0,2.100000E3,9.139857E0,-1.457277E0,
8.254167E0,2.101000E3,9.129161E0,-1.452320E0,
8.258333E0,2.102000E3,9.128737E0,-1.452398E0,
8.262500E0,2.103000E3,9.125703E0,-1.439651E0,
8.266667E0,2.104000E3,9.109951E0,-1.444102E0,
8.270833E0,2.105000E3,9.118292E0,-1.421829E0,
8.275000E0,2.106000E3,9.100089E0,-1.405408E0,
8.279167E0,2.107000E3,9.091146E0,-1.382489E0,
8.283333E0,2.108000E3,9.093251E0,-1.372550E0,
8.287500E0,2.109000E3,9.080683E0,-1.336879E0,
8.291667E0,2.110000E3,9.062404E0,-1.326180E0,
8.295833E0,2.111000E3,9.058857E0,-1.292061E0,
8.300000E0,2.112000E3,9.025880E0,-1.261549E0,
8.304167E0,2.113000E3,9.011105E0,-1.241842E0,
8.308333E0,2.114000E3,9.016900E0,-1.201793E0,
8.312500E0,2.115000E3,8.986534E0,-1.177421E0,
8.316667E0,2.116000E3,8.973873E0,-1.145768E0,
8.320833E0,2.117000E3,8.965320E0,-1.130508E0,
8.325000E0,2.118000E3,8.951483E0,-1.104713E0,
8.329167E0,2.119000E3,8.940172E0,-1.065425E0,
8.333333E0,2.120000E3,8.932178E0,-1.045382E0,
8.337500E0,2.121000E3,8.913708E0,-1.027209E0,
8.341667E0,2.122000E3,8.906654E0,-1.016550E0,
8.345833E0,2.123000E3,8.907593E0,-1.000848E0,
8.350000E0,2.124000E3,8.905996E0,-9.939461E-1,
8.354167E0,2.125000E3,8.895971E0,-9.846905E-1,
8.358333E0,2.126000E3,8.881468E0,-9.781246E-1,
8.362500E0,2.127000E3,8.885163E0,-9.714282E-1,
8.366667E0,2.128000E3,8.880490E0,-9.577374E-1,
8.370833E0,2.129000E3,8.891198E0,-9.492057E-1,
8.375000E0,2.130000E3,8.880603E0,-9.445933E-1,
8.379167E0,2.131000E3,8.875664E0,-9.318693E-1,
8.383333E0,2.132000E3,8.869166E0,-9.046836E-1,
8.387500E0,2.133000E3,8.865203E0,-8.956858E-1,
8.391667E0,2.134000E3,8.850069E0,-8.769736E-1,
8.395833E0,2.135000E3,8.852015E0,-8.482868E-1,
8.400000E0,2.136000E3,8.844711E0,-8.341860E-1,
8.404167E0,2.137000E3,8.839079E0,-8.037777E-1,
8.408333E0,2.138000E3,8.822992E0,-7.666413E-1,
8.412500E0,2.139000E3,8.806920E0,-7.507828E-1,
8.416667E0,2.140000E3,8.806305E0,-7.183547E-1,
8.420833E0,2.141000E3,8.786551E0,-6.774148E-1,
8.425000E0,2.142000E3,8.784195E0,-6.579491E-1,
8.429167E0,2.143000E3,8.775145E0,-6.147084E-1,
8.433333E0,2.144000E3,8.765240E0,-6.026615E-1,
8.437500E0,2.145000E3,8.748537E0,-5.729994E-1,
8.441667E0,2.146000E3,8.748729E0,-5.405610E-1,
8.445833E0,2.147000E3,8.747468E0,-5.271302E-1,
8.450000E0,2.148000E3,8.722293E0,-5.064334E-1,
8.454167E0,2.149000E3,8.722776E0,-4.806482E-1,
8.458333E0,2.150000E3,8.716637E0,-4.826228E-1,
8.462500E0,2.151000E3,8.717912E0,-4.638291E-1,
8.466667E0,2.152000E3,8.712299E0,-4.549677E-1,
8.470833E0,2.153000E3,8.706456E0,-4.459775E-1,
8.475000E0,2.154000E3,8.716077E0,-4.276697E-1,
8.479167E0,2.155000E3,8.704258E0,-4.396694E-1,
8.483333E0,2.156000E3,8.702296E0,-4.228133E-1,
8.487500E0,2.157000E3,8.691213E0,-4.200818E-1,
8.491667E0,2.158000E3,8.687293E0,-3.924301E-1,
8.495833E0,2.159000E3,8.679703E0,-3.847723E-1,
8.500000E0,2.160000E3,8.667900E0,-3.673206E-1,
8.504167E0,2.161000E3,8.681863E0,-3.506853E-1,
8.508333E0,2.162000E3,8.669438E0,-3.368582E-1,
8.512500E0,2.163000E3,8.661319E0,-3.097708E-1,
8.516667E0,2.164000E3,8.654021E0,-2.723748E-1,
8.520833E0,2.165000E3,8.634347E0,-2.478523E-1,
8.525000E0,2.166000E3,8.622919E0,-2.155067E-1,
8.529167E0,2.167000E3,8.604393E0,-1.865004E-1,
8.533333E0,2.168000E3,8.597997E0,-1.644173E-1,
8.537500E0,2.169000E3,8.574759E0,-1.241743E-1,
8.541667E0,2.170000E3,8.558475E0,-9.697194E-2,
8.545833E0,2.171000E3,8.545326E0,-5.946682E-2,
8.550000E0,2.172000E3,8.538806E0,-3.763068E-2,
8.554167E0,2.173000E3,8.536804E0,-1.981512E-2,
8.558333E0,2.174000E3,8.528014E0,-3.374787E-3,
8.562500E0,2.175000E3,8.521191E0,7.189661E-3,
8.566667E0,2.176000E3,8.518087E0,3.336957E-2,
8.570833E0,2.177000E3,8.507421E0,4.128013E-2,
8.575000E0,2.178000E3,8.498988E0,5.089518E-2,
8.579167E0,2.179000E3,8.498413E0,5.942737E-2,
8.583333E0,2.180000E3,8.504326E0,6.687664E-2,
8.587500E0,2.181000E3,8.487664E0,7.534768E-2,
8.591667E0,2.182000E3,8.486749E0,8.583755E-2,
8.595833E0,2.183000E3,8.493498E0,8.598361E-2,
8.600000E0,2.184000E3,8.482316E0,1.130309E-1,
8.604167E0,2.185000E3,8.469098E0,1.152469E-1,
8.608333E0,2.186000E3,8.467047E0,1.257024E-1,
8.612500E0,2.187000E3,8.464341E0,1.490198E-1,
8.616667E0,2.188000E3,8.458577E0,1.670078E-1,
8.620833E0,2.189000E3,8.446397E0,1.944570E-1,
8.625000E0,2.190000E3,8.431416E0,2.149154E-1,
8.629167E0,2.191000E3,8.422965E0,2.442680E-1,
8.633333E0,2.192000E3,8.417410E0,2.704350E-1,
8.637500E0,2.193000E3,8.399117E0,3.073064E-1,
8.641667E0,2.194000E3,8.374952E0,3.286272E-1,
8.645833E0,2.195000E3,8.360344E0,3.579594E-1,
8.650000E0,2.196000E3,8.348692E0,3.910109E-1,
8.654167E0,2.197000E3,8.343804E0,4.228719E-1,
8.658333E0,2.198000E3,8.328284E0,4.360276E-1,
8.662500E0,2.199000E3,8.311440E0,4.606868E-1,
8.666667E0,2.200000E3,8.305036E0,4.880529E-1,
8.670833E0,2.201000E3,8.287288E0,5.148799E-1,
8.675000E0,2.202000E3,8.278834E0,5.288308E-1,
8.679167E0,2.203000E3,8.274736E0,5.345048E-1,
8.683333E0,2.204000E3,8.271794E0,5.376900E-1,
8.687500E0,2.205000E3,8.247092E0,5.686515E-1,
8.691667E0,2.206000E3,8.267094E0,5.563320E-1,
8.695833E0,2.207000E3,8.260375E0,5.746939E-1,
8.700000E0,2.208000E3,8.247878E0,5.723890E-1,
8.704167E0,2.209000E3,8.249057E0,5.840439E-1,
8.708333E0,2.210000E3,8.246367E0,6.010370E-1,
8.712500E0,2.211000E3,8.234196E0,6.041715E-1,
8.716667E0,2.212000E3,8.233239E0,6.192671E-1,
8.720833E0,2.213000E3,8.230949E0,6.350461E-1,
8.725000E0,2.214000E3,8.218600E0,6.542537E-1,
8.729167E0,2.215000E3,8.209124E0,6.900590E-1,
8.733333E0,2.216000E3,8.201716E0,6.991132E-1,
8.737500E0,2.217000E3,8.197057E0,7.220575E-1,
8.741667E0,2.218000E3,8.180364E0,7.645623E-1,
8.745833E0,2.219000E3,8.171228E0,7.748108E-1,
8.750000E0,2.220000E3,8.156350E0,8.212179E-1,
8.754167E0,2.221000E3,8.145053E0,8.588984E-1,
8.758333E0,2.222000E3,8.144908E0,8.879814E-1,
8.762500E0,2.223000E3,8.130454E0,9.149096E-1,
8.766667E0,2.224000E3,8.116222E0,9.354669E-1,
8.770833E0,2.225000E3,8.120365E0,9.706736E-1,
8.775000E0,2.226000E3,8.096058E0,9.842542E-1,
8.779167E0,2.227000E3,8.099240E0,1.006470E0,
8.783333E0,2.228000E3,8.093706E0,1.044418E0,
8.787500E0,2.229000E3,8.096631E0,1.055203E0,
8.791667E0,2.230000E3,8.075761E0,1.070290E0,
8.795833E0,2.231000E3,8.073394E0,1.064872E0,
8.800000E0,2.232000E3,8.062995E0,1.080724E0,
8.804167E0,2.233000E3,8.065023E0,1.090857E0,
8.808333E0,2.234000E3,8.069246E0,1.092280E0,
8.812500E0,2.235000E3,8.067862E0,1.112342E0,
8.816667E0,2.236000E3,8.057931E0,1.111137E0,
8.820833E0,2.237000E3,8.052509E0,1.121122E0,
8.825000E0,2.238000E3,8.054488E0,1.143086E0,
8.829167E0,2.239000E3,8.036668E0,1.160741E0,
8.833333E0,2.240000E3,8.043692E0,1.158880E0,
8.837500E0,2.241000E3,8.026364E0,1.174279E0,
8.841667E0,2.242000E3,8.011411E0,1.203687E0,
8.845833E0,2.243000E3,8.014077E0,1.236471E0,
8.850000E0,2.244000E3,8.004745E0,1.262868E0,
8.854167E0,2.245000E3,7.982562E0,1.288450E0,
8.858333E0,2.246000E3,7.988872E0,1.314838E0,
8.862500E0,2.247000E3,7.970554E0,1.346179E0,
8.866667E0,2.248000E3,7.944683E0,1.372660E0,
8.870833E0,2.249000E3,7.945270E0,1.416599E0,
8.875000E0,2.250000E3,7.929192E0,1.444962E0,
8.879167E0,2.251000E3,7.914316E0,1.467613E0,
8.883333E0,2.252000E3,7.914719E0,1.509166E0,
8.887500E0,2.253000E3,7.909434E0,1.521582E0,
8.891667E0,2.254000E3,7.896455E0,1.541892E0,
8.895833E0,2.255000E3,7.893191E0,1.547992E0,
8.900000E0,2.256000E3,7.887792E0,1.580243E0,
8.904167E0,2.257000E3,7.880955E0,1.567166E0,
8.908333E0,2.258000E3,7.873642E0,1.598642E0,
8.912500E0,2.259000E3,7.873436E0,1.608333E0,
8.916667E0,2.260000E3,7.877385E0,1.608183E0,
8.920833E0,2.261000E3,7.873848E0,1.606892E0,
8.925000E0,2.262000E3,7.868828E0,1.629646E0,
8.929167E0,2.263000E3,7.866722E0,1.642363E0,
8.933333E0,2.264000E3,7.854262E0,1.639388E0,
8.937500E0,2.265000E3,7.844525E0,1.664340E0,
8.941667E0,2.266000E3,7.833968E0,1.681191E0,
8.945833E0,2.267000E3,7.840526E0,1.699903E0,
8.950000E0,2.268000E3,7.829097E0,1.718199E0,
8.954167E0,2.269000E3,7.813059E0,1.721094E0,
8.958333E0,2.270000E3,7.804309E0,1.764336E0,
8.962500E0,2.271000E3,7.796029E0,1.780382E0,
8.966667E0,2.272000E3,7.780346E0,1.817176E0,
8.970833E0,2.273000E3,7.768685E0,1.844550E0,
8.975000E0,2.274000E3,7.760686E0,1.886343E0,
8.979167E0,2.275000E3,7.739178E0,1.909049E0,
8.983333E0,2.276000E3,7.725800E0,1.943923E0,
8.987500E0,2.277000E3,7.726125E0,1.970262E0,
8.991667E0,2.278000E3,7.712087E0,1.998496E0,
8.995833E0,2.279000E3,7.704323E0,2.024100E0,
9.000000E0,2.280000E3,7.703226E0,2.042526E0,
9.004167E0,2.281000E3,7.690699E0,2.054998E0,
9.008333E0,2.282000E3,7.689034E0,2.079931E0,
9.012500E0,2.283000E3,7.678371E0,2.089185E0,
9.016667E0,2.284000E3,7.682824E0,2.102667E0,
9.020833E0,2.285000E3,7.663315E0,2.114076E0,
9.025000E0,2.286000E3,7.666452E0,2.122526E0,
9.029167E0,2.287000E3,7.659553E0,2.129078E0,
9.033333E0,2.288000E3,7.653628E0,2.155678E0,
9.037500E0,2.289000E3,7.655952E0,2.161366E0,
9.041667E0,2.290000E3,7.649214E0,2.161897E0,
9.045833E0,2.291000E3,7.642345E0,2.157445E0,
9.050000E0,2.292000E3,7.634154E0,2.166277E0,
9.054167E0,2.293000E3,7.615004E0,2.188466E0,
9.058333E0,2.294000E3,7.616143E0,2.206855E0,
9.062500E0,2.295000E3,7.591944E0,2.229645E0,
9.066667E0,2.296000E3,7.607064E0,2.248630E0,
9.070833E0,2.297000E3,7.597619E0,2.280711E0,
9.075000E0,2.298000E3,7.566763E0,2.305336E0,
9.079167E0,2.299000E3,7.563291E0,2.330323E0,
9.083333E0,2.300000E3,7.525323E0,2.367193E0,
9.087500E0,2.301000E3,7.516903E0,2.395662E0,
9.091667E0,2.302000E3,7.503334E0,2.418784E0,
9.095833E0,2.303000E3,7.483879E0,2.442265E0,
9.100000E0,2.304000E3,7.467335E0,2.479421E0,
9.104167E0,2.305000E3,7.459885E0,2.508494E0,
9.108333E0,2.306000E3,7.451923E0,2.519520E0,
9.112500E0,2.307000E3,7.447955E0,2.538842E0,
9.116667E0,2.308000E3,7.432613E0,2.553190E0,
9.120833E0,2.309000E3,7.427642E0,2.564863E0,
9.125000E0,2.310000E3,7.406430E0,2.577345E0,
9.129167E0,2.311000E3,7.399749E0,2.598655E0,
9.133333E0,2.312000E3,7.403993E0,2.606199E0,
9.137500E0,2.313000E3,7.401627E0,2.606395E0,
9.141667E0,2.314000E3,7.391688E0,2.621311E0,
9.145833E0,2.315000E3,7.388837E0,2.628417E0,
9.150000E0,2.316000E3,7.389342E0,2.631754E0,
9.154167E0,2.317000E3,7.390383E0,2.649711E0,
9.158333E0,2.318000E3,7.384969E0,2.660886E0,
9.162500E0,2.319000E3,7.360972E0,2.671424E0,
9.166667E0,2.320000E3,7.352072E0,2.693634E0,
9.170833E0,2.321000E3,7.343830E0,2.702938E0,
9.175000E0,2.322000E3,7.336156E0,2.722640E0,
9.179167E0,2.323000E3,7.314920E0,2.740394E0,
9.183333E0,2.324000E3,7.302699E0,2.770933E0,
9.187500E0,2.325000E3,7.283806E0,2.798707E0,
9.191667E0,2.326000E3,7.270316E0,2.823100E0,
9.195833E0,2.327000E3,7.249208E0,2.850789E0,
9.200000E0,2.328000E3,7.235362E0,2.873858E0,
9.204167E0,2.329000E3,7.216868E0,2.910638E0,
9.208333E0,2.330000E3,7.190922E0,2.930833E0,
9.212500E0,2.331000E3,7.185673E0,2.958847E0,
9.216667E0,2.332000E3,7.165321E0,2.967917E0,
9.220833E0,2.333000E3,7.152261E0,3.000563E0,
9.225000E0,2.334000E3,7.147122E0,3.012691E0,
9.229167E0,2.335000E3,7.132480E0,3.028585E0,
9.233333E0,2.336000E3,7.117794E0,3.041253E0,
9.237500E0,2.337000E3,7.110347E0,3.047928E0,
9.241667E0,2.338000E3,7.105233E0,3.054112E0,
9.245833E0,2.339000E3,7.085977E0,3.077067E0,
9.250000E0,2.340000E3,7.087266E0,3.079806E0,
9.254167E0,2.341000E3,7.088032E0,3.082114E0,
9.258333E0,2.342000E3,7.082329E0,3.093679E0,
9.262500E0,2.343000E3,7.067422E0,3.098196E0,
9.266667E0,2.344000E3,7.066423E0,3.102313E0,
9.270833E0,2.345000E3,7.065299E0,3.118288E0,
9.275000E0,2.346000E3,7.056247E0,3.135753E0,
9.279167E0,2.347000E3,7.038298E0,3.151284E0,
9.283333E0,2.348000E3,7.018216E0,3.158241E0,
9.287500E0,2.349000E3,7.000895E0,3.187485E0,
9.291667E0,2.350000E3,6.986205E0,3.188742E0,
9.295833E0,2.351000E3,6.961158E0,3.223810E0,
9.300000E0,2.352000E3,6.943386E0,3.251861E0,
9.304167E0,2.353000E3,6.911441E0,3.274821E0,
9.308333E0,2.354000E3,6.909831E0,3.296349E0,
9.312500E0,2.355000E3,6.880467E0,3.303931E0,
9.316667E0,2.356000E3,6.861525E0,3.337809E0,
9.320833E0,2.357000E3,6.828145E0,3.358506E0,
9.325000E0,2.358000E3,6.815712E0,3.387585E0,
9.329167E0,2.359000E3,6.802043E0,3.413239E0,
9.333333E0,2.360000E3,6.786737E0,3.426128E0,
9.337500E0,2.361000E3,6.772345E0,3.434861E0,
9.341667E0,2.362000E3,6.754353E0,3.438994E0,
9.345833E0,2.363000E3,6.750964E0,3.477424E0,
9.350000E0,2.364000E3,6.734946E0,3.475353E0,
9.354167E0,2.365000E3,6.740443E0,3.465891E0,
9.358333E0,2.366000E3,6.722640E0,3.474228E0,
9.362500E0,2.367000E3,6.723506E0,3.492951E0,
9.366667E0,2.368000E3,6.715821E0,3.492960E0,
9.370833E0,2.369000E3,6.701914E0,3.505878E0,
9.375000E0,2.370000E3,6.701171E0,3.508530E0,
9.379167E0,2.371000E3,6.696302E0,3.524761E0,
9.383333E0,2.372000E3,6.681290E0,3.534436E0,
9.387500E0,2.373000E3,6.665822E0,3.543148E0,
9.391667E0,2.374000E3,6.654865E0,3.537535E0,
9.395833E0,2.375000E3,6.638442E0,3.581087E0,
9.400000E0,2.376000E3,6.608916E0,3.591258E0,
9.404167E0,2.377000E3,6.583421E0,3.622503E0,
9.408333E0,2.378000E3,6.570259E0,3.623401E0,
9.412500E0,2.379000E3,6.545611E0,3.650707E0,
9.416667E0,2.380000E3,6.529244E0,3.674089E0,
9.420833E0,2.381000E3,6.502244E0,3.697527E0,
9.425000E0,2.382000E3,6.469579E0,3.722963E0,
9.429167E0,2.383000E3,6.450745E0,3.735631E0,
9.433333E0,2.384000E3,6.424871E0,3.763727E0,
9.437500E0,2.385000E3,6.409589E0,3.766009E0,
9.441667E0,2.386000E3,6.386154E0,3.769893E0,
9.445833E0,2.387000E3,6.354274E0,3.796353E0,
9.450000E0,2.388000E3,6.347573E0,3.802686E0,
9.454167E0,2.389000E3,6.336496E0,3.820101E0,
9.458333E0,2.390000E3,6.323616E0,3.829023E0,
9.462500E0,2.391000E3,6.315670E0,3.832809E0,
9.466667E0,2.392000E3,6.296260E0,3.833824E0,
9.470833E0,2.393000E3,6.298758E0,3.850969E0,
9.475000E0,2.394000E3,6.290774E0,3.854421E0,
9.479167E0,2.395000E3,6.282690E0,3.854880E0,
9.483333E0,2.396000E3,6.282244E0,3.871668E0,
9.487500E0,2.397000E3,6.267077E0,3.877538E0,
9.491667E0,2.398000E3,6.258102E0,3.890517E0,
9.495833E0,2.399000E3,6.257424E0,3.890836E0,
9.500000E0,2.400000E3,6.246839E0,3.889167E0,
9.504167E0,2.401000E3,6.228635E0,3.912372E0,
9.508333E0,2.402000E3,6.210643E0,3.930070E0,
9.512500E0,2.403000E3,6.194944E0,3.953879E0,
9.516667E0,2.404000E3,6.174825E0,3.968922E0,
9.520833E0,2.405000E3,6.146450E0,3.989171E0,
9.525000E0,2.406000E3,6.122209E0,4.027423E0,
9.529167E0,2.407000E3,6.097055E0,4.044666E0,
9.533333E0,2.408000E3,6.086307E0,4.072935E0,
9.537500E0,2.409000E3,6.062398E0,4.106190E0,
9.541667E0,2.410000E3,6.045122E0,4.122957E0,
9.545833E0,2.411000E3,6.026216E0,4.146240E0,
9.550000E0,2.412000E3,6.007500E0,4.158329E0,
9.554167E0,2.413000E3,5.988517E0,4.186044E0,
9.558333E0,2.414000E3,5.969962E0,4.195622E0,
9.562500E0,2.415000E3,5.960680E0,4.206625E0,
9.566667E0,2.416000E3,5.949249E0,4.225096E0,
9.570833E0,2.417000E3,5.939956E0,4.226883E0,
9.575000E0,2.418000E3,5.925680E0,4.241766E0,
9.579167E0,2.419000E3,5.922477E0,4.244637E0,
9.583333E0,2.420000E3,5.904121E0,4.248855E0,
9.587500E0,2.421000E3,5.913130E0,4.257336E0,
9.591667E0,2.422000E3,5.908186E0,4.260900E0,
9.595833E0,2.423000E3,5.895288E0,4.272756E0,
9.600000E0,2.424000E3,5.888063E0,4.276174E0,
9.604167E0,2.425000E3,5.869526E0,4.284292E0,
9.608333E0,2.426000E3,5.873736E0,4.289770E0,
9.612500E0,2.427000E3,5.833443E0,4.307698E0,
9.616667E0,2.428000E3,5.836827E0,4.319671E0,
9.620833E0,2.429000E3,5.805464E0,4.337769E0,
9.625000E0,2.430000E3,5.794032E0,4.356121E0,
9.629167E0,2.431000E3,5.778209E0,4.382051E0,
9.633333E0,2.432000E3,5.747436E0,4.419874E0,
9.637500E0,2.433000E3,5.728999E0,4.432690E0,
9.641667E0,2.434000E3,5.704828E0,4.460467E0,
9.645833E0,2.435000E3,5.681976E0,4.470456E0,
9.650000E0,2.436000E3,5.661521E0,4.498648E0,
9.654167E0,2.437000E3,5.637063E0,4.524645E0,
9.658333E0,2.438000E3,5.618285E0,4.544138E0,
9.662500E0,2.439000E3,5.600303E0,4.546246E0,
9.666667E0,2.440000E3,5.576169E0,4.575438E0,
9.670833E0,2.441000E3,5.557312E0,4.591472E0,
9.675000E0,2.442000E3,5.561155E0,4.595578E0,
9.679167E0,2.443000E3,5.547694E0,4.599518E0,
9.683333E0,2.444000E3,5.530154E0,4.617115E0,
9.687500E0,2.445000E3,5.522474E0,4.628040E0,
9.691667E0,2.446000E3,5.527277E0,4.645680E0,
9.695833E0,2.447000E3,5.514296E0,4.638034E0,
9.700000E0,2.448000E3,5.495426E0,4.640197E0,
9.704167E0,2.449000E3,5.501405E0,4.662824E0,
9.708333E0,2.450000E3,5.499995E0,4.656231E0,
9.712500E0,2.451000E3,5.478214E0,4.666368E0,
9.716667E0,2.452000E3,5.472764E0,4.676161E0,
9.720833E0,2.453000E3,5.456705E0,4.692079E0,
9.725000E0,2.454000E3,5.450270E0,4.685338E0,
9.729167E0,2.455000E3,5.434821E0,4.706667E0,
9.733333E0,2.456000E3,5.407249E0,4.729005E0,
9.737500E0,2.457000E3,5.381980E0,4.754710E0,
9.741667E0,2.458000E3,5.374774E0,4.769659E0,
9.745833E0,2.459000E3,5.339047E0,4.791648E0,
9.750000E0,2.460000E3,5.307482E0,4.814257E0,
9.754167E0,2.461000E3,5.295711E0,4.838648E0,
9.758333E0,2.462000E3,5.279801E0,4.860684E0,
9.762500E0,2.463000E3,5.244110E0,4.881506E0,
9.766667E0,2.464000E3,5.220652E0,4.901762E0,
9.770833E0,2.465000E3,5.200697E0,4.904398E0,
9.775000E0,2.466000E3,5.179339E0,4.931341E0,
9.779167E0,2.467000E3,5.157711E0,4.948716E0,
9.783333E0,2.468000E3,5.145658E0,4.948307E0,
9.787500E0,2.469000E3,5.132024E0,4.980814E0,
9.791667E0,2.470000E3,5.122326E0,4.971978E0,
9.795833E0,2.471000E3,5.126038E0,4.987442E0,
9.800000E0,2.472000E3,5.105294E0,4.980600E0,
9.804167E0,2.473000E3,5.091928E0,5.005396E0,
9.808333E0,2.474000E3,5.084007E0,5.005357E0,
9.812500E0,2.475000E3,5.088355E0,5.018919E0,
9.816667E0,2.476000E3,5.074514E0,5.018186E0,
9.820833E0,2.477000E3,5.070886E0,5.031448E0,
9.825000E0,2.478000E3,5.057719E0,5.040593E0,
9.829167E0,2.479000E3,5.042154E0,5.038033E0,
9.833333E0,2.480000E3,5.041596E0,5.050097E0,
9.837500E0,2.481000E3,5.031539E0,5.057738E0,
9.841667E0,2.482000E3,5.001799E0,5.086557E0,
9.845833E0,2.483000E3,4.969890E0,5.089925E0,
9.850000E0,2.484000E3,4.960597E0,5.116228E0,
9.854167E0,2.485000E3,4.923958E0,5.135763E0,
9.858333E0,2.486000E3,4.921765E0,5.160765E0,
9.862500E0,2.487000E3,4.874373E0,5.173727E0,
9.866667E0,2.488000E3,4.865339E0,5.195776E0,
9.870833E0,2.489000E3,4.829085E0,5.218567E0,
9.875000E0,2.490000E3,4.796294E0,5.246595E0,
9.879167E0,2.491000E3,4.784756E0,5.265218E0,
9.883333E0,2.492000E3,4.759772E0,5.277407E0,
9.887500E0,2.493000E3,4.739639E0,5.304926E0,
9.891667E0,2.494000E3,4.733128E0,5.293585E0,
9.895833E0,2.495000E3,4.711257E0,5.318293E0,
9.900000E0,2.496000E3,4.697479E0,5.325457E0,
9.904167E0,2.497000E3,4.690335E0,5.340292E0,
9.908333E0,2.498000E3,4.676106E0,5.353771E0,
9.912500E0,2.499000E3,4.673441E0,5.354919E0,
9.916667E0,2.500000E3,4.673406E0,5.356457E0,
9.920833E0,2.501000E3,4.671679E0,5.365506E0,
9.925000E0,2.502000E3,4.659123E0,5.372086E0,
9.929167E0,2.503000E3,4.638680E0,5.367983E0,
9.933333E0,2.504000E3,4.638701E0,5.393555E0,
9.937500E0,2.505000E3,4.628519E0,5.390223E0,
9.941667E0,2.506000E3,4.616517E0,5.400364E0,
9.945833E0,2.507000E3,4.606221E0,5.413633E0,
9.950000E0,2.508000E3,4.595778E0,5.428194E0,
9.954167E0,2.509000E3,4.574010E0,5.446182E0,
9.958333E0,2.510000E3,4.547281E0,5.474908E0,
9.962500E0,2.511000E3,4.532781E0,5.485302E0,
9.966667E0,2.512000E3,4.509703E0,5.516679E0,
9.970833E0,2.513000E3,4.486361E0,5.531243E0,
9.975000E0,2.514000E3,4.460697E0,5.558932E0,
9.979167E0,2.515000E3,4.433464E0,5.587418E0,
9.983333E0,2.516000E3,4.407978E0,5.602027E0,
9.987500E0,2.517000E3,4.402564E0,5.623111E0,
9.991667E0,2.518000E3,4.383005E0,5.654972E0,
9.995833E0,2.519000E3,4.356285E0,5.662666E0,
1.000000E1,2.520000E3,4.334700E0,5.681615E0,
1.000417E1,2.521000E3,4.327939E0,5.693370E0,
1.000833E1,2.522000E3,4.309165E0,5.696875E0,
1.001250E1,2.523000E3,4.301576E0,5.713267E0,
1.001667E1,2.524000E3,4.284538E0,5.728117E0,
1.002083E1,2.525000E3,4.277968E0,5.737665E0,
1.002500E1,2.526000E3,4.271812E0,5.736198E0,
1.002917E1,2.527000E3,4.267367E0,5.749057E0,
1.003333E1,2.528000E3,4.256786E0,5.754287E0,
1.003750E1,2.529000E3,4.249716E0,5.765464E0,
1.004167E1,2.530000E3,4.248584E0,5.745315E0,
1.004583E1,2.531000E3,4.232917E0,5.779761E0,
1.005000E1,2.532000E3,4.225991E0,5.784345E0,
1.005417E1,2.533000E3,4.214130E0,5.790236E0,
1.005833E1,2.534000E3,4.202780E0,5.802483E0,
1.006250E1,2.535000E3,4.174327E0,5.824742E0,
1.006667E1,2.536000E3,4.163175E0,5.839175E0,
1.007083E1,2.537000E3,4.148810E0,5.867007E0,
1.007500E1,2.538000E3,4.126215E0,5.868146E0,
1.007917E1,2.539000E3,4.112107E0,5.903830E0,
1.008333E1,2.540000E3,4.072314E0,5.927635E0,
1.008750E1,2.541000E3,4.060998E0,5.947593E0,
1.009167E1,2.542000E3,4.034830E0,5.960180E0,
1.009583E1,2.543000E3,4.002720E0,5.993329E0,
1.010000E1,2.544000E3,3.985470E0,6.013136E0,
1.010417E1,2.545000E3,3.968908E0,6.033857E0,
1.010833E1,2.546000E3,3.944079E0,6.060239E0,
1.011250E1,2.547000E3,3.930458E0,6.074196E0,
1.011667E1,2.548000E3,3.918165E0,6.089653E0,
1.012083E1,2.549000E3,3.906969E0,6.095641E0,
1.012500E1,2.550000E3,3.894078E0,6.112166E0,
1.012917E1,2.551000E3,3.888205E0,6.127449E0,
1.013333E1,2.552000E3,3.892039E0,6.133294E0,
1.013750E1,2.553000E3,3.876713E0,6.139597E0,
1.014167E1,2.554000E3,3.875056E0,6.128998E0,
1.014583E1,2.555000E3,3.857733E0,6.138808E0,
1.015000E1,2.556000E3,3.857244E0,6.149615E0,
1.015417E1,2.557000E3,3.854104E0,6.146661E0,
1.015833E1,2.558000E3,3.845187E0,6.174425E0,
1.016250E1,2.559000E3,3.836938E0,6.167320E0,
1.016667E1,2.560000E3,3.823363E0,6.197056E0,
1.017083E1,2.561000E3,3.815092E0,6.214456E0,
1.017500E1,2.562000E3,3.782452E0,6.225968E0,
1.017917E1,2.563000E3,3.773996E0,6.227339E0,
1.018333E1,2.564000E3,3.761105E0,6.277204E0,
1.018750E1,2.565000E3,3.738143E0,6.290382E0,
1.019167E1,2.566000E3,3.704900E0,6.317197E0,
1.019583E1,2.567000E3,3.673906E0,6.345827E0,
1.020000E1,2.568000E3,3.665496E0,6.366136E0,
1.020417E1,2.569000E3,3.648114E0,6.395563E0,
1.020833E1,2.570000E3,3.632831E0,6.411778E0,
1.021250E1,2.571000E3,3.623791E0,6.445347E0,
1.021667E1,2.572000E3,3.598840E0,6.469459E0,
1.022083E1,2.573000E3,3.580984E0,6.474851E0,
1.022500E1,2.574000E3,3.569790E0,6.504170E0,
1.022917E1,2.575000E3,3.550757E0,6.516450E0,
1.023333E1,2.576000E3,3.541643E0,6.517522E0,
1.023750E1,2.577000E3,3.528546E0,6.544393E0,
1.024167E1,2.578000E3,3.522737E0,6.548404E0,
1.024583E1,2.579000E3,3.521811E0,6.546062E0,
1.025000E1,2.580000E3,3.506498E0,6.555369E0,
1.025417E1,2.581000E3,3.510948E0,6.552873E0,
1.025833E1,2.582000E3,3.503371E0,6.576721E0,
1.026250E1,2.583000E3,3.493223E0,6.589079E0,
1.026667E1,2.584000E3,3.486849E0,6.592468E0,
1.027083E1,2.585000E3,3.478637E0,6.600195E0,
1.027500E1,2.586000E3,3.485308E0,6.602549E0,
1.027917E1,2.587000E3,3.461221E0,6.625335E0,
1.028333E1,2.588000E3,3.450637E0,6.641515E0,
1.028750E1,2.589000E3,3.429939E0,6.671059E0,
1.029167E1,2.590000E3,3.423687E0,6.700979E0,
1.029583E1,2.591000E3,3.402955E0,6.706151E0,
1.030000E1,2.592000E3,3.376218E0,6.746572E0,
1.030417E1,2.593000E3,3.367299E0,6.765551E0,
1.030833E1,2.594000E3,3.358173E0,6.793339E0,
1.031250E1,2.595000E3,3.318448E0,6.825467E0,
1.031667E1,2.596000E3,3.325022E0,6.846786E0,
1.032083E1,2.597000E3,3.295205E0,6.872285E0,
1.032500E1,2.598000E3,3.290706E0,6.890618E0,
1.032917E1,2.599000E3,3.258328E0,6.913790E0,
1.033333E1,2.600000E3,3.254407E0,6.937516E0,
1.033750E1,2.601000E3,3.240114E0,6.956070E0,
1.034167E1,2.602000E3,3.225612E0,6.979421E0,
1.034583E1,2.603000E3,3.220415E0,6.972751E0,
1.035000E1,2.604000E3,3.205188E0,6.993292E0,
1.035417E1,2.605000E3,3.201066E0,6.998135E0,
1.035833E1,2.606000E3,3.195935E0,7.003692E0,
1.036250E1,2.607000E3,3.186456E0,7.004324E0,
1.036667E1,2.608000E3,3.187637E0,7.015571E0,
1.037083E1,2.609000E3,3.169294E0,7.024403E0,
1.037500E1,2.610000E3,3.176857E0,7.038547E0,
1.037917E1,2.611000E3,3.176815E0,7.039535E0,
1.038333E1,2.612000E3,3.154699E0,7.063287E0,
1.038750E1,2.613000E3,3.144570E0,7.068559E0,
1.039167E1,2.614000E3,3.151144E0,7.090919E0,
1.039583E1,2.615000E3,3.130066E0,7.099705E0,
1.040000E1,2.616000E3,3.112653E0,7.122524E0,
1.040417E1,2.617000E3,3.094875E0,7.139475E0,
1.040833E1,2.618000E3,3.087635E0,7.167398E0,
1.041250E1,2.619000E3,3.055545E0,7.193638E0,
1.041667E1,2.620000E3,3.040416E0,7.225663E0,
1.042083E1,2.621000E3,3.019128E0,7.252575E0,
1.042500E1,2.622000E3,2.991212E0,7.270255E0,
1.042917E1,2.623000E3,2.985344E0,7.298540E0,
1.043333E1,2.624000E3,2.959965E0,7.324837E0,
1.043750E1,2.625000E3,2.940623E0,7.356309E0,
1.044167E1,2.626000E3,2.923671E0,7.356270E0,
1.044583E1,2.627000E3,2.918350E0,7.379665E0,
1.045000E1,2.628000E3,2.904578E0,7.400370E0,
1.045417E1,2.629000E3,2.894758E0,7.407333E0,
1.045833E1,2.630000E3,2.888486E0,7.439712E0,
1.046250E1,2.631000E3,2.887606E0,7.438325E0,
1.046667E1,2.632000E3,2.864973E0,7.445371E0,
1.047083E1,2.633000E3,2.868940E0,7.464186E0,
1.047500E1,2.634000E3,2.862237E0,7.465199E0,
1.047917E1,2.635000E3,2.861027E0,7.460811E0,
1.048333E1,2.636000E3,2.843315E0,7.469296E0,
1.048750E1,2.637000E3,2.844179E0,7.486484E0,
1.049167E1,2.638000E3,2.845454E0,7.497171E0,
1.049583E1,2.639000E3,2.821667E0,7.505902E0,
1.050000E1,2.640000E3,2.817572E0,7.526473E0,
1.050417E1,2.641000E3,2.796214E0,7.540520E0,
1.050833E1,2.642000E3,2.789072E0,7.552486E0,
1.051250E1,2.643000E3,2.775422E0,7.580987E0,
1.051667E1,2.644000E3,2.765199E0,7.600822E0,
1.052083E1,2.645000E3,2.744417E0,7.628342E0,
1.052500E1,2.646000E3,2.716004E0,7.646121E0,
1.052917E1,2.647000E3,2.706278E0,7.692032E0,
1.053333E1,2.648000E3,2.680000E0,7.710156E0,
1.053750E1,2.649000E3,2.663395E0,7.720412E0,
1.054167E1,2.650000E3,2.641135E0,7.758489E0,
1.054583E1,2.651000E3,2.625638E0,7.789839E0,
1.055000E1,2.652000E3,2.614790E0,7.807851E0,
1.055417E1,2.653000E3,2.600693E0,7.820354E0,
1.055833E1,2.654000E3,2.580941E0,7.838785E0,
1.056250E1,2.655000E3,2.572228E0,7.864920E0,
1.056667E1,2.656000E3,2.565527E0,7.882317E0,
1.057083E1,2.657000E3,2.551533E0,7.875634E0,
1.057500E1,2.658000E3,2.553510E0,7.887558E0,
1.057917E1,2.659000E3,2.545197E0,7.899700E0,
1.058333E1,2.660000E3,2.535258E0,7.902213E0,
1.058750E1,2.661000E3,2.520834E0,7.913392E0,
1.059167E1,2.662000E3,2.516932E0,7.912660E0,
1.059583E1,2.663000E3,2.515934E0,7.922180E0,
1.060000E1,2.664000E3,2.510544E0,7.933550E0,
1.060417E1,2.665000E3,2.508920E0,7.945964E0,
1.060833E1,2.666000E3,2.494306E0,7.968302E0,
1.061250E1,2.667000E3,2.481214E0,7.976942E0,
1.061667E1,2.668000E3,2.462306E0,7.992290E0,
1.062083E1,2.669000E3,2.465388E0,8.026598E0,
1.062500E1,2.670000E3,2.448041E0,8.023587E0,
1.062917E1,2.671000E3,2.437342E0,8.064381E0,
1.063333E1,2.672000E3,2.423065E0,8.077499E0,
1.063750E1,2.673000E3,2.406105E0,8.116717E0,
1.064167E1,2.674000E3,2.384620E0,8.154006E0,
1.064583E1,2.675000E3,2.376657E0,8.179226E0,
1.065000E1,2.676000E3,2.353850E0,8.209006E0,
1.065417E1,2.677000E3,2.324772E0,8.237080E0,
1.065833E1,2.678000E3,2.320676E0,8.257942E0,
1.066250E1,2.679000E3,2.296776E0,8.274194E0,
1.066667E1,2.680000E3,2.295074E0,8.299908E0,
1.067083E1,2.681000E3,2.277617E0,8.313100E0,
1.067500E1,2.682000E3,2.269331E0,8.323468E0,
1.067917E1,2.683000E3,2.267060E0,8.332637E0,
1.068333E1,2.684000E3,2.256206E0,8.354378E0,
1.068750E1,2.685000E3,2.251582E0,8.354842E0,
1.069167E1,2.686000E3,2.240933E0,8.362690E0,
1.069583E1,2.687000E3,2.234018E0,8.377362E0,
1.070000E1,2.688000E3,2.231838E0,8.382078E0,
1.070417E1,2.689000E3,2.235247E0,8.396617E0,
1.070833E1,2.690000E3,2.236562E0,8.397891E0,
1.071250E1,2.691000E3,2.223072E0,8.406642E0,
1.071667E1,2.692000E3,2.232924E0,8.428491E0,
1.072083E1,2.693000E3,2.201121E0,8.438605E0,
1.072500E1,2.694000E3,2.192811E0,8.454100E0,
1.072917E1,2.695000E3,2.193466E0,8.495392E0,
1.073333E1,2.696000E3,2.178237E0,8.497005E0,
1.073750E1,2.697000E3,2.160761E0,8.526378E0,
1.074167E1,2.698000E3,2.148250E0,8.539500E0,
1.074583E1,2.699000E3,2.139595E0,8.584043E0,
1.075000E1,2.700000E3,2.123726E0,8.606380E0,
1.075417E1,2.701000E3,2.110210E0,8.644004E0,
1.075833E1,2.702000E3,2.095318E0,8.664427E0,
1.076250E1,2.703000E3,2.087826E0,8.695889E0,
1.076667E1,2.704000E3,2.070148E0,8.732326E0,
1.077083E1,2.705000E3,2.055054E0,8.758320E0,
1.077500E1,2.706000E3,2.055808E0,8.779867E0,
1.077917E1,2.707000E3,2.038457E0,8.794682E0,
1.078333E1,2.708000E3,2.028773E0,8.821231E0,
1.078750E1,2.709000E3,2.029395E0,8.829202E0,
1.079167E1,2.710000E3,2.024840E0,8.852735E0,
1.079583E1,2.711000E3,2.009672E0,8.863479E0,
1.080000E1,2.712000E3,2.005047E0,8.873294E0,
1.080417E1,2.713000E3,2.022891E0,8.874242E0,
1.080833E1,2.714000E3,2.008748E0,8.884008E0,
1.081250E1,2.715000E3,2.003539E0,8.878382E0,
1.081667E1,2.716000E3,2.002331E0,8.900479E0,
1.082083E1,2.717000E3,1.992910E0,8.907145E0,
1.082500E1,2.718000E3,1.989477E0,8.926952E0,
1.082917E1,2.719000E3,1.983707E0,8.941017E0,
1.083333E1,2.720000E3,1.974758E0,8.955810E0,
1.083750E1,2.721000E3,1.968744E0,8.968722E0,
1.084167E1,2.722000E3,1.958675E0,9.001460E0,
1.084583E1,2.723000E3,1.949210E0,9.013780E0,
1.085000E1,2.724000E3,1.942623E0,9.049379E0,
1.085417E1,2.725000E3,1.932487E0,9.086770E0,
1.085833E1,2.726000E3,1.912435E0,9.092228E0,
1.086250E1,2.727000E3,1.894101E0,9.141928E0,
1.086667E1,2.728000E3,1.897728E0,9.162363E0,
1.087083E1,2.729000E3,1.883748E0,9.193947E0,
1.087500E1,2.730000E3,1.874830E0,9.225492E0,
1.087917E1,2.731000E3,1.859235E0,9.251808E0,
1.088333E1,2.732000E3,1.856035E0,9.288052E0,
1.088750E1,2.733000E3,1.849047E0,9.314248E0,
1.089167E1,2.734000E3,1.846716E0,9.315626E0,
1.089583E1,2.735000E3,1.821977E0,9.339842E0,
1.090000E1,2.736000E3,1.823218E0,9.364952E0,
1.090417E1,2.737000E3,1.819860E0,9.364551E0,
1.090833E1,2.738000E3,1.820648E0,9.371633E0,
1.091250E1,2.739000E3,1.807827E0,9.382070E0,
1.091667E1,2.740000E3,1.806204E0,9.396870E0,
1.092083E1,2.741000E3,1.804605E0,9.403490E0,
1.092500E1,2.742000E3,1.804074E0,9.413520E0,
1.092917E1,2.743000E3,1.788960E0,9.410353E0,
1.093333E1,2.744000E3,1.801336E0,9.429275E0,
1.093750E1,2.745000E3,1.780899E0,9.446788E0,
1.094167E1,2.746000E3,1.786489E0,9.462094E0,
1.094583E1,2.747000E3,1.773088E0,9.478449E0,
1.095000E1,2.748000E3,1.763811E0,9.490852E0,
1.095417E1,2.749000E3,1.744578E0,9.523903E0,
1.095833E1,2.750000E3,1.747255E0,9.543202E0,
1.096250E1,2.751000E3,1.717479E0,9.573985E0,
1.096667E1,2.752000E3,1.714446E0,9.593304E0,
1.097083E1,2.753000E3,1.706618E0,9.636909E0,
1.097500E1,2.754000E3,1.691793E0,9.661861E0,
1.097917E1,2.755000E3,1.678965E0,9.685998E0,
1.098333E1,2.756000E3,1.656115E0,9.716578E0,
1.098750E1,2.757000E3,1.658579E0,9.738519E0,
1.099167E1,2.758000E3,1.646807E0,9.769771E0,
1.099583E1,2.759000E3,1.623120E0,9.799248E0,
1.100000E1,2.760000E3,1.610588E0,9.820974E0,
1.100417E1,2.761000E3,1.595768E0,9.834821E0,
1.100833E1,2.762000E3,1.598557E0,9.839769E0,
1.101250E1,2.763000E3,1.584001E0,9.871193E0,
1.101667E1,2.764000E3,1.574768E0,9.876402E0,
1.102083E1,2.765000E3,1.576489E0,9.889769E0,
1.102500E1,2.766000E3,1.572921E0,9.900076E0,
1.102917E1,2.767000E3,1.573637E0,9.898898E0,
1.103333E1,2.768000E3,1.557825E0,9.910662E0,
1.103750E1,2.769000E3,1.564934E0,9.913156E0,
1.104167E1,2.770000E3,1.565851E0,9.917996E0,
1.104583E1,2.771000E3,1.554764E0,9.940050E0,
1.105000E1,2.772000E3,1.549413E0,9.942818E0,
1.105417E1,2.773000E3,1.538968E0,9.963720E0,
1.105833E1,2.774000E3,1.537650E0,9.983826E0,
1.106250E1,2.775000E3,1.508293E0,1.000551E1,
1.106667E1,2.776000E3,1.494530E0,1.001884E1,
1.107083E1,2.777000E3,1.496503E0,1.004123E1,
1.107500E1,2.778000E3,1.461637E0,1.007506E1,
1.107917E1,2.779000E3,1.450178E0,1.009367E1,
1.108333E1,2.780000E3,1.429397E0,1.012945E1,
1.108750E1,2.781000E3,1.412979E0,1.015001E1,
1.109167E1,2.782000E3,1.400742E0,1.017642E1,
1.109583E1,2.783000E3,1.369535E0,1.021289E1,
1.110000E1,2.784000E3,1.367253E0,1.022202E1,
1.110417E1,2.785000E3,1.342892E0,1.025150E1,
1.110833E1,2.786000E3,1.334985E0,1.026038E1,
1.111250E1,2.787000E3,1.318447E0,1.029126E1,
1.111667E1,2.788000E3,1.303367E0,1.031158E1,
1.112083E1,2.789000E3,1.301493E0,1.032204E1,
1.112500E1,2.790000E3,1.288196E0,1.033797E1,
1.112917E1,2.791000E3,1.278178E0,1.034371E1,
1.113333E1,2.792000E3,1.277787E0,1.034960E1,
1.113750E1,2.793000E3,1.274606E0,1.036004E1,
1.114167E1,2.794000E3,1.259240E0,1.035864E1,
1.114583E1,2.795000E3,1.267296E0,1.036009E1,
1.115000E1,2.796000E3,1.248500E0,1.037089E1,
1.115417E1,2.797000E3,1.237223E0,1.039206E1,
1.115833E1,2.798000E3,1.239318E0,1.040605E1,
1.116250E1,2.799000E3,1.225987E0,1.040838E1,
1.116667E1,2.800000E3,1.214903E0,1.041967E1,
1.117083E1,2.801000E3,1.202642E0,1.044234E1,
1.117500E1,2.802000E3,1.195386E0,1.046033E1,
1.117917E1,2.803000E3,1.169047E0,1.047883E1,
1.118333E1,2.804000E3,1.167126E0,1.050016E1,
1.118750E1,2.805000E3,1.152668E0,1.054721E1,
1.119167E1,2.806000E3,1.123463E0,1.056814E1,
1.119583E1,2.807000E3,1.110000E0,1.058799E1,
1.120000E1,2.808000E3,1.071380E0,1.062763E1,
1.120417E1,2.809000E3,1.063845E0,1.064883E1,
1.120833E1,2.810000E3,1.051328E0,1.067028E1,
1.121250E1,2.811000E3,1.039591E0,1.069685E1,
1.121667E1,2.812000E3,1.019627E0,1.071263E1,
1.122083E1,2.813000E3,1.004707E0,1.074745E1,
1.122500E1,2.814000E3,9.918028E-1,1.074940E1,
1.122917E1,2.815000E3,9.818039E-1,1.076049E1,
1.123333E1,2.816000E3,9.702161E-1,1.077908E1,
1.123750E1,2.817000E3,9.599449E-1,1.079388E1,
1.124167E1,2.818000E3,9.550270E-1,1.079847E1,
1.124583E1,2.819000E3,9.581262E-1,1.081960E1,
1.125000E1,2.820000E3,9.460189E-1,1.081484E1,
1.125417E1,2.821000E3,9.449192E-1,1.083528E1,
1.125833E1,2.822000E3,9.396278E-1,1.083753E1,
1.126250E1,2.823000E3,9.309890E-1,1.082655E1,
1.126667E1,2.824000E3,9.375217E-1,1.086122E1,
1.127083E1,2.825000E3,9.298281E-1,1.086439E1,
1.127500E1,2.826000E3,9.138954E-1,1.087230E1,
1.127917E1,2.827000E3,9.009885E-1,1.089515E1,
1.128333E1,2.828000E3,8.880952E-1,1.090690E1,
1.128750E1,2.829000E3,8.870495E-1,1.093605E1,
1.129167E1,2.830000E3,8.736777E-1,1.095930E1,
1.129583E1,2.831000E3,8.392029E-1,1.097120E1,
1.130000E1,2.832000E3,8.366223E-1,1.100532E1,
1.130417E1,2.833000E3,8.191929E-1,1.104504E1,
1.130833E1,2.834000E3,8.046060E-1,1.107424E1,
1.131250E1,2.835000E3,7.936704E-1,1.111550E1,
1.131667E1,2.836000E3,7.804040E-1,1.112107E1,
1.132083E1,2.837000E3,7.663067E-1,1.115739E1,
1.132500E1,2.838000E3,7.467228E-1,1.117670E1,
1.132917E1,2.839000E3,7.383325E-1,1.120161E1,
1.133333E1,2.840000E3,7.114885E-1,1.121988E1,
1.133750E1,2.841000E3,7.278858E-1,1.124172E1,
1.134167E1,2.842000E3,7.092614E-1,1.126047E1,
1.134583E1,2.843000E3,6.947391E-1,1.127958E1,
1.135000E1,2.844000E3,6.944332E-1,1.128606E1,
1.135417E1,2.845000E3,6.902236E-1,1.128888E1,
1.135833E1,2.846000E3,6.852102E-1,1.129790E1,
1.136250E1,2.847000E3,6.735351E-1,1.130901E1,
1.136667E1,2.848000E3,6.844656E-1,1.131727E1,
1.137083E1,2.849000E3,6.781759E-1,1.131697E1,
1.137500E1,2.850000E3,6.731382E-1,1.132852E1,
1.137917E1,2.851000E3,6.666037E-1,1.135394E1,
1.138333E1,2.852000E3,6.512154E-1,1.135468E1,
1.138750E1,2.853000E3,6.593459E-1,1.136897E1,
1.139167E1,2.854000E3,6.370833E-1,1.139058E1,
1.139583E1,2.855000E3,6.306852E-1,1.140971E1,
1.140000E1,2.856000E3,6.189039E-1,1.144283E1,
1.140417E1,2.857000E3,6.079159E-1,1.146799E1,
1.140833E1,2.858000E3,5.936257E-1,1.148642E1,
1.141250E1,2.859000E3,5.772374E-1,1.151657E1,
1.141667E1,2.860000E3,5.696748E-1,1.154794E1,
1.142083E1,2.861000E3,5.539327E-1,1.156841E1,
1.142500E1,2.862000E3,5.225274E-1,1.160023E1,
1.142917E1,2.863000E3,5.105385E-1,1.162083E1,
1.143333E1,2.864000E3,4.984407E-1,1.165668E1,
1.143750E1,2.865000E3,4.776370E-1,1.167681E1,
1.144167E1,2.866000E3,4.705430E-1,1.169118E1,
1.144583E1,2.867000E3,4.532619E-1,1.171591E1,
1.145000E1,2.868000E3,4.398726E-1,1.173245E1,
1.145417E1,2.869000E3,4.479026E-1,1.174417E1,
1.145833E1,2.870000E3,4.353286E-1,1.176627E1,
1.146250E1,2.871000E3,4.302745E-1,1.177452E1,
1.146667E1,2.872000E3,4.260327E-1,1.177862E1,
1.147083E1,2.873000E3,4.202496E-1,1.179153E1,
1.147500E1,2.874000E3,4.161572E-1,1.177603E1,
1.147917E1,2.875000E3,4.096850E-1,1.180470E1,
1.148333E1,2.876000E3,4.062142E-1,1.181241E1,
1.148750E1,2.877000E3,3.970619E-1,1.182009E1,
1.149167E1,2.878000E3,3.867723E-1,1.182407E1,
1.149583E1,2.879000E3,3.848452E-1,1.184619E1,
1.150000E1,2.880000E3,3.731568E-1,1.185442E1,
1.150417E1,2.881000E3,3.516978E-1,1.187690E1,
1.150833E1,2.882000E3,3.342000E-1,1.188500E1,
1.151250E1,2.883000E3,3.292556E-1,1.191735E1,
1.151667E1,2.884000E3,3.041804E-1,1.194174E1,
1.152083E1,2.885000E3,2.947507E-1,1.194902E1,
1.152500E1,2.886000E3,2.824066E-1,1.198991E1,
1.152917E1,2.887000E3,2.543741E-1,1.201331E1,
1.153333E1,2.888000E3,2.254117E-1,1.204254E1,
1.153750E1,2.889000E3,2.106537E-1,1.206169E1,
1.154167E1,2.890000E3,1.809843E-1,1.209749E1,
1.154583E1,2.891000E3,1.789205E-1,1.211496E1,
1.155000E1,2.892000E3,1.600556E-1,1.213990E1,
1.155417E1,2.893000E3,1.488409E-1,1.214871E1,
1.155833E1,2.894000E3,1.350585E-1,1.215840E1,
1.156250E1,2.895000E3,1.108066E-1,1.217981E1,
1.156667E1,2.896000E3,8.808761E-2,1.220140E1,
1.157083E1,2.897000E3,9.254795E-2,1.220345E1,
1.157500E1,2.898000E3,8.617229E-2,1.221224E1,
1.157917E1,2.899000E3,7.448353E-2,1.222643E1,
1.158333E1,2.900000E3,7.737129E-2,1.223067E1,
1.158750E1,2.901000E3,7.544076E-2,1.223801E1,
1.159167E1,2.902000E3,7.014973E-2,1.224332E1,
1.159583E1,2.903000E3,5.873639E-2,1.224655E1,
1.160000E1,2.904000E3,4.950360E-2,1.225876E1,
1.160417E1,2.905000E3,4.433784E-2,1.226525E1,
1.160833E1,2.906000E3,3.621275E-2,1.228172E1,
1.161250E1,2.907000E3,1.797589E-2,1.229821E1,
1.161667E1,2.908000E3,1.345106E-2,1.231636E1,
1.162083E1,2.909000E3,-5.870046E-3,1.233893E1,
1.162500E1,2.910000E3,-2.459118E-2,1.235265E1,
1.162917E1,2.911000E3,-4.284434E-2,1.237303E1,
1.163333E1,2.912000E3,-6.225476E-2,1.239936E1,
1.163750E1,2.913000E3,-8.357041E-2,1.242800E1,
1.164167E1,2.914000E3,-9.460944E-2,1.246554E1,
1.164583E1,2.915000E3,-1.069205E-1,1.247931E1,
1.165000E1,2.916000E3,-1.298292E-1,1.250834E1,
1.165417E1,2.917000E3,-1.509128E-1,1.254064E1,
1.165833E1,2.918000E3,-1.756697E-1,1.256475E1,
1.166250E1,2.919000E3,-1.755418E-1,1.258058E1,
1.166667E1,2.920000E3,-2.065947E-1,1.260756E1,
1.167083E1,2.921000E3,-2.056830E-1,1.262234E1,
1.167500E1,2.922000E3,-2.198327E-1,1.263895E1,
1.167917E1,2.923000E3,-2.267822E-1,1.264555E1,
1.168333E1,2.924000E3,-2.280952E-1,1.266321E1,
1.168750E1,2.925000E3,-2.358795E-1,1.266830E1,
1.169167E1,2.926000E3,-2.466088E-1,1.268124E1,
1.169583E1,2.927000E3,-2.536848E-1,1.268105E1,
1.170000E1,2.928000E3,-2.499194E-1,1.269266E1,
1.170417E1,2.929000E3,-2.572086E-1,1.270364E1,
1.170833E1,2.930000E3,-2.580691E-1,1.269441E1,
1.171250E1,2.931000E3,-2.700273E-1,1.271364E1,
1.171667E1,2.932000E3,-2.816516E-1,1.272912E1,
1.172083E1,2.933000E3,-2.859170E-1,1.275059E1,
1.172500E1,2.934000E3,-3.042505E-1,1.275927E1,
1.172917E1,2.935000E3,-3.128814E-1,1.278456E1,
1.173333E1,2.936000E3,-3.285518E-1,1.279491E1,
1.173750E1,2.937000E3,-3.514115E-1,1.281550E1,
1.174167E1,2.938000E3,-3.748635E-1,1.284493E1,
1.174583E1,2.939000E3,-3.778383E-1,1.287637E1,
1.175000E1,2.940000E3,-3.940882E-1,1.290695E1,
1.175417E1,2.941000E3,-4.142820E-1,1.293590E1,
1.175833E1,2.942000E3,-4.225070E-1,1.295571E1,
1.176250E1,2.943000E3,-4.385815E-1,1.299140E1,
1.176667E1,2.944000E3,-4.553541E-1,1.301565E1,
1.177083E1,2.945000E3,-4.760973E-1,1.303299E1,
1.177500E1,2.946000E3,-4.853995E-1,1.306435E1,
1.177917E1,2.947000E3,-5.036897E-1,1.308537E1,
1.178333E1,2.948000E3,-5.045034E-1,1.309070E1,
1.178750E1,2.949000E3,-5.187791E-1,1.311270E1,
1.179167E1,2.950000E3,-5.233711E-1,1.312305E1,
1.179583E1,2.951000E3,-5.300269E-1,1.311612E1,
1.180000E1,2.952000E3,-5.345562E-1,1.314665E1,
1.180417E1,2.953000E3,-5.258570E-1,1.314313E1,
1.180833E1,2.954000E3,-5.313373E-1,1.315930E1,
1.181250E1,2.955000E3,-5.495730E-1,1.315940E1,
1.181667E1,2.956000E3,-5.445795E-1,1.317063E1,
1.182083E1,2.957000E3,-5.574459E-1,1.318430E1,
1.182500E1,2.958000E3,-5.546355E-1,1.319601E1,
1.182917E1,2.959000E3,-5.665867E-1,1.321008E1,
1.183333E1,2.960000E3,-5.755586E-1,1.322776E1,
1.183750E1,2.961000E3,-5.799237E-1,1.324298E1,
1.184167E1,2.962000E3,-5.898231E-1,1.326489E1,
1.184583E1,2.963000E3,-6.088271E-1,1.329242E1,
1.185000E1,2.964000E3,-6.198382E-1,1.332263E1,
1.185417E1,2.965000E3,-6.373444E-1,1.334403E1,
1.185833E1,2.966000E3,-6.588950E-1,1.337288E1,
1.186250E1,2.967000E3,-6.523040E-1,1.340477E1,
1.186667E1,2.968000E3,-6.763047E-1,1.343688E1,
1.187083E1,2.969000E3,-6.817176E-1,1.345872E1,
1.187500E1,2.970000E3,-7.059481E-1,1.350005E1,
1.187917E1,2.971000E3,-7.030424E-1,1.351729E1,
1.188333E1,2.972000E3,-7.169313E-1,1.353812E1,
1.188750E1,2.973000E3,-7.278186E-1,1.357962E1,
1.189167E1,2.974000E3,-7.234691E-1,1.359881E1,
1.189583E1,2.975000E3,-7.438026E-1,1.360022E1,
1.190000E1,2.976000E3,-7.392939E-1,1.361845E1,
1.190417E1,2.977000E3,-7.650374E-1,1.363417E1,
1.190833E1,2.978000E3,-7.590089E-1,1.365394E1,
1.191250E1,2.979000E3,-7.654944E-1,1.366663E1,
1.191667E1,2.980000E3,-7.760419E-1,1.366232E1,
1.192083E1,2.981000E3,-7.794478E-1,1.367443E1,
1.192500E1,2.982000E3,-7.755957E-1,1.368433E1,
1.192917E1,2.983000E3,-7.739691E-1,1.369059E1,
1.193333E1,2.984000E3,-7.874801E-1,1.369122E1,
1.193750E1,2.985000E3,-7.884329E-1,1.370947E1,
1.194167E1,2.986000E3,-7.910559E-1,1.372130E1,
1.194583E1,2.987000E3,-7.961171E-1,1.374468E1,
1.195000E1,2.988000E3,-8.129243E-1,1.376638E1,
1.195417E1,2.989000E3,-8.139917E-1,1.378209E1,
1.195833E1,2.990000E3,-8.303099E-1,1.381225E1,
1.196250E1,2.991000E3,-8.325670E-1,1.383810E1,
1.196667E1,2.992000E3,-8.413105E-1,1.386963E1,
1.197083E1,2.993000E3,-8.438365E-1,1.391103E1,
1.197500E1,2.994000E3,-8.593071E-1,1.392902E1,
1.197917E1,2.995000E3,-8.828955E-1,1.396923E1,
1.198333E1,2.996000E3,-8.824696E-1,1.398710E1,
1.198750E1,2.997000E3,-9.000860E-1,1.401679E1,
1.199167E1,2.998000E3,-8.962322E-1,1.405637E1,
1.199583E1,2.999000E3,-9.193324E-1,1.407624E1,
