,mass D,,,
t,frame,x,y,
0.000000E0,1.200000E2,-2.003550E0,-7.002698E0,
4.166667E-3,1.210000E2,-2.001306E0,-7.006959E0,
8.333333E-3,1.220000E2,-1.986347E0,-7.038868E0,
1.250000E-2,1.230000E2,-1.988773E0,-7.050078E0,
1.666667E-2,1.240000E2,-1.975936E0,-7.048316E0,
2.083333E-2,1.250000E2,-1.976911E0,-7.061076E0,
2.500000E-2,1.260000E2,-1.951600E0,-7.097162E0,
2.916667E-2,1.270000E2,-1.950151E0,-7.112915E0,
3.333333E-2,1.280000E2,-1.944445E0,-7.124878E0,
3.750000E-2,1.290000E2,-1.936410E0,-7.134163E0,
4.166667E-2,1.300000E2,-1.932457E0,-7.162041E0,
4.583333E-2,1.310000E2,-1.912513E0,-7.175697E0,
5.000000E-2,1.320000E2,-1.900570E0,-7.187669E0,
5.416667E-2,1.330000E2,-1.886563E0,-7.208396E0,
5.833333E-2,1.340000E2,-1.888591E0,-7.214511E0,
6.250000E-2,1.350000E2,-1.889023E0,-7.235370E0,
6.666667E-2,1.360000E2,-1.879859E0,-7.243109E0,
7.083333E-2,1.370000E2,-1.867897E0,-7.251461E0,
7.500000E-2,1.380000E2,-1.869763E0,-7.247690E0,
7.916667E-2,1.390000E2,-1.870621E0,-7.266396E0,
8.333333E-2,1.400000E2,-1.849064E0,-7.277577E0,
8.750000E-2,1.410000E2,-1.858622E0,-7.266409E0,
9.166667E-2,1.420000E2,-1.854207E0,-7.285676E0,
9.583333E-2,1.430000E2,-1.836600E0,-7.286499E0,
1.000000E-1,1.440000E2,-1.852734E0,-7.290074E0,
1.041667E-1,1.450000E2,-1.840047E0,-7.287953E0,
1.083333E-1,1.460000E2,-1.835268E0,-7.293527E0,
1.125000E-1,1.470000E2,-1.836836E0,-7.299160E0,
1.166667E-1,1.480000E2,-1.835371E0,-7.318572E0,
1.208333E-1,1.490000E2,-1.830709E0,-7.327287E0,
1.250000E-1,1.500000E2,-1.821656E0,-7.317786E0,
1.291667E-1,1.510000E2,-1.821359E0,-7.333688E0,
1.333333E-1,1.520000E2,-1.801856E0,-7.356996E0,
1.375000E-1,1.530000E2,-1.791189E0,-7.371284E0,
1.416667E-1,1.540000E2,-1.807985E0,-7.383292E0,
1.458333E-1,1.550000E2,-1.780687E0,-7.397460E0,
1.500000E-1,1.560000E2,-1.775803E0,-7.408184E0,
1.541667E-1,1.570000E2,-1.765106E0,-7.438329E0,
1.583333E-1,1.580000E2,-1.753293E0,-7.440980E0,
1.625000E-1,1.590000E2,-1.746227E0,-7.457736E0,
1.666667E-1,1.600000E2,-1.733202E0,-7.484787E0,
1.708333E-1,1.610000E2,-1.730351E0,-7.500464E0,
1.750000E-1,1.620000E2,-1.709968E0,-7.518457E0,
1.791667E-1,1.630000E2,-1.699793E0,-7.528576E0,
1.833333E-1,1.640000E2,-1.694526E0,-7.540203E0,
1.875000E-1,1.650000E2,-1.683014E0,-7.563937E0,
1.916667E-1,1.660000E2,-1.686901E0,-7.563712E0,
1.958333E-1,1.670000E2,-1.672221E0,-7.578119E0,
2.000000E-1,1.680000E2,-1.664253E0,-7.575384E0,
2.041667E-1,1.690000E2,-1.670545E0,-7.585467E0,
2.083333E-1,1.700000E2,-1.661888E0,-7.585310E0,
2.125000E-1,1.710000E2,-1.662311E0,-7.593428E0,
2.166667E-1,1.720000E2,-1.659868E0,-7.599147E0,
2.208333E-1,1.730000E2,-1.642263E0,-7.597816E0,
2.250000E-1,1.740000E2,-1.650131E0,-7.609239E0,
2.291667E-1,1.750000E2,-1.650955E0,-7.609456E0,
2.333333E-1,1.760000E2,-1.643986E0,-7.617602E0,
2.375000E-1,1.770000E2,-1.638509E0,-7.627499E0,
2.416667E-1,1.780000E2,-1.617314E0,-7.631316E0,
2.458333E-1,1.790000E2,-1.622454E0,-7.630511E0,
2.500000E-1,1.800000E2,-1.627221E0,-7.648376E0,
2.541667E-1,1.810000E2,-1.615769E0,-7.656010E0,
2.583333E-1,1.820000E2,-1.608924E0,-7.666324E0,
2.625000E-1,1.830000E2,-1.603804E0,-7.684540E0,
2.666667E-1,1.840000E2,-1.593253E0,-7.706645E0,
2.708333E-1,1.850000E2,-1.584244E0,-7.707209E0,
2.750000E-1,1.860000E2,-1.570199E0,-7.716098E0,
2.791667E-1,1.870000E2,-1.555595E0,-7.742999E0,
2.833333E-1,1.880000E2,-1.558810E0,-7.762553E0,
2.875000E-1,1.890000E2,-1.545416E0,-7.775695E0,
2.916667E-1,1.900000E2,-1.533647E0,-7.804183E0,
2.958333E-1,1.910000E2,-1.515760E0,-7.809487E0,
3.000000E-1,1.920000E2,-1.517396E0,-7.825726E0,
3.041667E-1,1.930000E2,-1.507482E0,-7.837975E0,
3.083333E-1,1.940000E2,-1.490448E0,-7.855675E0,
3.125000E-1,1.950000E2,-1.493365E0,-7.864773E0,
3.166667E-1,1.960000E2,-1.492369E0,-7.889610E0,
3.208333E-1,1.970000E2,-1.469434E0,-7.884027E0,
3.250000E-1,1.980000E2,-1.473090E0,-7.891939E0,
3.291667E-1,1.990000E2,-1.462455E0,-7.901307E0,
3.333333E-1,2.000000E2,-1.466842E0,-7.906702E0,
3.375000E-1,2.010000E2,-1.467966E0,-7.902230E0,
3.416667E-1,2.020000E2,-1.465508E0,-7.910459E0,
3.458333E-1,2.030000E2,-1.439930E0,-7.929235E0,
3.500000E-1,2.040000E2,-1.437741E0,-7.926199E0,
3.541667E-1,2.050000E2,-1.439126E0,-7.930305E0,
3.583333E-1,2.060000E2,-1.433635E0,-7.944343E0,
3.625000E-1,2.070000E2,-1.443642E0,-7.935947E0,
3.666667E-1,2.080000E2,-1.436505E0,-7.956393E0,
3.708333E-1,2.090000E2,-1.446781E0,-7.955572E0,
3.750000E-1,2.100000E2,-1.430074E0,-7.974379E0,
3.791667E-1,2.110000E2,-1.418790E0,-7.973227E0,
3.833333E-1,2.120000E2,-1.418431E0,-8.000967E0,
3.875000E-1,2.130000E2,-1.396699E0,-8.010079E0,
3.916667E-1,2.140000E2,-1.409947E0,-8.022563E0,
3.958333E-1,2.150000E2,-1.395172E0,-8.037666E0,
4.000000E-1,2.160000E2,-1.393147E0,-8.056522E0,
4.041667E-1,2.170000E2,-1.383546E0,-8.063588E0,
4.083333E-1,2.180000E2,-1.377038E0,-8.096194E0,
4.125000E-1,2.190000E2,-1.364355E0,-8.104888E0,
4.166667E-1,2.200000E2,-1.366589E0,-8.127207E0,
4.208333E-1,2.210000E2,-1.342648E0,-8.146031E0,
4.250000E-1,2.220000E2,-1.341028E0,-8.154332E0,
4.291667E-1,2.230000E2,-1.337596E0,-8.167897E0,
4.333333E-1,2.240000E2,-1.333565E0,-8.190462E0,
4.375000E-1,2.250000E2,-1.317134E0,-8.194679E0,
4.416667E-1,2.260000E2,-1.314782E0,-8.217059E0,
4.458333E-1,2.270000E2,-1.307116E0,-8.222160E0,
4.500000E-1,2.280000E2,-1.305825E0,-8.235391E0,
4.541667E-1,2.290000E2,-1.292267E0,-8.231646E0,
4.583333E-1,2.300000E2,-1.287777E0,-8.244155E0,
4.625000E-1,2.310000E2,-1.297421E0,-8.251496E0,
4.666667E-1,2.320000E2,-1.280397E0,-8.255524E0,
4.708333E-1,2.330000E2,-1.284168E0,-8.256167E0,
4.750000E-1,2.340000E2,-1.285697E0,-8.257341E0,
4.791667E-1,2.350000E2,-1.278992E0,-8.268446E0,
4.833333E-1,2.360000E2,-1.284064E0,-8.274646E0,
4.875000E-1,2.370000E2,-1.274715E0,-8.277685E0,
4.916667E-1,2.380000E2,-1.274418E0,-8.282934E0,
4.958333E-1,2.390000E2,-1.262694E0,-8.294748E0,
5.000000E-1,2.400000E2,-1.267318E0,-8.325104E0,
5.041667E-1,2.410000E2,-1.257782E0,-8.310197E0,
5.083333E-1,2.420000E2,-1.247025E0,-8.319166E0,
5.125000E-1,2.430000E2,-1.238179E0,-8.331173E0,
5.166667E-1,2.440000E2,-1.244008E0,-8.367802E0,
5.208333E-1,2.450000E2,-1.215226E0,-8.372318E0,
5.250000E-1,2.460000E2,-1.218165E0,-8.385232E0,
5.291667E-1,2.470000E2,-1.209483E0,-8.417785E0,
5.333333E-1,2.480000E2,-1.194340E0,-8.429333E0,
5.375000E-1,2.490000E2,-1.195630E0,-8.441370E0,
5.416667E-1,2.500000E2,-1.183877E0,-8.446366E0,
5.458333E-1,2.510000E2,-1.168639E0,-8.471436E0,
5.500000E-1,2.520000E2,-1.165234E0,-8.472104E0,
5.541667E-1,2.530000E2,-1.139122E0,-8.504570E0,
5.583333E-1,2.540000E2,-1.140932E0,-8.505353E0,
5.625000E-1,2.550000E2,-1.133382E0,-8.527894E0,
5.666667E-1,2.560000E2,-1.125521E0,-8.536533E0,
5.708333E-1,2.570000E2,-1.116817E0,-8.546176E0,
5.750000E-1,2.580000E2,-1.112836E0,-8.553519E0,
5.791667E-1,2.590000E2,-1.117101E0,-8.562493E0,
5.833333E-1,2.600000E2,-1.102319E0,-8.567567E0,
5.875000E-1,2.610000E2,-1.100141E0,-8.571843E0,
5.916667E-1,2.620000E2,-1.091201E0,-8.590589E0,
5.958333E-1,2.630000E2,-1.100348E0,-8.583289E0,
6.000000E-1,2.640000E2,-1.098999E0,-8.584167E0,
6.041667E-1,2.650000E2,-1.099398E0,-8.589609E0,
6.083333E-1,2.660000E2,-1.101405E0,-8.596708E0,
6.125000E-1,2.670000E2,-1.091768E0,-8.611458E0,
6.166667E-1,2.680000E2,-1.094799E0,-8.619419E0,
6.208333E-1,2.690000E2,-1.083619E0,-8.623717E0,
6.250000E-1,2.700000E2,-1.068473E0,-8.618885E0,
6.291667E-1,2.710000E2,-1.064672E0,-8.638375E0,
6.333333E-1,2.720000E2,-1.055021E0,-8.656241E0,
6.375000E-1,2.730000E2,-1.066634E0,-8.659604E0,
6.416667E-1,2.740000E2,-1.044484E0,-8.683626E0,
6.458333E-1,2.750000E2,-1.039533E0,-8.693628E0,
6.500000E-1,2.760000E2,-1.031219E0,-8.709144E0,
6.541667E-1,2.770000E2,-1.018246E0,-8.729706E0,
6.583333E-1,2.780000E2,-1.013860E0,-8.746368E0,
6.625000E-1,2.790000E2,-1.005994E0,-8.763205E0,
6.666667E-1,2.800000E2,-1.003818E0,-8.789280E0,
6.708333E-1,2.810000E2,-9.781088E-1,-8.810193E0,
6.750000E-1,2.820000E2,-9.837097E-1,-8.820801E0,
6.791667E-1,2.830000E2,-9.687593E-1,-8.839553E0,
6.833333E-1,2.840000E2,-9.709982E-1,-8.856171E0,
6.875000E-1,2.850000E2,-9.655368E-1,-8.863853E0,
6.916667E-1,2.860000E2,-9.518824E-1,-8.877713E0,
6.958333E-1,2.870000E2,-9.516626E-1,-8.890001E0,
7.000000E-1,2.880000E2,-9.401272E-1,-8.884199E0,
7.041667E-1,2.890000E2,-9.413701E-1,-8.898511E0,
7.083333E-1,2.900000E2,-9.349342E-1,-8.905256E0,
7.125000E-1,2.910000E2,-9.286604E-1,-8.905355E0,
7.166667E-1,2.920000E2,-9.408072E-1,-8.918469E0,
7.208333E-1,2.930000E2,-9.268290E-1,-8.921920E0,
7.250000E-1,2.940000E2,-9.419057E-1,-8.916410E0,
7.291667E-1,2.950000E2,-9.303577E-1,-8.921449E0,
7.333333E-1,2.960000E2,-9.271472E-1,-8.935134E0,
7.375000E-1,2.970000E2,-9.281620E-1,-8.933017E0,
7.416667E-1,2.980000E2,-9.169104E-1,-8.935790E0,
7.458333E-1,2.990000E2,-9.161730E-1,-8.958138E0,
7.500000E-1,3.000000E2,-9.157328E-1,-8.965560E0,
7.541667E-1,3.010000E2,-8.937563E-1,-8.970600E0,
7.583333E-1,3.020000E2,-8.998051E-1,-8.981402E0,
7.625000E-1,3.030000E2,-8.925322E-1,-9.003918E0,
7.666667E-1,3.040000E2,-8.870036E-1,-9.020768E0,
7.708333E-1,3.050000E2,-8.719013E-1,-9.029982E0,
7.750000E-1,3.060000E2,-8.665104E-1,-9.051419E0,
7.791667E-1,3.070000E2,-8.643783E-1,-9.074629E0,
7.833333E-1,3.080000E2,-8.393785E-1,-9.091496E0,
7.875000E-1,3.090000E2,-8.394367E-1,-9.104916E0,
7.916667E-1,3.100000E2,-8.375357E-1,-9.106461E0,
7.958333E-1,3.110000E2,-8.438583E-1,-9.151330E0,
8.000000E-1,3.120000E2,-8.234827E-1,-9.158451E0,
8.041667E-1,3.130000E2,-8.188517E-1,-9.167685E0,
8.083333E-1,3.140000E2,-8.145281E-1,-9.184819E0,
8.125000E-1,3.150000E2,-8.117513E-1,-9.201423E0,
8.166667E-1,3.160000E2,-7.949564E-1,-9.220736E0,
8.208333E-1,3.170000E2,-7.891637E-1,-9.221808E0,
8.250000E-1,3.180000E2,-7.949232E-1,-9.226174E0,
8.291667E-1,3.190000E2,-7.979905E-1,-9.233408E0,
8.333333E-1,3.200000E2,-7.939830E-1,-9.247654E0,
8.375000E-1,3.210000E2,-7.838035E-1,-9.250201E0,
8.416667E-1,3.220000E2,-7.859720E-1,-9.255920E0,
8.458333E-1,3.230000E2,-7.799325E-1,-9.261904E0,
8.500000E-1,3.240000E2,-7.710873E-1,-9.263540E0,
8.541667E-1,3.250000E2,-7.691100E-1,-9.272677E0,
8.583333E-1,3.260000E2,-7.720684E-1,-9.281407E0,
8.625000E-1,3.270000E2,-7.768176E-1,-9.285494E0,
8.666667E-1,3.280000E2,-7.601963E-1,-9.291320E0,
8.708333E-1,3.290000E2,-7.577047E-1,-9.296524E0,
8.750000E-1,3.300000E2,-7.614177E-1,-9.312532E0,
8.791667E-1,3.310000E2,-7.479453E-1,-9.316826E0,
8.833333E-1,3.320000E2,-7.376794E-1,-9.324490E0,
8.875000E-1,3.330000E2,-7.235017E-1,-9.349246E0,
8.916667E-1,3.340000E2,-7.251946E-1,-9.355646E0,
8.958333E-1,3.350000E2,-7.126642E-1,-9.374702E0,
9.000000E-1,3.360000E2,-7.090276E-1,-9.372427E0,
9.041667E-1,3.370000E2,-6.939335E-1,-9.405059E0,
9.083333E-1,3.380000E2,-6.862101E-1,-9.425515E0,
9.125000E-1,3.390000E2,-6.713732E-1,-9.435960E0,
9.166667E-1,3.400000E2,-6.744408E-1,-9.461972E0,
9.208333E-1,3.410000E2,-6.569303E-1,-9.472207E0,
9.250000E-1,3.420000E2,-6.612148E-1,-9.496045E0,
9.291667E-1,3.430000E2,-6.471334E-1,-9.501863E0,
9.333333E-1,3.440000E2,-6.362879E-1,-9.519671E0,
9.375000E-1,3.450000E2,-6.298597E-1,-9.526264E0,
9.416667E-1,3.460000E2,-6.183792E-1,-9.540240E0,
9.458333E-1,3.470000E2,-6.099836E-1,-9.558334E0,
9.500000E-1,3.480000E2,-6.013409E-1,-9.552521E0,
9.541667E-1,3.490000E2,-6.012512E-1,-9.571353E0,
9.583333E-1,3.500000E2,-5.975214E-1,-9.560058E0,
9.625000E-1,3.510000E2,-5.943734E-1,-9.577353E0,
9.666667E-1,3.520000E2,-5.862741E-1,-9.584504E0,
9.708333E-1,3.530000E2,-5.919720E-1,-9.586271E0,
9.750000E-1,3.540000E2,-5.723827E-1,-9.577516E0,
9.791667E-1,3.550000E2,-5.776598E-1,-9.589402E0,
9.833333E-1,3.560000E2,-5.810282E-1,-9.591943E0,
9.875000E-1,3.570000E2,-5.891888E-1,-9.612967E0,
9.916667E-1,3.580000E2,-5.737755E-1,-9.606898E0,
9.958333E-1,3.590000E2,-5.677811E-1,-9.618209E0,
1.000000E0,3.600000E2,-5.578987E-1,-9.620638E0,
1.004167E0,3.610000E2,-5.505741E-1,-9.647461E0,
1.008333E0,3.620000E2,-5.329478E-1,-9.639513E0,
1.012500E0,3.630000E2,-5.422211E-1,-9.654109E0,
1.016667E0,3.640000E2,-5.254392E-1,-9.668055E0,
1.020833E0,3.650000E2,-5.106335E-1,-9.690186E0,
1.025000E0,3.660000E2,-4.962189E-1,-9.705698E0,
1.029167E0,3.670000E2,-4.982319E-1,-9.712166E0,
1.033333E0,3.680000E2,-4.692123E-1,-9.742461E0,
1.037500E0,3.690000E2,-4.688918E-1,-9.749054E0,
1.041667E0,3.700000E2,-4.572484E-1,-9.760107E0,
1.045833E0,3.710000E2,-4.401469E-1,-9.779667E0,
1.050000E0,3.720000E2,-4.248684E-1,-9.797247E0,
1.054167E0,3.730000E2,-4.165555E-1,-9.803093E0,
1.058333E0,3.740000E2,-4.051644E-1,-9.805677E0,
1.062500E0,3.750000E2,-3.986460E-1,-9.836339E0,
1.066667E0,3.760000E2,-3.858961E-1,-9.838220E0,
1.070833E0,3.770000E2,-3.866204E-1,-9.850975E0,
1.075000E0,3.780000E2,-3.764021E-1,-9.854169E0,
1.079167E0,3.790000E2,-3.689032E-1,-9.859531E0,
1.083333E0,3.800000E2,-3.657219E-1,-9.865876E0,
1.087500E0,3.810000E2,-3.575300E-1,-9.860853E0,
1.091667E0,3.820000E2,-3.625724E-1,-9.868342E0,
1.095833E0,3.830000E2,-3.585905E-1,-9.867571E0,
1.100000E0,3.840000E2,-3.448520E-1,-9.887114E0,
1.104167E0,3.850000E2,-3.470820E-1,-9.888367E0,
1.108333E0,3.860000E2,-3.412537E-1,-9.884635E0,
1.112500E0,3.870000E2,-3.350990E-1,-9.903431E0,
1.116667E0,3.880000E2,-3.271639E-1,-9.894895E0,
1.120833E0,3.890000E2,-3.330453E-1,-9.898150E0,
1.125000E0,3.900000E2,-3.114393E-1,-9.914715E0,
1.129167E0,3.910000E2,-3.187951E-1,-9.923734E0,
1.133333E0,3.920000E2,-2.981504E-1,-9.928355E0,
1.137500E0,3.930000E2,-3.007412E-1,-9.938164E0,
1.141667E0,3.940000E2,-2.825397E-1,-9.958642E0,
1.145833E0,3.950000E2,-2.702465E-1,-9.964967E0,
1.150000E0,3.960000E2,-2.534805E-1,-9.991126E0,
1.154167E0,3.970000E2,-2.393290E-1,-1.000045E1,
1.158333E0,3.980000E2,-2.338335E-1,-1.001471E1,
1.162500E0,3.990000E2,-2.136756E-1,-1.002125E1,
1.166667E0,4.000000E2,-2.001478E-1,-1.003918E1,
1.170833E0,4.010000E2,-1.823940E-1,-1.005730E1,
1.175000E0,4.020000E2,-1.742489E-1,-1.007782E1,
1.179167E0,4.030000E2,-1.645184E-1,-1.007779E1,
1.183333E0,4.040000E2,-1.467373E-1,-1.008850E1,
1.187500E0,4.050000E2,-1.319727E-1,-1.011022E1,
1.191667E0,4.060000E2,-1.396224E-1,-1.010597E1,
1.195833E0,4.070000E2,-1.133928E-1,-1.011031E1,
1.200000E0,4.080000E2,-1.115417E-1,-1.012120E1,
1.204167E0,4.090000E2,-1.011197E-1,-1.011996E1,
1.208333E0,4.100000E2,-1.032378E-1,-1.012526E1,
1.212500E0,4.110000E2,-1.005515E-1,-1.012434E1,
1.216667E0,4.120000E2,-8.684910E-2,-1.012734E1,
1.220833E0,4.130000E2,-8.910458E-2,-1.014278E1,
1.225000E0,4.140000E2,-8.738861E-2,-1.013418E1,
1.229167E0,4.150000E2,-7.940561E-2,-1.013981E1,
1.233333E0,4.160000E2,-6.755847E-2,-1.015085E1,
1.237500E0,4.170000E2,-6.204964E-2,-1.015979E1,
1.241667E0,4.180000E2,-5.317825E-2,-1.015843E1,
1.245833E0,4.190000E2,-5.387762E-2,-1.016361E1,
1.250000E0,4.200000E2,-5.386041E-2,-1.017077E1,
1.254167E0,4.210000E2,-2.569565E-2,-1.017883E1,
1.258333E0,4.220000E2,-2.161225E-2,-1.017683E1,
1.262500E0,4.230000E2,-1.642586E-2,-1.018257E1,
1.266667E0,4.240000E2,8.251104E-4,-1.019648E1,
1.270833E0,4.250000E2,1.655861E-2,-1.021247E1,
1.275000E0,4.260000E2,2.774936E-2,-1.021393E1,
1.279167E0,4.270000E2,5.284236E-2,-1.022894E1,
1.283333E0,4.280000E2,7.081058E-2,-1.023403E1,
1.287500E0,4.290000E2,8.828259E-2,-1.025454E1,
1.291667E0,4.300000E2,1.054855E-1,-1.026131E1,
1.295833E0,4.310000E2,1.186760E-1,-1.025459E1,
1.300000E0,4.320000E2,1.219867E-1,-1.028508E1,
1.304167E0,4.330000E2,1.409163E-1,-1.029587E1,
1.308333E0,4.340000E2,1.607834E-1,-1.031409E1,
1.312500E0,4.350000E2,1.681584E-1,-1.031892E1,
1.316667E0,4.360000E2,1.786725E-1,-1.031211E1,
1.320833E0,4.370000E2,1.835507E-1,-1.032321E1,
1.325000E0,4.380000E2,1.983931E-1,-1.033162E1,
1.329167E0,4.390000E2,2.010837E-1,-1.034359E1,
1.333333E0,4.400000E2,2.097773E-1,-1.033722E1,
1.337500E0,4.410000E2,2.167067E-1,-1.034548E1,
1.341667E0,4.420000E2,2.277741E-1,-1.034325E1,
1.345833E0,4.430000E2,2.255329E-1,-1.035108E1,
1.350000E0,4.440000E2,2.235922E-1,-1.035419E1,
1.354167E0,4.450000E2,2.223691E-1,-1.035669E1,
1.358333E0,4.460000E2,2.455731E-1,-1.035515E1,
1.362500E0,4.470000E2,2.467668E-1,-1.036536E1,
1.366667E0,4.480000E2,2.364026E-1,-1.036851E1,
1.370833E0,4.490000E2,2.549297E-1,-1.037601E1,
1.375000E0,4.500000E2,2.684020E-1,-1.037870E1,
1.379167E0,4.510000E2,2.704948E-1,-1.039175E1,
1.383333E0,4.520000E2,2.846156E-1,-1.039708E1,
1.387500E0,4.530000E2,2.907162E-1,-1.042117E1,
1.391667E0,4.540000E2,3.140186E-1,-1.041735E1,
1.395833E0,4.550000E2,3.265257E-1,-1.042202E1,
1.400000E0,4.560000E2,3.320298E-1,-1.044472E1,
1.404167E0,4.570000E2,3.537773E-1,-1.045072E1,
1.408333E0,4.580000E2,3.612957E-1,-1.046889E1,
1.412500E0,4.590000E2,3.871727E-1,-1.048255E1,
1.416667E0,4.600000E2,3.908154E-1,-1.049109E1,
1.420833E0,4.610000E2,4.169682E-1,-1.049863E1,
1.425000E0,4.620000E2,4.230276E-1,-1.051613E1,
1.429167E0,4.630000E2,4.357927E-1,-1.053371E1,
1.433333E0,4.640000E2,4.597068E-1,-1.053154E1,
1.437500E0,4.650000E2,4.655680E-1,-1.054661E1,
1.441667E0,4.660000E2,4.759442E-1,-1.053944E1,
1.445833E0,4.670000E2,4.843800E-1,-1.055391E1,
1.450000E0,4.680000E2,4.837988E-1,-1.055715E1,
1.454167E0,4.690000E2,5.007994E-1,-1.056119E1,
1.458333E0,4.700000E2,4.994826E-1,-1.058250E1,
1.462500E0,4.710000E2,5.131055E-1,-1.057239E1,
1.466667E0,4.720000E2,5.214769E-1,-1.057433E1,
1.470833E0,4.730000E2,5.235763E-1,-1.057547E1,
1.475000E0,4.740000E2,5.201953E-1,-1.058648E1,
1.479167E0,4.750000E2,5.204211E-1,-1.058610E1,
1.483333E0,4.760000E2,5.416327E-1,-1.059157E1,
1.487500E0,4.770000E2,5.361867E-1,-1.058406E1,
1.491667E0,4.780000E2,5.469889E-1,-1.059298E1,
1.495833E0,4.790000E2,5.417153E-1,-1.060005E1,
1.500000E0,4.800000E2,5.563613E-1,-1.060443E1,
1.504167E0,4.810000E2,5.709073E-1,-1.061834E1,
1.508333E0,4.820000E2,5.766536E-1,-1.063353E1,
1.512500E0,4.830000E2,5.980082E-1,-1.063382E1,
1.516667E0,4.840000E2,6.063453E-1,-1.063752E1,
1.520833E0,4.850000E2,6.258439E-1,-1.064615E1,
1.525000E0,4.860000E2,6.321617E-1,-1.065083E1,
1.529167E0,4.870000E2,6.620282E-1,-1.067775E1,
1.533333E0,4.880000E2,6.798966E-1,-1.068882E1,
1.537500E0,4.890000E2,6.940569E-1,-1.068624E1,
1.541667E0,4.900000E2,7.036421E-1,-1.070499E1,
1.545833E0,4.910000E2,7.155925E-1,-1.070357E1,
1.550000E0,4.920000E2,7.355796E-1,-1.071353E1,
1.554167E0,4.930000E2,7.552599E-1,-1.072305E1,
1.558333E0,4.940000E2,7.657643E-1,-1.073283E1,
1.562500E0,4.950000E2,7.808788E-1,-1.073780E1,
1.566667E0,4.960000E2,8.023411E-1,-1.075472E1,
1.570833E0,4.970000E2,8.000474E-1,-1.074820E1,
1.575000E0,4.980000E2,8.016304E-1,-1.076098E1,
1.579167E0,4.990000E2,8.259599E-1,-1.075907E1,
1.583333E0,5.000000E2,8.288053E-1,-1.076347E1,
1.587500E0,5.010000E2,8.405343E-1,-1.076696E1,
1.591667E0,5.020000E2,8.379787E-1,-1.077184E1,
1.595833E0,5.030000E2,8.409817E-1,-1.076416E1,
1.600000E0,5.040000E2,8.486265E-1,-1.076513E1,
1.604167E0,5.050000E2,8.528285E-1,-1.076939E1,
1.608333E0,5.060000E2,8.685840E-1,-1.078094E1,
1.612500E0,5.070000E2,8.544018E-1,-1.078381E1,
1.616667E0,5.080000E2,8.665093E-1,-1.078323E1,
1.620833E0,5.090000E2,8.753776E-1,-1.079012E1,
1.625000E0,5.100000E2,8.806105E-1,-1.078100E1,
1.629167E0,5.110000E2,9.146573E-1,-1.079119E1,
1.633333E0,5.120000E2,9.148341E-1,-1.080860E1,
1.637500E0,5.130000E2,9.302581E-1,-1.080827E1,
1.641667E0,5.140000E2,9.480883E-1,-1.080464E1,
1.645833E0,5.150000E2,9.529364E-1,-1.082775E1,
1.650000E0,5.160000E2,9.783436E-1,-1.083463E1,
1.654167E0,5.170000E2,9.992139E-1,-1.084780E1,
1.658333E0,5.180000E2,1.008199E0,-1.085205E1,
1.662500E0,5.190000E2,1.041461E0,-1.085777E1,
1.666667E0,5.200000E2,1.052946E0,-1.085982E1,
1.670833E0,5.210000E2,1.073001E0,-1.085790E1,
1.675000E0,5.220000E2,1.083881E0,-1.087648E1,
1.679167E0,5.230000E2,1.092235E0,-1.088836E1,
1.683333E0,5.240000E2,1.101974E0,-1.089472E1,
1.687500E0,5.250000E2,1.128221E0,-1.090415E1,
1.691667E0,5.260000E2,1.138474E0,-1.090680E1,
1.695833E0,5.270000E2,1.149739E0,-1.091149E1,
1.700000E0,5.280000E2,1.145208E0,-1.090576E1,
1.704167E0,5.290000E2,1.175444E0,-1.091294E1,
1.708333E0,5.300000E2,1.162603E0,-1.091483E1,
1.712500E0,5.310000E2,1.167302E0,-1.092957E1,
1.716667E0,5.320000E2,1.183480E0,-1.092168E1,
1.720833E0,5.330000E2,1.177656E0,-1.092558E1,
1.725000E0,5.340000E2,1.194490E0,-1.092308E1,
1.729167E0,5.350000E2,1.194909E0,-1.092878E1,
1.733333E0,5.360000E2,1.190929E0,-1.093545E1,
1.737500E0,5.370000E2,1.189964E0,-1.094402E1,
1.741667E0,5.380000E2,1.209775E0,-1.093424E1,
1.745833E0,5.390000E2,1.221459E0,-1.094011E1,
1.750000E0,5.400000E2,1.221830E0,-1.094870E1,
1.754167E0,5.410000E2,1.242588E0,-1.097289E1,
1.758333E0,5.420000E2,1.251298E0,-1.095972E1,
1.762500E0,5.430000E2,1.263238E0,-1.097163E1,
1.766667E0,5.440000E2,1.283155E0,-1.098506E1,
1.770833E0,5.450000E2,1.297031E0,-1.097082E1,
1.775000E0,5.460000E2,1.317464E0,-1.099286E1,
1.779167E0,5.470000E2,1.310546E0,-1.100259E1,
1.783333E0,5.480000E2,1.338771E0,-1.101371E1,
1.787500E0,5.490000E2,1.368903E0,-1.103022E1,
1.791667E0,5.500000E2,1.387691E0,-1.102942E1,
1.795833E0,5.510000E2,1.409391E0,-1.104568E1,
1.800000E0,5.520000E2,1.419713E0,-1.106407E1,
1.804167E0,5.530000E2,1.435655E0,-1.106600E1,
1.808333E0,5.540000E2,1.444865E0,-1.107030E1,
1.812500E0,5.550000E2,1.449156E0,-1.108106E1,
1.816667E0,5.560000E2,1.462699E0,-1.108651E1,
1.820833E0,5.570000E2,1.478496E0,-1.109171E1,
1.825000E0,5.580000E2,1.481742E0,-1.109600E1,
1.829167E0,5.590000E2,1.485758E0,-1.109527E1,
1.833333E0,5.600000E2,1.506738E0,-1.109914E1,
1.837500E0,5.610000E2,1.498061E0,-1.109569E1,
1.841667E0,5.620000E2,1.508795E0,-1.110460E1,
1.845833E0,5.630000E2,1.503548E0,-1.109978E1,
1.850000E0,5.640000E2,1.518210E0,-1.110502E1,
1.854167E0,5.650000E2,1.518762E0,-1.111046E1,
1.858333E0,5.660000E2,1.517864E0,-1.110846E1,
1.862500E0,5.670000E2,1.544074E0,-1.112067E1,
1.866667E0,5.680000E2,1.538377E0,-1.111454E1,
1.870833E0,5.690000E2,1.548092E0,-1.112317E1,
1.875000E0,5.700000E2,1.559986E0,-1.112423E1,
1.879167E0,5.710000E2,1.575952E0,-1.114026E1,
1.883333E0,5.720000E2,1.577870E0,-1.114056E1,
1.887500E0,5.730000E2,1.600788E0,-1.114566E1,
1.891667E0,5.740000E2,1.612724E0,-1.115161E1,
1.895833E0,5.750000E2,1.614769E0,-1.116375E1,
1.900000E0,5.760000E2,1.644823E0,-1.115803E1,
1.904167E0,5.770000E2,1.648329E0,-1.117481E1,
1.908333E0,5.780000E2,1.679192E0,-1.118780E1,
1.912500E0,5.790000E2,1.690257E0,-1.120257E1,
1.916667E0,5.800000E2,1.712349E0,-1.121165E1,
1.920833E0,5.810000E2,1.733049E0,-1.121283E1,
1.925000E0,5.820000E2,1.746211E0,-1.121322E1,
1.929167E0,5.830000E2,1.768523E0,-1.122801E1,
1.933333E0,5.840000E2,1.780022E0,-1.123707E1,
1.937500E0,5.850000E2,1.799380E0,-1.123433E1,
1.941667E0,5.860000E2,1.796594E0,-1.125190E1,
1.945833E0,5.870000E2,1.810656E0,-1.123599E1,
1.950000E0,5.880000E2,1.818450E0,-1.124879E1,
1.954167E0,5.890000E2,1.820228E0,-1.125193E1,
1.958333E0,5.900000E2,1.834459E0,-1.126684E1,
1.962500E0,5.910000E2,1.844689E0,-1.126224E1,
1.966667E0,5.920000E2,1.847363E0,-1.126358E1,
1.970833E0,5.930000E2,1.852467E0,-1.127199E1,
1.975000E0,5.940000E2,1.853910E0,-1.127940E1,
1.979167E0,5.950000E2,1.855676E0,-1.126343E1,
1.983333E0,5.960000E2,1.857182E0,-1.126736E1,
1.987500E0,5.970000E2,1.867952E0,-1.127960E1,
1.991667E0,5.980000E2,1.873948E0,-1.128403E1,
1.995833E0,5.990000E2,1.887119E0,-1.127902E1,
2.000000E0,6.000000E2,1.898959E0,-1.128236E1,
2.004167E0,6.010000E2,1.908364E0,-1.130042E1,
2.008333E0,6.020000E2,1.928083E0,-1.130876E1,
2.012500E0,6.030000E2,1.937665E0,-1.130260E1,
2.016667E0,6.040000E2,1.947928E0,-1.130711E1,
2.020833E0,6.050000E2,1.965932E0,-1.131365E1,
2.025000E0,6.060000E2,1.994253E0,-1.133483E1,
2.029167E0,6.070000E2,2.001051E0,-1.132242E1,
2.033333E0,6.080000E2,2.024676E0,-1.134240E1,
2.037500E0,6.090000E2,2.040154E0,-1.134009E1,
2.041667E0,6.100000E2,2.066732E0,-1.135516E1,
2.045833E0,6.110000E2,2.069152E0,-1.135151E1,
2.050000E0,6.120000E2,2.105961E0,-1.135969E1,
2.054167E0,6.130000E2,2.108946E0,-1.135946E1,
2.058333E0,6.140000E2,2.120513E0,-1.138248E1,
2.062500E0,6.150000E2,2.144293E0,-1.139423E1,
2.066667E0,6.160000E2,2.147129E0,-1.139486E1,
2.070833E0,6.170000E2,2.157999E0,-1.139738E1,
2.075000E0,6.180000E2,2.158410E0,-1.139603E1,
2.079167E0,6.190000E2,2.177116E0,-1.139220E1,
2.083333E0,6.200000E2,2.181180E0,-1.141122E1,
2.087500E0,6.210000E2,2.179779E0,-1.140456E1,
2.091667E0,6.220000E2,2.182825E0,-1.139986E1,
2.095833E0,6.230000E2,2.189476E0,-1.142107E1,
2.100000E0,6.240000E2,2.210010E0,-1.141600E1,
2.104167E0,6.250000E2,2.208354E0,-1.142276E1,
2.108333E0,6.260000E2,2.204296E0,-1.141256E1,
2.112500E0,6.270000E2,2.212327E0,-1.141593E1,
2.116667E0,6.280000E2,2.217255E0,-1.143286E1,
2.120833E0,6.290000E2,2.242990E0,-1.141925E1,
2.125000E0,6.300000E2,2.248243E0,-1.142991E1,
2.129167E0,6.310000E2,2.253758E0,-1.143283E1,
2.133333E0,6.320000E2,2.273397E0,-1.143469E1,
2.137500E0,6.330000E2,2.274394E0,-1.145021E1,
2.141667E0,6.340000E2,2.301548E0,-1.145872E1,
2.145833E0,6.350000E2,2.319855E0,-1.146139E1,
2.150000E0,6.360000E2,2.322590E0,-1.147555E1,
2.154167E0,6.370000E2,2.341896E0,-1.148923E1,
2.158333E0,6.380000E2,2.370339E0,-1.148899E1,
2.162500E0,6.390000E2,2.389177E0,-1.151017E1,
2.166667E0,6.400000E2,2.392600E0,-1.152096E1,
2.170833E0,6.410000E2,2.407571E0,-1.152694E1,
2.175000E0,6.420000E2,2.438818E0,-1.153626E1,
2.179167E0,6.430000E2,2.446484E0,-1.152606E1,
2.183333E0,6.440000E2,2.463936E0,-1.153987E1,
2.187500E0,6.450000E2,2.476722E0,-1.155322E1,
2.191667E0,6.460000E2,2.492960E0,-1.155474E1,
2.195833E0,6.470000E2,2.483034E0,-1.154250E1,
2.200000E0,6.480000E2,2.502361E0,-1.156091E1,
2.204167E0,6.490000E2,2.515004E0,-1.156855E1,
2.208333E0,6.500000E2,2.519575E0,-1.156832E1,
2.212500E0,6.510000E2,2.517762E0,-1.157334E1,
2.216667E0,6.520000E2,2.521923E0,-1.157654E1,
2.220833E0,6.530000E2,2.547155E0,-1.157719E1,
2.225000E0,6.540000E2,2.528857E0,-1.157575E1,
2.229167E0,6.550000E2,2.555752E0,-1.157900E1,
2.233333E0,6.560000E2,2.548407E0,-1.157707E1,
2.237500E0,6.570000E2,2.553244E0,-1.158282E1,
2.241667E0,6.580000E2,2.555241E0,-1.158704E1,
2.245833E0,6.590000E2,2.572777E0,-1.159424E1,
2.250000E0,6.600000E2,2.581783E0,-1.158605E1,
2.254167E0,6.610000E2,2.592390E0,-1.160234E1,
2.258333E0,6.620000E2,2.602954E0,-1.161225E1,
2.262500E0,6.630000E2,2.613807E0,-1.160430E1,
2.266667E0,6.640000E2,2.629864E0,-1.161997E1,
2.270833E0,6.650000E2,2.645567E0,-1.163157E1,
2.275000E0,6.660000E2,2.663125E0,-1.164121E1,
2.279167E0,6.670000E2,2.684528E0,-1.164303E1,
2.283333E0,6.680000E2,2.697018E0,-1.165906E1,
2.287500E0,6.690000E2,2.726587E0,-1.166515E1,
2.291667E0,6.700000E2,2.732683E0,-1.166931E1,
2.295833E0,6.710000E2,2.751769E0,-1.168035E1,
2.300000E0,6.720000E2,2.770426E0,-1.169543E1,
2.304167E0,6.730000E2,2.784989E0,-1.170367E1,
2.308333E0,6.740000E2,2.794293E0,-1.171580E1,
2.312500E0,6.750000E2,2.810407E0,-1.172115E1,
2.316667E0,6.760000E2,2.823501E0,-1.173046E1,
2.320833E0,6.770000E2,2.820378E0,-1.173039E1,
2.325000E0,6.780000E2,2.836238E0,-1.174596E1,
2.329167E0,6.790000E2,2.842212E0,-1.173947E1,
2.333333E0,6.800000E2,2.843392E0,-1.174912E1,
2.337500E0,6.810000E2,2.850170E0,-1.174052E1,
2.341667E0,6.820000E2,2.855319E0,-1.175199E1,
2.345833E0,6.830000E2,2.858518E0,-1.174922E1,
2.350000E0,6.840000E2,2.857765E0,-1.175785E1,
2.354167E0,6.850000E2,2.868991E0,-1.176095E1,
2.358333E0,6.860000E2,2.870092E0,-1.175213E1,
2.362500E0,6.870000E2,2.888498E0,-1.177389E1,
2.366667E0,6.880000E2,2.884868E0,-1.177082E1,
2.370833E0,6.890000E2,2.900409E0,-1.178405E1,
2.375000E0,6.900000E2,2.896336E0,-1.178743E1,
2.379167E0,6.910000E2,2.912948E0,-1.178623E1,
2.383333E0,6.920000E2,2.917502E0,-1.180030E1,
2.387500E0,6.930000E2,2.932480E0,-1.180195E1,
2.391667E0,6.940000E2,2.958349E0,-1.181780E1,
2.395833E0,6.950000E2,2.969283E0,-1.182715E1,
2.400000E0,6.960000E2,2.972058E0,-1.183960E1,
2.404167E0,6.970000E2,2.999464E0,-1.184911E1,
2.408333E0,6.980000E2,3.005838E0,-1.186572E1,
2.412500E0,6.990000E2,3.028990E0,-1.187150E1,
2.416667E0,7.000000E2,3.049467E0,-1.188082E1,
2.420833E0,7.010000E2,3.060059E0,-1.189665E1,
2.425000E0,7.020000E2,3.070495E0,-1.190542E1,
2.429167E0,7.030000E2,3.093577E0,-1.192395E1,
2.433333E0,7.040000E2,3.097654E0,-1.191978E1,
2.437500E0,7.050000E2,3.115162E0,-1.193852E1,
2.441667E0,7.060000E2,3.124407E0,-1.195353E1,
2.445833E0,7.070000E2,3.130161E0,-1.195734E1,
2.450000E0,7.080000E2,3.127940E0,-1.195684E1,
2.454167E0,7.090000E2,3.140755E0,-1.196849E1,
2.458333E0,7.100000E2,3.140846E0,-1.196675E1,
2.462500E0,7.110000E2,3.150984E0,-1.196848E1,
2.466667E0,7.120000E2,3.152910E0,-1.198823E1,
2.470833E0,7.130000E2,3.156531E0,-1.198687E1,
2.475000E0,7.140000E2,3.159403E0,-1.199170E1,
2.479167E0,7.150000E2,3.166964E0,-1.198466E1,
2.483333E0,7.160000E2,3.168553E0,-1.199510E1,
2.487500E0,7.170000E2,3.176907E0,-1.199001E1,
2.491667E0,7.180000E2,3.182142E0,-1.201620E1,
2.495833E0,7.190000E2,3.182442E0,-1.201056E1,
2.500000E0,7.200000E2,3.187690E0,-1.202655E1,
2.504167E0,7.210000E2,3.198596E0,-1.204210E1,
2.508333E0,7.220000E2,3.204519E0,-1.203194E1,
2.512500E0,7.230000E2,3.221050E0,-1.205716E1,
2.516667E0,7.240000E2,3.228068E0,-1.206883E1,
2.520833E0,7.250000E2,3.231657E0,-1.208574E1,
2.525000E0,7.260000E2,3.243431E0,-1.209631E1,
2.529167E0,7.270000E2,3.271780E0,-1.210882E1,
2.533333E0,7.280000E2,3.265944E0,-1.213118E1,
2.537500E0,7.290000E2,3.284470E0,-1.215015E1,
2.541667E0,7.300000E2,3.299564E0,-1.215272E1,
2.545833E0,7.310000E2,3.316515E0,-1.217485E1,
2.550000E0,7.320000E2,3.315035E0,-1.218202E1,
2.554167E0,7.330000E2,3.333432E0,-1.219728E1,
2.558333E0,7.340000E2,3.345544E0,-1.221003E1,
2.562500E0,7.350000E2,3.368483E0,-1.221698E1,
2.566667E0,7.360000E2,3.367331E0,-1.222757E1,
2.570833E0,7.370000E2,3.384629E0,-1.223051E1,
2.575000E0,7.380000E2,3.376838E0,-1.224927E1,
2.579167E0,7.390000E2,3.380794E0,-1.223751E1,
2.583333E0,7.400000E2,3.391185E0,-1.224874E1,
2.587500E0,7.410000E2,3.392970E0,-1.225341E1,
2.591667E0,7.420000E2,3.392301E0,-1.226531E1,
2.595833E0,7.430000E2,3.397469E0,-1.227464E1,
2.600000E0,7.440000E2,3.403272E0,-1.227043E1,
2.604167E0,7.450000E2,3.414318E0,-1.227929E1,
2.608333E0,7.460000E2,3.412703E0,-1.227986E1,
2.612500E0,7.470000E2,3.414504E0,-1.228801E1,
2.616667E0,7.480000E2,3.414154E0,-1.229471E1,
2.620833E0,7.490000E2,3.425668E0,-1.228837E1,
2.625000E0,7.500000E2,3.428756E0,-1.231173E1,
2.629167E0,7.510000E2,3.431607E0,-1.232308E1,
2.633333E0,7.520000E2,3.441192E0,-1.232649E1,
2.637500E0,7.530000E2,3.456486E0,-1.234670E1,
2.641667E0,7.540000E2,3.473726E0,-1.237134E1,
2.645833E0,7.550000E2,3.469716E0,-1.237034E1,
2.650000E0,7.560000E2,3.482033E0,-1.239298E1,
2.654167E0,7.570000E2,3.496136E0,-1.240936E1,
2.658333E0,7.580000E2,3.495351E0,-1.242162E1,
2.662500E0,7.590000E2,3.515019E0,-1.243638E1,
2.666667E0,7.600000E2,3.519376E0,-1.246561E1,
2.670833E0,7.610000E2,3.536183E0,-1.247008E1,
2.675000E0,7.620000E2,3.540950E0,-1.250695E1,
2.679167E0,7.630000E2,3.542587E0,-1.249340E1,
2.683333E0,7.640000E2,3.565798E0,-1.251935E1,
2.687500E0,7.650000E2,3.557479E0,-1.251978E1,
2.691667E0,7.660000E2,3.563413E0,-1.254525E1,
2.695833E0,7.670000E2,3.584044E0,-1.255066E1,
2.700000E0,7.680000E2,3.579703E0,-1.254014E1,
2.704167E0,7.690000E2,3.596753E0,-1.256028E1,
2.708333E0,7.700000E2,3.590789E0,-1.257164E1,
2.712500E0,7.710000E2,3.600508E0,-1.257594E1,
2.716667E0,7.720000E2,3.610139E0,-1.258199E1,
2.720833E0,7.730000E2,3.610470E0,-1.257987E1,
2.725000E0,7.740000E2,3.609102E0,-1.258240E1,
2.729167E0,7.750000E2,3.607269E0,-1.259456E1,
2.733333E0,7.760000E2,3.616113E0,-1.260580E1,
2.737500E0,7.770000E2,3.612783E0,-1.259981E1,
2.741667E0,7.780000E2,3.619432E0,-1.261995E1,
2.745833E0,7.790000E2,3.641600E0,-1.262840E1,
2.750000E0,7.800000E2,3.628373E0,-1.262691E1,
2.754167E0,7.810000E2,3.647389E0,-1.264565E1,
2.758333E0,7.820000E2,3.648914E0,-1.265134E1,
2.762500E0,7.830000E2,3.647263E0,-1.265310E1,
2.766667E0,7.840000E2,3.669675E0,-1.267497E1,
2.770833E0,7.850000E2,3.670428E0,-1.268026E1,
2.775000E0,7.860000E2,3.688716E0,-1.269526E1,
2.779167E0,7.870000E2,3.708841E0,-1.273555E1,
2.783333E0,7.880000E2,3.698545E0,-1.272707E1,
2.787500E0,7.890000E2,3.729906E0,-1.275131E1,
2.791667E0,7.900000E2,3.731734E0,-1.277152E1,
2.795833E0,7.910000E2,3.749862E0,-1.279457E1,
2.800000E0,7.920000E2,3.761446E0,-1.279419E1,
2.804167E0,7.930000E2,3.777046E0,-1.280697E1,
2.808333E0,7.940000E2,3.785212E0,-1.281541E1,
2.812500E0,7.950000E2,3.800122E0,-1.282894E1,
2.816667E0,7.960000E2,3.802838E0,-1.282538E1,
2.820833E0,7.970000E2,3.806159E0,-1.284175E1,
2.825000E0,7.980000E2,3.830448E0,-1.284590E1,
2.829167E0,7.990000E2,3.830618E0,-1.286257E1,
2.833333E0,8.000000E2,3.826409E0,-1.285048E1,
2.837500E0,8.010000E2,3.842413E0,-1.287016E1,
2.841667E0,8.020000E2,3.843546E0,-1.286731E1,
2.845833E0,8.030000E2,3.844667E0,-1.287452E1,
2.850000E0,8.040000E2,3.837067E0,-1.286284E1,
2.854167E0,8.050000E2,3.844177E0,-1.288815E1,
2.858333E0,8.060000E2,3.858554E0,-1.288958E1,
2.862500E0,8.070000E2,3.859077E0,-1.289136E1,
2.866667E0,8.080000E2,3.865525E0,-1.289822E1,
2.870833E0,8.090000E2,3.861568E0,-1.289774E1,
2.875000E0,8.100000E2,3.873852E0,-1.290407E1,
2.879167E0,8.110000E2,3.880226E0,-1.292054E1,
2.883333E0,8.120000E2,3.895467E0,-1.292947E1,
2.887500E0,8.130000E2,3.916453E0,-1.293726E1,
2.891667E0,8.140000E2,3.908947E0,-1.294696E1,
2.895833E0,8.150000E2,3.929689E0,-1.295661E1,
2.900000E0,8.160000E2,3.942945E0,-1.297380E1,
2.904167E0,8.170000E2,3.953037E0,-1.299354E1,
2.908333E0,8.180000E2,3.948506E0,-1.300892E1,
2.912500E0,8.190000E2,3.979167E0,-1.301567E1,
2.916667E0,8.200000E2,3.990834E0,-1.303275E1,
2.920833E0,8.210000E2,4.016149E0,-1.304206E1,
2.925000E0,8.220000E2,4.017196E0,-1.306857E1,
2.929167E0,8.230000E2,4.039640E0,-1.308155E1,
2.933333E0,8.240000E2,4.045292E0,-1.308787E1,
2.937500E0,8.250000E2,4.039608E0,-1.309185E1,
2.941667E0,8.260000E2,4.054394E0,-1.311697E1,
2.945833E0,8.270000E2,4.072190E0,-1.310942E1,
2.950000E0,8.280000E2,4.073982E0,-1.311867E1,
2.954167E0,8.290000E2,4.076151E0,-1.312622E1,
2.958333E0,8.300000E2,4.096565E0,-1.313234E1,
2.962500E0,8.310000E2,4.085487E0,-1.313613E1,
2.966667E0,8.320000E2,4.093914E0,-1.314607E1,
2.970833E0,8.330000E2,4.099754E0,-1.315128E1,
2.975000E0,8.340000E2,4.103597E0,-1.314941E1,
2.979167E0,8.350000E2,4.091658E0,-1.315089E1,
2.983333E0,8.360000E2,4.107089E0,-1.315392E1,
2.987500E0,8.370000E2,4.116385E0,-1.316279E1,
2.991667E0,8.380000E2,4.127945E0,-1.318024E1,
2.995833E0,8.390000E2,4.121196E0,-1.317833E1,
3.000000E0,8.400000E2,4.133137E0,-1.318215E1,
3.004167E0,8.410000E2,4.147695E0,-1.319223E1,
3.008333E0,8.420000E2,4.152563E0,-1.320438E1,
3.012500E0,8.430000E2,4.154245E0,-1.321728E1,
3.016667E0,8.440000E2,4.164048E0,-1.323559E1,
3.020833E0,8.450000E2,4.195850E0,-1.324079E1,
3.025000E0,8.460000E2,4.202519E0,-1.326832E1,
3.029167E0,8.470000E2,4.197281E0,-1.328265E1,
3.033333E0,8.480000E2,4.221716E0,-1.328039E1,
3.037500E0,8.490000E2,4.230414E0,-1.329901E1,
3.041667E0,8.500000E2,4.239175E0,-1.332240E1,
3.045833E0,8.510000E2,4.262020E0,-1.332336E1,
3.050000E0,8.520000E2,4.268960E0,-1.335070E1,
3.054167E0,8.530000E2,4.274258E0,-1.336210E1,
3.058333E0,8.540000E2,4.290204E0,-1.337823E1,
3.062500E0,8.550000E2,4.301735E0,-1.338678E1,
3.066667E0,8.560000E2,4.300674E0,-1.339385E1,
3.070833E0,8.570000E2,4.310655E0,-1.340086E1,
3.075000E0,8.580000E2,4.326882E0,-1.340983E1,
3.079167E0,8.590000E2,4.314505E0,-1.341543E1,
3.083333E0,8.600000E2,4.332851E0,-1.341501E1,
3.087500E0,8.610000E2,4.331972E0,-1.342352E1,
3.091667E0,8.620000E2,4.333086E0,-1.343549E1,
3.095833E0,8.630000E2,4.338348E0,-1.343041E1,
3.100000E0,8.640000E2,4.347213E0,-1.344274E1,
3.104167E0,8.650000E2,4.355550E0,-1.342892E1,
3.108333E0,8.660000E2,4.355853E0,-1.344283E1,
3.112500E0,8.670000E2,4.360105E0,-1.345560E1,
3.116667E0,8.680000E2,4.353951E0,-1.346500E1,
3.120833E0,8.690000E2,4.356530E0,-1.346835E1,
3.125000E0,8.700000E2,4.377015E0,-1.346891E1,
3.129167E0,8.710000E2,4.383873E0,-1.348967E1,
3.133333E0,8.720000E2,4.387642E0,-1.349003E1,
3.137500E0,8.730000E2,4.401793E0,-1.350745E1,
3.141667E0,8.740000E2,4.415314E0,-1.352304E1,
3.145833E0,8.750000E2,4.426707E0,-1.354031E1,
3.150000E0,8.760000E2,4.417366E0,-1.354860E1,
3.154167E0,8.770000E2,4.437141E0,-1.357370E1,
3.158333E0,8.780000E2,4.459647E0,-1.357852E1,
3.162500E0,8.790000E2,4.466513E0,-1.357915E1,
3.166667E0,8.800000E2,4.484542E0,-1.359940E1,
3.170833E0,8.810000E2,4.483115E0,-1.363489E1,
3.175000E0,8.820000E2,4.502814E0,-1.364239E1,
3.179167E0,8.830000E2,4.523113E0,-1.365874E1,
3.183333E0,8.840000E2,4.516146E0,-1.367161E1,
3.187500E0,8.850000E2,4.525785E0,-1.367960E1,
3.191667E0,8.860000E2,4.519785E0,-1.369585E1,
3.195833E0,8.870000E2,4.541355E0,-1.370143E1,
3.200000E0,8.880000E2,4.546334E0,-1.371271E1,
3.204167E0,8.890000E2,4.547524E0,-1.371649E1,
3.208333E0,8.900000E2,4.551162E0,-1.371536E1,
3.212500E0,8.910000E2,4.552905E0,-1.373124E1,
3.216667E0,8.920000E2,4.555588E0,-1.372599E1,
3.220833E0,8.930000E2,4.564482E0,-1.373545E1,
3.225000E0,8.940000E2,4.577948E0,-1.373282E1,
3.229167E0,8.950000E2,4.564306E0,-1.374257E1,
3.233333E0,8.960000E2,4.571185E0,-1.374004E1,
3.237500E0,8.970000E2,4.573692E0,-1.375265E1,
3.241667E0,8.980000E2,4.580498E0,-1.376078E1,
3.245833E0,8.990000E2,4.591850E0,-1.378137E1,
3.250000E0,9.000000E2,4.596000E0,-1.377672E1,
3.254167E0,9.010000E2,4.597582E0,-1.378369E1,
3.258333E0,9.020000E2,4.608725E0,-1.379914E1,
3.262500E0,9.030000E2,4.614927E0,-1.381324E1,
3.266667E0,9.040000E2,4.623503E0,-1.381753E1,
3.270833E0,9.050000E2,4.631899E0,-1.383576E1,
3.275000E0,9.060000E2,4.653550E0,-1.385333E1,
3.279167E0,9.070000E2,4.656799E0,-1.387758E1,
3.283333E0,9.080000E2,4.669248E0,-1.388225E1,
3.287500E0,9.090000E2,4.693399E0,-1.390474E1,
3.291667E0,9.100000E2,4.685310E0,-1.391908E1,
3.295833E0,9.110000E2,4.708591E0,-1.393006E1,
3.300000E0,9.120000E2,4.717613E0,-1.394864E1,
3.304167E0,9.130000E2,4.728947E0,-1.396121E1,
3.308333E0,9.140000E2,4.733988E0,-1.397246E1,
3.312500E0,9.150000E2,4.739780E0,-1.399778E1,
3.316667E0,9.160000E2,4.751183E0,-1.400262E1,
3.320833E0,9.170000E2,4.743742E0,-1.400327E1,
3.325000E0,9.180000E2,4.745891E0,-1.401748E1,
3.329167E0,9.190000E2,4.742261E0,-1.402233E1,
3.333333E0,9.200000E2,4.760864E0,-1.403310E1,
3.337500E0,9.210000E2,4.766941E0,-1.403543E1,
3.341667E0,9.220000E2,4.768186E0,-1.405440E1,
3.345833E0,9.230000E2,4.758582E0,-1.404247E1,
3.350000E0,9.240000E2,4.764217E0,-1.405620E1,
3.354167E0,9.250000E2,4.767114E0,-1.404305E1,
3.358333E0,9.260000E2,4.772115E0,-1.406296E1,
3.362500E0,9.270000E2,4.776427E0,-1.407215E1,
3.366667E0,9.280000E2,4.790000E0,-1.406089E1,
3.370833E0,9.290000E2,4.794652E0,-1.409053E1,
3.375000E0,9.300000E2,4.785933E0,-1.408676E1,
3.379167E0,9.310000E2,4.804215E0,-1.410692E1,
3.383333E0,9.320000E2,4.807258E0,-1.411586E1,
3.387500E0,9.330000E2,4.808165E0,-1.413067E1,
3.391667E0,9.340000E2,4.808628E0,-1.415605E1,
3.395833E0,9.350000E2,4.805390E0,-1.416647E1,
3.400000E0,9.360000E2,4.833051E0,-1.417802E1,
3.404167E0,9.370000E2,4.819539E0,-1.417315E1,
3.408333E0,9.380000E2,4.801282E0,-1.415344E1,
3.412500E0,9.390000E2,4.801626E0,-1.414196E1,
3.416667E0,9.400000E2,4.795359E0,-1.412056E1,
3.420833E0,9.410000E2,4.793470E0,-1.408647E1,
3.425000E0,9.420000E2,4.775459E0,-1.407893E1,
3.429167E0,9.430000E2,4.776562E0,-1.404391E1,
3.433333E0,9.440000E2,4.775594E0,-1.404016E1,
3.437500E0,9.450000E2,4.765215E0,-1.404087E1,
3.441667E0,9.460000E2,4.768664E0,-1.401618E1,
3.445833E0,9.470000E2,4.766052E0,-1.401721E1,
3.450000E0,9.480000E2,4.761163E0,-1.399360E1,
3.454167E0,9.490000E2,4.767249E0,-1.398983E1,
3.458333E0,9.500000E2,4.743262E0,-1.397844E1,
3.462500E0,9.510000E2,4.757956E0,-1.397145E1,
3.466667E0,9.520000E2,4.753112E0,-1.397654E1,
3.470833E0,9.530000E2,4.771477E0,-1.396978E1,
3.475000E0,9.540000E2,4.757973E0,-1.396790E1,
3.479167E0,9.550000E2,4.747373E0,-1.395106E1,
3.483333E0,9.560000E2,4.756798E0,-1.395291E1,
3.487500E0,9.570000E2,4.754592E0,-1.394468E1,
3.491667E0,9.580000E2,4.759574E0,-1.393484E1,
3.495833E0,9.590000E2,4.750522E0,-1.393571E1,
3.500000E0,9.600000E2,4.755234E0,-1.391133E1,
3.504167E0,9.610000E2,4.739691E0,-1.389866E1,
3.508333E0,9.620000E2,4.736646E0,-1.390121E1,
3.512500E0,9.630000E2,4.739085E0,-1.387661E1,
3.516667E0,9.640000E2,4.733681E0,-1.386247E1,
3.520833E0,9.650000E2,4.719656E0,-1.384398E1,
3.525000E0,9.660000E2,4.721266E0,-1.382372E1,
3.529167E0,9.670000E2,4.727641E0,-1.380780E1,
3.533333E0,9.680000E2,4.710064E0,-1.377683E1,
3.537500E0,9.690000E2,4.729424E0,-1.376731E1,
3.541667E0,9.700000E2,4.703578E0,-1.373812E1,
3.545833E0,9.710000E2,4.717953E0,-1.371931E1,
3.550000E0,9.720000E2,4.701432E0,-1.369609E1,
3.554167E0,9.730000E2,4.709480E0,-1.369579E1,
3.558333E0,9.740000E2,4.706112E0,-1.366410E1,
3.562500E0,9.750000E2,4.696354E0,-1.367349E1,
3.566667E0,9.760000E2,4.699623E0,-1.365735E1,
3.570833E0,9.770000E2,4.695778E0,-1.363922E1,
3.575000E0,9.780000E2,4.692709E0,-1.363326E1,
3.579167E0,9.790000E2,4.691131E0,-1.362931E1,
3.583333E0,9.800000E2,4.689765E0,-1.361776E1,
3.587500E0,9.810000E2,4.688804E0,-1.360601E1,
3.591667E0,9.820000E2,4.693130E0,-1.360274E1,
3.595833E0,9.830000E2,4.690038E0,-1.360155E1,
3.600000E0,9.840000E2,4.684240E0,-1.359537E1,
3.604167E0,9.850000E2,4.669637E0,-1.359249E1,
3.608333E0,9.860000E2,4.687238E0,-1.356879E1,
3.612500E0,9.870000E2,4.686352E0,-1.358743E1,
3.616667E0,9.880000E2,4.683672E0,-1.357709E1,
3.620833E0,9.890000E2,4.681684E0,-1.356121E1,
3.625000E0,9.900000E2,4.675976E0,-1.354871E1,
3.629167E0,9.910000E2,4.674776E0,-1.353092E1,
3.633333E0,9.920000E2,4.678549E0,-1.351974E1,
3.637500E0,9.930000E2,4.680471E0,-1.351758E1,
3.641667E0,9.940000E2,4.670023E0,-1.349715E1,
3.645833E0,9.950000E2,4.669607E0,-1.347705E1,
3.650000E0,9.960000E2,4.673980E0,-1.344916E1,
3.654167E0,9.970000E2,4.659832E0,-1.342836E1,
3.658333E0,9.980000E2,4.666215E0,-1.340871E1,
3.662500E0,9.990000E2,4.654091E0,-1.338454E1,
3.666667E0,1.000000E3,4.651274E0,-1.338613E1,
3.670833E0,1.001000E3,4.648414E0,-1.334522E1,
3.675000E0,1.002000E3,4.638575E0,-1.333761E1,
3.679167E0,1.003000E3,4.635435E0,-1.332808E1,
3.683333E0,1.004000E3,4.641217E0,-1.330684E1,
3.687500E0,1.005000E3,4.632533E0,-1.329578E1,
3.691667E0,1.006000E3,4.635852E0,-1.327399E1,
3.695833E0,1.007000E3,4.625487E0,-1.326545E1,
3.700000E0,1.008000E3,4.623063E0,-1.327907E1,
3.704167E0,1.009000E3,4.618764E0,-1.325080E1,
3.708333E0,1.010000E3,4.623612E0,-1.324719E1,
3.712500E0,1.011000E3,4.613569E0,-1.323231E1,
3.716667E0,1.012000E3,4.610379E0,-1.323110E1,
3.720833E0,1.013000E3,4.616350E0,-1.322718E1,
3.725000E0,1.014000E3,4.608829E0,-1.323332E1,
3.729167E0,1.015000E3,4.603786E0,-1.322295E1,
3.733333E0,1.016000E3,4.605404E0,-1.322142E1,
3.737500E0,1.017000E3,4.588454E0,-1.320301E1,
3.741667E0,1.018000E3,4.596542E0,-1.321083E1,
3.745833E0,1.019000E3,4.615367E0,-1.319174E1,
3.750000E0,1.020000E3,4.592562E0,-1.318140E1,
3.754167E0,1.021000E3,4.595787E0,-1.317244E1,
3.758333E0,1.022000E3,4.580728E0,-1.315084E1,
3.762500E0,1.023000E3,4.593665E0,-1.314211E1,
3.766667E0,1.024000E3,4.583684E0,-1.313229E1,
3.770833E0,1.025000E3,4.573509E0,-1.310628E1,
3.775000E0,1.026000E3,4.573103E0,-1.310014E1,
3.779167E0,1.027000E3,4.575502E0,-1.306661E1,
3.783333E0,1.028000E3,4.555644E0,-1.305782E1,
3.787500E0,1.029000E3,4.553399E0,-1.302741E1,
3.791667E0,1.030000E3,4.547930E0,-1.301969E1,
3.795833E0,1.031000E3,4.529984E0,-1.300521E1,
3.800000E0,1.032000E3,4.526288E0,-1.296716E1,
3.804167E0,1.033000E3,4.528502E0,-1.296798E1,
3.808333E0,1.034000E3,4.517124E0,-1.294270E1,
3.812500E0,1.035000E3,4.518414E0,-1.293144E1,
3.816667E0,1.036000E3,4.515123E0,-1.292959E1,
3.820833E0,1.037000E3,4.511724E0,-1.290723E1,
3.825000E0,1.038000E3,4.506484E0,-1.289205E1,
3.829167E0,1.039000E3,4.505198E0,-1.289590E1,
3.833333E0,1.040000E3,4.507787E0,-1.288763E1,
3.837500E0,1.041000E3,4.491090E0,-1.289349E1,
3.841667E0,1.042000E3,4.502093E0,-1.287546E1,
3.845833E0,1.043000E3,4.494289E0,-1.288105E1,
3.850000E0,1.044000E3,4.508733E0,-1.287552E1,
3.854167E0,1.045000E3,4.494616E0,-1.287398E1,
3.858333E0,1.046000E3,4.493467E0,-1.286531E1,
3.862500E0,1.047000E3,4.491147E0,-1.284225E1,
3.866667E0,1.048000E3,4.484736E0,-1.285191E1,
3.870833E0,1.049000E3,4.490839E0,-1.284297E1,
3.875000E0,1.050000E3,4.471007E0,-1.282095E1,
3.879167E0,1.051000E3,4.483972E0,-1.281561E1,
3.883333E0,1.052000E3,4.473087E0,-1.279850E1,
3.887500E0,1.053000E3,4.477330E0,-1.277859E1,
3.891667E0,1.054000E3,4.461741E0,-1.277676E1,
3.895833E0,1.055000E3,4.450765E0,-1.275363E1,
3.900000E0,1.056000E3,4.448771E0,-1.273548E1,
3.904167E0,1.057000E3,4.440955E0,-1.271335E1,
3.908333E0,1.058000E3,4.432768E0,-1.270015E1,
3.912500E0,1.059000E3,4.431077E0,-1.268324E1,
3.916667E0,1.060000E3,4.424271E0,-1.266604E1,
3.920833E0,1.061000E3,4.418950E0,-1.265220E1,
3.925000E0,1.062000E3,4.408942E0,-1.262279E1,
3.929167E0,1.063000E3,4.405195E0,-1.260999E1,
3.933333E0,1.064000E3,4.392788E0,-1.258832E1,
3.937500E0,1.065000E3,4.382009E0,-1.257072E1,
3.941667E0,1.066000E3,4.395586E0,-1.255871E1,
3.945833E0,1.067000E3,4.389879E0,-1.255794E1,
3.950000E0,1.068000E3,4.383328E0,-1.254994E1,
3.954167E0,1.069000E3,4.386390E0,-1.255806E1,
3.958333E0,1.070000E3,4.382723E0,-1.253404E1,
3.962500E0,1.071000E3,4.375247E0,-1.252904E1,
3.966667E0,1.072000E3,4.361486E0,-1.252684E1,
3.970833E0,1.073000E3,4.366762E0,-1.252566E1,
3.975000E0,1.074000E3,4.368497E0,-1.250256E1,
3.979167E0,1.075000E3,4.364607E0,-1.250508E1,
3.983333E0,1.076000E3,4.359211E0,-1.250529E1,
3.987500E0,1.077000E3,4.350678E0,-1.250985E1,
3.991667E0,1.078000E3,4.356211E0,-1.249962E1,
3.995833E0,1.079000E3,4.356020E0,-1.248391E1,
4.000000E0,1.080000E3,4.356499E0,-1.247577E1,
4.004167E0,1.081000E3,4.345158E0,-1.246306E1,
4.008333E0,1.082000E3,4.354840E0,-1.245687E1,
4.012500E0,1.083000E3,4.332809E0,-1.243170E1,
4.016667E0,1.084000E3,4.328139E0,-1.240967E1,
4.020833E0,1.085000E3,4.331178E0,-1.240558E1,
4.025000E0,1.086000E3,4.329157E0,-1.238419E1,
4.029167E0,1.087000E3,4.324910E0,-1.236111E1,
4.033333E0,1.088000E3,4.313043E0,-1.234996E1,
4.037500E0,1.089000E3,4.299933E0,-1.232358E1,
4.041667E0,1.090000E3,4.308277E0,-1.230931E1,
4.045833E0,1.091000E3,4.289385E0,-1.228343E1,
4.050000E0,1.092000E3,4.290724E0,-1.227125E1,
4.054167E0,1.093000E3,4.272711E0,-1.223382E1,
4.058333E0,1.094000E3,4.275632E0,-1.224249E1,
4.062500E0,1.095000E3,4.277756E0,-1.222109E1,
4.066667E0,1.096000E3,4.260064E0,-1.221281E1,
4.070833E0,1.097000E3,4.257562E0,-1.220443E1,
4.075000E0,1.098000E3,4.269736E0,-1.218995E1,
4.079167E0,1.099000E3,4.265272E0,-1.218187E1,
4.083333E0,1.100000E3,4.260157E0,-1.218368E1,
4.087500E0,1.101000E3,4.250553E0,-1.216929E1,
4.091667E0,1.102000E3,4.253174E0,-1.217017E1,
4.095833E0,1.103000E3,4.250905E0,-1.218290E1,
4.100000E0,1.104000E3,4.256552E0,-1.216259E1,
4.104167E0,1.105000E3,4.251866E0,-1.215546E1,
4.108333E0,1.106000E3,4.242639E0,-1.214693E1,
4.112500E0,1.107000E3,4.244204E0,-1.214744E1,
4.116667E0,1.108000E3,4.243606E0,-1.212789E1,
4.120833E0,1.109000E3,4.243810E0,-1.211882E1,
4.125000E0,1.110000E3,4.243740E0,-1.212513E1,
4.129167E0,1.111000E3,4.234774E0,-1.210183E1,
4.133333E0,1.112000E3,4.225080E0,-1.208832E1,
4.137500E0,1.113000E3,4.225175E0,-1.206644E1,
4.141667E0,1.114000E3,4.216239E0,-1.206287E1,
4.145833E0,1.115000E3,4.223187E0,-1.203739E1,
4.150000E0,1.116000E3,4.207921E0,-1.203149E1,
4.154167E0,1.117000E3,4.204280E0,-1.199762E1,
4.158333E0,1.118000E3,4.201201E0,-1.198513E1,
4.162500E0,1.119000E3,4.191611E0,-1.197510E1,
4.166667E0,1.120000E3,4.191223E0,-1.194723E1,
4.170833E0,1.121000E3,4.186343E0,-1.192947E1,
4.175000E0,1.122000E3,4.179480E0,-1.191512E1,
4.179167E0,1.123000E3,4.179192E0,-1.189861E1,
4.183333E0,1.124000E3,4.169642E0,-1.187445E1,
4.187500E0,1.125000E3,4.170994E0,-1.186626E1,
4.191667E0,1.126000E3,4.165243E0,-1.185382E1,
4.195833E0,1.127000E3,4.163042E0,-1.184905E1,
4.200000E0,1.128000E3,4.166700E0,-1.183248E1,
4.204167E0,1.129000E3,4.158304E0,-1.182291E1,
4.208333E0,1.130000E3,4.159112E0,-1.181797E1,
4.212500E0,1.131000E3,4.154758E0,-1.181770E1,
4.216667E0,1.132000E3,4.158289E0,-1.180406E1,
4.220833E0,1.133000E3,4.156461E0,-1.180020E1,
4.225000E0,1.134000E3,4.150575E0,-1.180306E1,
4.229167E0,1.135000E3,4.146842E0,-1.179701E1,
4.233333E0,1.136000E3,4.154236E0,-1.178061E1,
4.237500E0,1.137000E3,4.168773E0,-1.178312E1,
4.241667E0,1.138000E3,4.158697E0,-1.177296E1,
4.245833E0,1.139000E3,4.152218E0,-1.175366E1,
4.250000E0,1.140000E3,4.144190E0,-1.176332E1,
4.254167E0,1.141000E3,4.161951E0,-1.173455E1,
4.258333E0,1.142000E3,4.144919E0,-1.172283E1,
4.262500E0,1.143000E3,4.137842E0,-1.170295E1,
4.266667E0,1.144000E3,4.142231E0,-1.169643E1,
4.270833E0,1.145000E3,4.148372E0,-1.167916E1,
4.275000E0,1.146000E3,4.139572E0,-1.166351E1,
4.279167E0,1.147000E3,4.131620E0,-1.163329E1,
4.283333E0,1.148000E3,4.131764E0,-1.161116E1,
4.287500E0,1.149000E3,4.132275E0,-1.160793E1,
4.291667E0,1.150000E3,4.138679E0,-1.157549E1,
4.295833E0,1.151000E3,4.130592E0,-1.156255E1,
4.300000E0,1.152000E3,4.132971E0,-1.154805E1,
4.304167E0,1.153000E3,4.133470E0,-1.153108E1,
4.308333E0,1.154000E3,4.140419E0,-1.150667E1,
4.312500E0,1.155000E3,4.126219E0,-1.150317E1,
4.316667E0,1.156000E3,4.120399E0,-1.149609E1,
4.320833E0,1.157000E3,4.133742E0,-1.147108E1,
4.325000E0,1.158000E3,4.118794E0,-1.146486E1,
4.329167E0,1.159000E3,4.127789E0,-1.144553E1,
4.333333E0,1.160000E3,4.119763E0,-1.143909E1,
4.337500E0,1.161000E3,4.127860E0,-1.144506E1,
4.341667E0,1.162000E3,4.113096E0,-1.143241E1,
4.345833E0,1.163000E3,4.130669E0,-1.143030E1,
4.350000E0,1.164000E3,4.131344E0,-1.143128E1,
4.354167E0,1.165000E3,4.124323E0,-1.142373E1,
4.358333E0,1.166000E3,4.123368E0,-1.141209E1,
4.362500E0,1.167000E3,4.132492E0,-1.139883E1,
4.366667E0,1.168000E3,4.125749E0,-1.139323E1,
4.370833E0,1.169000E3,4.117715E0,-1.139427E1,
4.375000E0,1.170000E3,4.123467E0,-1.137874E1,
4.379167E0,1.171000E3,4.122582E0,-1.136408E1,
4.383333E0,1.172000E3,4.118795E0,-1.135373E1,
4.387500E0,1.173000E3,4.119011E0,-1.133625E1,
4.391667E0,1.174000E3,4.116295E0,-1.132225E1,
4.395833E0,1.175000E3,4.111944E0,-1.130666E1,
4.400000E0,1.176000E3,4.107647E0,-1.128220E1,
4.404167E0,1.177000E3,4.118733E0,-1.126179E1,
4.408333E0,1.178000E3,4.117791E0,-1.124304E1,
4.412500E0,1.179000E3,4.104552E0,-1.122674E1,
4.416667E0,1.180000E3,4.115581E0,-1.120342E1,
4.420833E0,1.181000E3,4.112793E0,-1.118628E1,
4.425000E0,1.182000E3,4.113385E0,-1.117549E1,
4.429167E0,1.183000E3,4.116843E0,-1.115073E1,
4.433333E0,1.184000E3,4.118573E0,-1.113482E1,
4.437500E0,1.185000E3,4.111779E0,-1.112859E1,
4.441667E0,1.186000E3,4.117637E0,-1.110786E1,
4.445833E0,1.187000E3,4.115444E0,-1.109527E1,
4.450000E0,1.188000E3,4.118132E0,-1.108297E1,
4.454167E0,1.189000E3,4.121123E0,-1.108079E1,
4.458333E0,1.190000E3,4.119377E0,-1.107090E1,
4.462500E0,1.191000E3,4.126297E0,-1.107564E1,
4.466667E0,1.192000E3,4.130461E0,-1.106916E1,
4.470833E0,1.193000E3,4.125566E0,-1.104937E1,
4.475000E0,1.194000E3,4.121743E0,-1.105918E1,
4.479167E0,1.195000E3,4.109026E0,-1.105082E1,
4.483333E0,1.196000E3,4.125725E0,-1.104077E1,
4.487500E0,1.197000E3,4.113013E0,-1.103531E1,
4.491667E0,1.198000E3,4.119048E0,-1.102755E1,
4.495833E0,1.199000E3,4.121492E0,-1.101767E1,
4.500000E0,1.200000E3,4.117814E0,-1.099864E1,
4.504167E0,1.201000E3,4.123785E0,-1.099354E1,
4.508333E0,1.202000E3,4.117621E0,-1.097362E1,
4.512500E0,1.203000E3,4.111178E0,-1.095563E1,
4.516667E0,1.204000E3,4.114143E0,-1.094692E1,
4.520833E0,1.205000E3,4.102034E0,-1.092839E1,
4.525000E0,1.206000E3,4.117805E0,-1.091437E1,
4.529167E0,1.207000E3,4.115476E0,-1.089660E1,
4.533333E0,1.208000E3,4.115879E0,-1.086937E1,
4.537500E0,1.209000E3,4.115903E0,-1.085003E1,
4.541667E0,1.210000E3,4.099172E0,-1.082556E1,
4.545833E0,1.211000E3,4.113876E0,-1.082227E1,
4.550000E0,1.212000E3,4.101732E0,-1.079253E1,
4.554167E0,1.213000E3,4.119875E0,-1.077597E1,
4.558333E0,1.214000E3,4.117796E0,-1.075614E1,
4.562500E0,1.215000E3,4.108369E0,-1.074686E1,
4.566667E0,1.216000E3,4.119784E0,-1.073444E1,
4.570833E0,1.217000E3,4.107104E0,-1.072100E1,
4.575000E0,1.218000E3,4.106521E0,-1.071078E1,
4.579167E0,1.219000E3,4.100531E0,-1.070517E1,
4.583333E0,1.220000E3,4.103673E0,-1.069516E1,
4.587500E0,1.221000E3,4.105546E0,-1.069656E1,
4.591667E0,1.222000E3,4.115273E0,-1.067692E1,
4.595833E0,1.223000E3,4.109005E0,-1.067284E1,
4.600000E0,1.224000E3,4.095266E0,-1.068216E1,
4.604167E0,1.225000E3,4.110345E0,-1.067289E1,
4.608333E0,1.226000E3,4.096064E0,-1.065910E1,
4.612500E0,1.227000E3,4.104789E0,-1.065630E1,
4.616667E0,1.228000E3,4.109435E0,-1.064316E1,
4.620833E0,1.229000E3,4.106737E0,-1.064002E1,
4.625000E0,1.230000E3,4.097956E0,-1.062314E1,
4.629167E0,1.231000E3,4.120035E0,-1.060742E1,
4.633333E0,1.232000E3,4.105654E0,-1.060476E1,
4.637500E0,1.233000E3,4.102757E0,-1.059493E1,
4.641667E0,1.234000E3,4.108606E0,-1.056123E1,
4.645833E0,1.235000E3,4.102570E0,-1.054672E1,
4.650000E0,1.236000E3,4.112294E0,-1.052714E1,
4.654167E0,1.237000E3,4.105276E0,-1.052206E1,
4.658333E0,1.238000E3,4.103005E0,-1.050436E1,
4.662500E0,1.239000E3,4.099693E0,-1.046665E1,
4.666667E0,1.240000E3,4.101885E0,-1.045726E1,
4.670833E0,1.241000E3,4.110986E0,-1.043248E1,
4.675000E0,1.242000E3,4.097586E0,-1.041835E1,
4.679167E0,1.243000E3,4.098171E0,-1.039399E1,
4.683333E0,1.244000E3,4.095423E0,-1.038881E1,
4.687500E0,1.245000E3,4.103352E0,-1.038172E1,
4.691667E0,1.246000E3,4.107492E0,-1.035554E1,
4.695833E0,1.247000E3,4.109399E0,-1.034177E1,
4.700000E0,1.248000E3,4.110984E0,-1.035002E1,
4.704167E0,1.249000E3,4.095444E0,-1.032431E1,
4.708333E0,1.250000E3,4.105164E0,-1.032030E1,
4.712500E0,1.251000E3,4.106688E0,-1.031362E1,
4.716667E0,1.252000E3,4.099799E0,-1.031193E1,
4.720833E0,1.253000E3,4.094840E0,-1.031459E1,
4.725000E0,1.254000E3,4.099733E0,-1.029980E1,
4.729167E0,1.255000E3,4.104421E0,-1.029489E1,
4.733333E0,1.256000E3,4.102656E0,-1.028022E1,
4.737500E0,1.257000E3,4.090540E0,-1.028710E1,
4.741667E0,1.258000E3,4.101637E0,-1.027934E1,
4.745833E0,1.259000E3,4.114457E0,-1.026783E1,
4.750000E0,1.260000E3,4.091385E0,-1.025323E1,
4.754167E0,1.261000E3,4.105211E0,-1.024352E1,
4.758333E0,1.262000E3,4.099635E0,-1.023335E1,
4.762500E0,1.263000E3,4.097379E0,-1.020334E1,
4.766667E0,1.264000E3,4.091675E0,-1.020105E1,
4.770833E0,1.265000E3,4.084701E0,-1.018150E1,
4.775000E0,1.266000E3,4.099302E0,-1.016656E1,
4.779167E0,1.267000E3,4.089997E0,-1.013965E1,
4.783333E0,1.268000E3,4.088671E0,-1.011640E1,
4.787500E0,1.269000E3,4.072446E0,-1.008558E1,
4.791667E0,1.270000E3,4.075123E0,-1.008705E1,
4.795833E0,1.271000E3,4.078752E0,-1.004960E1,
4.800000E0,1.272000E3,4.092149E0,-1.004177E1,
4.804167E0,1.273000E3,4.073699E0,-1.003355E1,
4.808333E0,1.274000E3,4.086759E0,-1.000994E1,
4.812500E0,1.275000E3,4.083884E0,-9.995790E0,
4.816667E0,1.276000E3,4.072760E0,-9.984789E0,
4.820833E0,1.277000E3,4.067020E0,-9.971805E0,
4.825000E0,1.278000E3,4.070782E0,-9.962987E0,
4.829167E0,1.279000E3,4.081430E0,-9.956608E0,
4.833333E0,1.280000E3,4.075452E0,-9.955312E0,
4.837500E0,1.281000E3,4.074075E0,-9.938071E0,
4.841667E0,1.282000E3,4.070634E0,-9.939285E0,
4.845833E0,1.283000E3,4.066649E0,-9.926210E0,
4.850000E0,1.284000E3,4.071383E0,-9.933085E0,
4.854167E0,1.285000E3,4.081641E0,-9.918806E0,
4.858333E0,1.286000E3,4.074873E0,-9.923299E0,
4.862500E0,1.287000E3,4.078263E0,-9.914532E0,
4.866667E0,1.288000E3,4.057531E0,-9.905110E0,
4.870833E0,1.289000E3,4.076849E0,-9.882224E0,
4.875000E0,1.290000E3,4.074962E0,-9.888874E0,
4.879167E0,1.291000E3,4.058027E0,-9.869394E0,
4.883333E0,1.292000E3,4.058942E0,-9.864589E0,
4.887500E0,1.293000E3,4.061460E0,-9.831474E0,
4.891667E0,1.294000E3,4.052489E0,-9.817613E0,
4.895833E0,1.295000E3,4.042790E0,-9.806668E0,
4.900000E0,1.296000E3,4.043907E0,-9.791272E0,
4.904167E0,1.297000E3,4.043245E0,-9.767450E0,
4.908333E0,1.298000E3,4.036753E0,-9.746731E0,
4.912500E0,1.299000E3,4.039594E0,-9.731575E0,
4.916667E0,1.300000E3,4.031990E0,-9.721040E0,
4.920833E0,1.301000E3,4.031726E0,-9.699842E0,
4.925000E0,1.302000E3,4.019046E0,-9.667430E0,
4.929167E0,1.303000E3,4.021337E0,-9.659172E0,
4.933333E0,1.304000E3,4.016619E0,-9.636358E0,
4.937500E0,1.305000E3,4.014189E0,-9.620750E0,
4.941667E0,1.306000E3,4.020557E0,-9.606582E0,
4.945833E0,1.307000E3,4.005369E0,-9.598450E0,
4.950000E0,1.308000E3,4.020785E0,-9.587116E0,
4.954167E0,1.309000E3,4.009852E0,-9.583765E0,
4.958333E0,1.310000E3,4.017519E0,-9.571746E0,
4.962500E0,1.311000E3,4.013942E0,-9.575072E0,
4.966667E0,1.312000E3,3.999635E0,-9.578728E0,
4.970833E0,1.313000E3,4.003313E0,-9.553720E0,
4.975000E0,1.314000E3,4.011401E0,-9.565222E0,
4.979167E0,1.315000E3,4.007656E0,-9.556529E0,
4.983333E0,1.316000E3,3.998610E0,-9.538379E0,
4.987500E0,1.317000E3,3.999546E0,-9.547076E0,
4.991667E0,1.318000E3,4.007251E0,-9.523357E0,
4.995833E0,1.319000E3,3.997481E0,-9.529487E0,
5.000000E0,1.320000E3,4.007293E0,-9.509607E0,
5.004167E0,1.321000E3,4.000830E0,-9.493770E0,
5.008333E0,1.322000E3,3.991199E0,-9.489472E0,
5.012500E0,1.323000E3,3.989811E0,-9.472787E0,
5.016667E0,1.324000E3,3.984715E0,-9.449946E0,
5.020833E0,1.325000E3,3.987725E0,-9.436758E0,
5.025000E0,1.326000E3,3.979538E0,-9.418149E0,
5.029167E0,1.327000E3,3.983156E0,-9.404172E0,
5.033333E0,1.328000E3,3.980490E0,-9.374641E0,
5.037500E0,1.329000E3,3.969438E0,-9.360502E0,
5.041667E0,1.330000E3,3.960090E0,-9.340624E0,
5.045833E0,1.331000E3,3.965155E0,-9.313465E0,
5.050000E0,1.332000E3,3.956033E0,-9.311159E0,
5.054167E0,1.333000E3,3.953373E0,-9.289211E0,
5.058333E0,1.334000E3,3.947325E0,-9.278011E0,
5.062500E0,1.335000E3,3.951932E0,-9.260986E0,
5.066667E0,1.336000E3,3.939916E0,-9.252461E0,
5.070833E0,1.337000E3,3.947705E0,-9.234662E0,
5.075000E0,1.338000E3,3.936133E0,-9.223908E0,
5.079167E0,1.339000E3,3.942535E0,-9.213594E0,
5.083333E0,1.340000E3,3.948958E0,-9.222768E0,
5.087500E0,1.341000E3,3.939309E0,-9.210230E0,
5.091667E0,1.342000E3,3.938376E0,-9.197847E0,
5.095833E0,1.343000E3,3.934586E0,-9.193288E0,
5.100000E0,1.344000E3,3.930706E0,-9.184934E0,
5.104167E0,1.345000E3,3.938798E0,-9.176465E0,
5.108333E0,1.346000E3,3.939917E0,-9.176334E0,
5.112500E0,1.347000E3,3.930468E0,-9.167062E0,
5.116667E0,1.348000E3,3.934168E0,-9.156584E0,
5.120833E0,1.349000E3,3.920981E0,-9.157228E0,
5.125000E0,1.350000E3,3.933762E0,-9.159878E0,
5.129167E0,1.351000E3,3.929574E0,-9.136955E0,
5.133333E0,1.352000E3,3.928201E0,-9.107250E0,
5.137500E0,1.353000E3,3.930739E0,-9.109409E0,
5.141667E0,1.354000E3,3.931010E0,-9.090463E0,
5.145833E0,1.355000E3,3.916062E0,-9.067352E0,
5.150000E0,1.356000E3,3.921715E0,-9.044419E0,
5.154167E0,1.357000E3,3.917563E0,-9.026524E0,
5.158333E0,1.358000E3,3.915487E0,-9.003081E0,
5.162500E0,1.359000E3,3.902110E0,-8.981162E0,
5.166667E0,1.360000E3,3.916382E0,-8.965495E0,
5.170833E0,1.361000E3,3.899845E0,-8.947356E0,
5.175000E0,1.362000E3,3.904777E0,-8.943047E0,
5.179167E0,1.363000E3,3.899915E0,-8.919975E0,
5.183333E0,1.364000E3,3.903598E0,-8.899498E0,
5.187500E0,1.365000E3,3.895394E0,-8.890309E0,
5.191667E0,1.366000E3,3.904680E0,-8.868484E0,
5.195833E0,1.367000E3,3.890840E0,-8.869703E0,
5.200000E0,1.368000E3,3.895406E0,-8.863303E0,
5.204167E0,1.369000E3,3.884261E0,-8.854926E0,
5.208333E0,1.370000E3,3.883245E0,-8.838548E0,
5.212500E0,1.371000E3,3.880069E0,-8.839599E0,
5.216667E0,1.372000E3,3.887002E0,-8.828765E0,
5.220833E0,1.373000E3,3.872012E0,-8.816278E0,
5.225000E0,1.374000E3,3.870189E0,-8.816949E0,
5.229167E0,1.375000E3,3.882664E0,-8.808063E0,
5.233333E0,1.376000E3,3.876074E0,-8.800744E0,
5.237500E0,1.377000E3,3.885202E0,-8.798702E0,
5.241667E0,1.378000E3,3.879304E0,-8.792177E0,
5.245833E0,1.379000E3,3.881409E0,-8.794516E0,
5.250000E0,1.380000E3,3.881174E0,-8.775271E0,
5.254167E0,1.381000E3,3.882954E0,-8.757763E0,
5.258333E0,1.382000E3,3.880651E0,-8.748143E0,
5.262500E0,1.383000E3,3.887603E0,-8.734417E0,
5.266667E0,1.384000E3,3.876727E0,-8.711454E0,
5.270833E0,1.385000E3,3.870099E0,-8.695126E0,
5.275000E0,1.386000E3,3.887817E0,-8.677771E0,
5.279167E0,1.387000E3,3.871800E0,-8.653836E0,
5.283333E0,1.388000E3,3.878598E0,-8.623769E0,
5.287500E0,1.389000E3,3.873513E0,-8.609411E0,
5.291667E0,1.390000E3,3.863618E0,-8.593375E0,
5.295833E0,1.391000E3,3.871088E0,-8.582847E0,
5.300000E0,1.392000E3,3.880225E0,-8.557128E0,
5.304167E0,1.393000E3,3.875335E0,-8.542759E0,
5.308333E0,1.394000E3,3.873259E0,-8.532417E0,
5.312500E0,1.395000E3,3.869873E0,-8.510889E0,
5.316667E0,1.396000E3,3.857080E0,-8.497957E0,
5.320833E0,1.397000E3,3.863299E0,-8.485034E0,
5.325000E0,1.398000E3,3.862189E0,-8.478765E0,
5.329167E0,1.399000E3,3.868172E0,-8.471227E0,
5.333333E0,1.400000E3,3.864225E0,-8.464624E0,
5.337500E0,1.401000E3,3.864094E0,-8.463636E0,
5.341667E0,1.402000E3,3.862560E0,-8.462504E0,
5.345833E0,1.403000E3,3.861756E0,-8.453738E0,
5.350000E0,1.404000E3,3.864644E0,-8.447239E0,
5.354167E0,1.405000E3,3.860218E0,-8.439507E0,
5.358333E0,1.406000E3,3.859406E0,-8.429606E0,
5.362500E0,1.407000E3,3.855296E0,-8.421820E0,
5.366667E0,1.408000E3,3.870600E0,-8.431852E0,
5.370833E0,1.409000E3,3.842638E0,-8.410215E0,
5.375000E0,1.410000E3,3.860939E0,-8.402241E0,
5.379167E0,1.411000E3,3.861180E0,-8.385716E0,
5.383333E0,1.412000E3,3.855492E0,-8.373391E0,
5.387500E0,1.413000E3,3.842845E0,-8.353427E0,
5.391667E0,1.414000E3,3.846099E0,-8.342247E0,
5.395833E0,1.415000E3,3.830758E0,-8.324539E0,
5.400000E0,1.416000E3,3.842849E0,-8.297292E0,
5.404167E0,1.417000E3,3.827380E0,-8.284628E0,
5.408333E0,1.418000E3,3.823025E0,-8.254940E0,
5.412500E0,1.419000E3,3.813941E0,-8.237694E0,
5.416667E0,1.420000E3,3.821955E0,-8.226695E0,
5.420833E0,1.421000E3,3.820077E0,-8.198050E0,
5.425000E0,1.422000E3,3.803629E0,-8.192546E0,
5.429167E0,1.423000E3,3.809579E0,-8.171700E0,
5.433333E0,1.424000E3,3.806759E0,-8.160281E0,
5.437500E0,1.425000E3,3.813818E0,-8.151785E0,
5.441667E0,1.426000E3,3.805274E0,-8.133833E0,
5.445833E0,1.427000E3,3.806133E0,-8.112302E0,
5.450000E0,1.428000E3,3.798705E0,-8.110908E0,
5.454167E0,1.429000E3,3.803710E0,-8.111664E0,
5.458333E0,1.430000E3,3.805539E0,-8.088441E0,
5.462500E0,1.431000E3,3.792387E0,-8.090717E0,
5.466667E0,1.432000E3,3.784690E0,-8.096658E0,
5.470833E0,1.433000E3,3.795050E0,-8.081071E0,
5.475000E0,1.434000E3,3.792531E0,-8.079280E0,
5.479167E0,1.435000E3,3.782847E0,-8.087518E0,
5.483333E0,1.436000E3,3.779291E0,-8.070496E0,
5.487500E0,1.437000E3,3.782878E0,-8.072294E0,
5.491667E0,1.438000E3,3.780842E0,-8.053704E0,
5.495833E0,1.439000E3,3.787859E0,-8.049629E0,
5.500000E0,1.440000E3,3.775430E0,-8.028992E0,
5.504167E0,1.441000E3,3.765220E0,-8.021209E0,
5.508333E0,1.442000E3,3.759408E0,-7.999653E0,
5.512500E0,1.443000E3,3.753119E0,-7.993956E0,
5.516667E0,1.444000E3,3.762828E0,-7.969866E0,
5.520833E0,1.445000E3,3.737665E0,-7.966243E0,
5.525000E0,1.446000E3,3.740338E0,-7.937624E0,
5.529167E0,1.447000E3,3.736404E0,-7.928991E0,
5.533333E0,1.448000E3,3.743886E0,-7.902594E0,
5.537500E0,1.449000E3,3.730414E0,-7.875299E0,
5.541667E0,1.450000E3,3.718986E0,-7.865591E0,
5.545833E0,1.451000E3,3.716932E0,-7.846187E0,
5.550000E0,1.452000E3,3.699988E0,-7.833044E0,
5.554167E0,1.453000E3,3.692580E0,-7.824686E0,
5.558333E0,1.454000E3,3.691694E0,-7.796262E0,
5.562500E0,1.455000E3,3.700819E0,-7.781264E0,
5.566667E0,1.456000E3,3.696302E0,-7.769084E0,
5.570833E0,1.457000E3,3.682402E0,-7.759194E0,
5.575000E0,1.458000E3,3.676129E0,-7.753637E0,
5.579167E0,1.459000E3,3.683503E0,-7.749470E0,
5.583333E0,1.460000E3,3.679913E0,-7.732420E0,
5.587500E0,1.461000E3,3.683303E0,-7.730836E0,
5.591667E0,1.462000E3,3.681147E0,-7.725074E0,
5.595833E0,1.463000E3,3.670237E0,-7.719429E0,
5.600000E0,1.464000E3,3.667706E0,-7.721037E0,
5.604167E0,1.465000E3,3.682734E0,-7.708578E0,
5.608333E0,1.466000E3,3.675510E0,-7.715171E0,
5.612500E0,1.467000E3,3.672555E0,-7.702703E0,
5.616667E0,1.468000E3,3.672850E0,-7.690771E0,
5.620833E0,1.469000E3,3.676023E0,-7.681493E0,
5.625000E0,1.470000E3,3.675029E0,-7.675549E0,
5.629167E0,1.471000E3,3.665934E0,-7.668699E0,
5.633333E0,1.472000E3,3.656603E0,-7.653836E0,
5.637500E0,1.473000E3,3.664160E0,-7.630493E0,
5.641667E0,1.474000E3,3.658338E0,-7.610791E0,
5.645833E0,1.475000E3,3.649810E0,-7.598523E0,
5.650000E0,1.476000E3,3.651414E0,-7.586366E0,
5.654167E0,1.477000E3,3.645362E0,-7.565951E0,
5.658333E0,1.478000E3,3.636039E0,-7.549385E0,
5.662500E0,1.479000E3,3.637034E0,-7.514368E0,
5.666667E0,1.480000E3,3.639137E0,-7.501419E0,
5.670833E0,1.481000E3,3.626774E0,-7.486361E0,
5.675000E0,1.482000E3,3.623126E0,-7.462225E0,
5.679167E0,1.483000E3,3.621006E0,-7.439516E0,
5.683333E0,1.484000E3,3.618161E0,-7.424360E0,
5.687500E0,1.485000E3,3.615763E0,-7.425064E0,
5.691667E0,1.486000E3,3.624377E0,-7.413656E0,
5.695833E0,1.487000E3,3.625612E0,-7.390797E0,
5.700000E0,1.488000E3,3.625971E0,-7.386192E0,
5.704167E0,1.489000E3,3.616484E0,-7.385247E0,
5.708333E0,1.490000E3,3.616347E0,-7.364250E0,
5.712500E0,1.491000E3,3.618064E0,-7.359055E0,
5.716667E0,1.492000E3,3.620391E0,-7.369134E0,
5.720833E0,1.493000E3,3.606809E0,-7.346726E0,
5.725000E0,1.494000E3,3.608254E0,-7.353481E0,
5.729167E0,1.495000E3,3.608899E0,-7.347084E0,
5.733333E0,1.496000E3,3.613298E0,-7.334311E0,
5.737500E0,1.497000E3,3.615242E0,-7.328444E0,
5.741667E0,1.498000E3,3.616369E0,-7.336358E0,
5.745833E0,1.499000E3,3.615486E0,-7.309407E0,
5.750000E0,1.500000E3,3.618353E0,-7.302144E0,
5.754167E0,1.501000E3,3.614385E0,-7.300068E0,
5.758333E0,1.502000E3,3.612804E0,-7.272568E0,
5.762500E0,1.503000E3,3.620708E0,-7.269528E0,
5.766667E0,1.504000E3,3.616830E0,-7.239260E0,
5.770833E0,1.505000E3,3.622590E0,-7.226131E0,
5.775000E0,1.506000E3,3.620873E0,-7.209259E0,
5.779167E0,1.507000E3,3.625385E0,-7.177509E0,
5.783333E0,1.508000E3,3.613247E0,-7.173993E0,
5.787500E0,1.509000E3,3.625781E0,-7.151339E0,
5.791667E0,1.510000E3,3.632586E0,-7.133975E0,
5.795833E0,1.511000E3,3.627082E0,-7.107213E0,
5.800000E0,1.512000E3,3.625457E0,-7.084090E0,
5.804167E0,1.513000E3,3.628179E0,-7.082475E0,
5.808333E0,1.514000E3,3.627124E0,-7.059291E0,
5.812500E0,1.515000E3,3.638374E0,-7.044993E0,
5.816667E0,1.516000E3,3.630395E0,-7.040875E0,
5.820833E0,1.517000E3,3.646959E0,-7.028058E0,
5.825000E0,1.518000E3,3.631966E0,-7.004770E0,
5.829167E0,1.519000E3,3.641526E0,-7.004012E0,
5.833333E0,1.520000E3,3.642536E0,-7.002867E0,
5.837500E0,1.521000E3,3.642522E0,-6.991455E0,
5.841667E0,1.522000E3,3.635193E0,-6.985450E0,
5.845833E0,1.523000E3,3.651091E0,-6.980801E0,
5.850000E0,1.524000E3,3.649918E0,-6.976710E0,
5.854167E0,1.525000E3,3.643538E0,-6.977157E0,
5.858333E0,1.526000E3,3.638970E0,-6.968741E0,
5.862500E0,1.527000E3,3.643513E0,-6.965579E0,
5.866667E0,1.528000E3,3.642321E0,-6.954706E0,
5.870833E0,1.529000E3,3.658217E0,-6.954673E0,
5.875000E0,1.530000E3,3.652775E0,-6.926283E0,
5.879167E0,1.531000E3,3.650585E0,-6.911254E0,
5.883333E0,1.532000E3,3.656290E0,-6.893494E0,
5.887500E0,1.533000E3,3.660751E0,-6.888922E0,
5.891667E0,1.534000E3,3.664225E0,-6.867957E0,
5.895833E0,1.535000E3,3.664999E0,-6.861058E0,
5.900000E0,1.536000E3,3.664798E0,-6.826033E0,
5.904167E0,1.537000E3,3.679909E0,-6.813061E0,
5.908333E0,1.538000E3,3.668340E0,-6.787865E0,
5.912500E0,1.539000E3,3.666856E0,-6.776990E0,
5.916667E0,1.540000E3,3.674322E0,-6.754586E0,
5.920833E0,1.541000E3,3.679795E0,-6.737223E0,
5.925000E0,1.542000E3,3.672278E0,-6.712889E0,
5.929167E0,1.543000E3,3.673158E0,-6.701471E0,
5.933333E0,1.544000E3,3.683156E0,-6.689951E0,
5.937500E0,1.545000E3,3.684767E0,-6.675863E0,
5.941667E0,1.546000E3,3.683440E0,-6.658209E0,
5.945833E0,1.547000E3,3.692718E0,-6.650690E0,
5.950000E0,1.548000E3,3.680060E0,-6.651166E0,
5.954167E0,1.549000E3,3.675840E0,-6.630283E0,
5.958333E0,1.550000E3,3.684304E0,-6.628677E0,
5.962500E0,1.551000E3,3.694206E0,-6.615607E0,
5.966667E0,1.552000E3,3.690584E0,-6.623470E0,
5.970833E0,1.553000E3,3.687968E0,-6.608924E0,
5.975000E0,1.554000E3,3.684779E0,-6.604092E0,
5.979167E0,1.555000E3,3.683241E0,-6.593074E0,
5.983333E0,1.556000E3,3.685924E0,-6.591626E0,
5.987500E0,1.557000E3,3.680430E0,-6.584182E0,
5.991667E0,1.558000E3,3.689552E0,-6.592003E0,
5.995833E0,1.559000E3,3.688816E0,-6.575359E0,
6.000000E0,1.560000E3,3.694237E0,-6.563004E0,
6.004167E0,1.561000E3,3.675718E0,-6.550169E0,
6.008333E0,1.562000E3,3.677087E0,-6.531419E0,
6.012500E0,1.563000E3,3.689308E0,-6.521706E0,
6.016667E0,1.564000E3,3.683073E0,-6.490091E0,
6.020833E0,1.565000E3,3.681166E0,-6.480697E0,
6.025000E0,1.566000E3,3.680779E0,-6.454819E0,
6.029167E0,1.567000E3,3.674911E0,-6.432858E0,
6.033333E0,1.568000E3,3.679691E0,-6.421500E0,
6.037500E0,1.569000E3,3.675897E0,-6.402051E0,
6.041667E0,1.570000E3,3.673217E0,-6.381308E0,
6.045833E0,1.571000E3,3.677219E0,-6.349531E0,
6.050000E0,1.572000E3,3.668696E0,-6.344839E0,
6.054167E0,1.573000E3,3.680795E0,-6.333430E0,
6.058333E0,1.574000E3,3.676376E0,-6.305350E0,
6.062500E0,1.575000E3,3.673293E0,-6.301701E0,
6.066667E0,1.576000E3,3.670402E0,-6.300642E0,
6.070833E0,1.577000E3,3.660116E0,-6.277716E0,
6.075000E0,1.578000E3,3.669200E0,-6.262813E0,
6.079167E0,1.579000E3,3.676724E0,-6.252378E0,
6.083333E0,1.580000E3,3.666605E0,-6.246501E0,
6.087500E0,1.581000E3,3.659053E0,-6.257514E0,
6.091667E0,1.582000E3,3.668256E0,-6.248950E0,
6.095833E0,1.583000E3,3.664667E0,-6.235636E0,
6.100000E0,1.584000E3,3.668954E0,-6.237012E0,
6.104167E0,1.585000E3,3.667989E0,-6.234238E0,
6.108333E0,1.586000E3,3.653881E0,-6.219356E0,
6.112500E0,1.587000E3,3.653165E0,-6.222678E0,
6.116667E0,1.588000E3,3.650962E0,-6.210381E0,
6.120833E0,1.589000E3,3.663229E0,-6.196931E0,
6.125000E0,1.590000E3,3.663569E0,-6.176145E0,
6.129167E0,1.591000E3,3.665495E0,-6.165745E0,
6.133333E0,1.592000E3,3.662689E0,-6.159997E0,
6.137500E0,1.593000E3,3.655499E0,-6.137824E0,
6.141667E0,1.594000E3,3.654500E0,-6.129286E0,
6.145833E0,1.595000E3,3.658873E0,-6.111036E0,
6.150000E0,1.596000E3,3.657256E0,-6.080645E0,
6.154167E0,1.597000E3,3.655267E0,-6.071600E0,
6.158333E0,1.598000E3,3.660189E0,-6.051146E0,
6.162500E0,1.599000E3,3.656301E0,-6.032501E0,
6.166667E0,1.600000E3,3.651365E0,-5.995702E0,
6.170833E0,1.601000E3,3.661509E0,-5.988570E0,
6.175000E0,1.602000E3,3.651660E0,-5.980018E0,
6.179167E0,1.603000E3,3.667793E0,-5.958550E0,
6.183333E0,1.604000E3,3.653842E0,-5.936980E0,
6.187500E0,1.605000E3,3.656045E0,-5.926802E0,
6.191667E0,1.606000E3,3.659543E0,-5.919034E0,
6.195833E0,1.607000E3,3.651803E0,-5.903663E0,
6.200000E0,1.608000E3,3.640851E0,-5.894165E0,
6.204167E0,1.609000E3,3.662785E0,-5.875567E0,
6.208333E0,1.610000E3,3.660670E0,-5.867939E0,
6.212500E0,1.611000E3,3.643457E0,-5.868785E0,
6.216667E0,1.612000E3,3.657402E0,-5.876445E0,
6.220833E0,1.613000E3,3.664634E0,-5.860852E0,
6.225000E0,1.614000E3,3.647153E0,-5.851327E0,
6.229167E0,1.615000E3,3.658143E0,-5.855056E0,
6.233333E0,1.616000E3,3.655415E0,-5.841260E0,
6.237500E0,1.617000E3,3.666020E0,-5.838708E0,
6.241667E0,1.618000E3,3.660369E0,-5.817727E0,
6.245833E0,1.619000E3,3.647743E0,-5.812842E0,
6.250000E0,1.620000E3,3.648335E0,-5.816949E0,
6.254167E0,1.621000E3,3.652602E0,-5.791392E0,
6.258333E0,1.622000E3,3.647361E0,-5.795187E0,
6.262500E0,1.623000E3,3.651304E0,-5.763071E0,
6.266667E0,1.624000E3,3.665481E0,-5.747714E0,
6.270833E0,1.625000E3,3.648479E0,-5.731986E0,
6.275000E0,1.626000E3,3.655704E0,-5.717216E0,
6.279167E0,1.627000E3,3.668812E0,-5.692814E0,
6.283333E0,1.628000E3,3.667053E0,-5.664985E0,
6.287500E0,1.629000E3,3.656990E0,-5.666264E0,
6.291667E0,1.630000E3,3.646807E0,-5.632489E0,
6.295833E0,1.631000E3,3.649687E0,-5.606169E0,
6.300000E0,1.632000E3,3.656817E0,-5.602076E0,
6.304167E0,1.633000E3,3.663816E0,-5.575449E0,
6.308333E0,1.634000E3,3.663367E0,-5.570052E0,
6.312500E0,1.635000E3,3.661893E0,-5.546631E0,
6.316667E0,1.636000E3,3.655853E0,-5.530798E0,
6.320833E0,1.637000E3,3.667071E0,-5.532277E0,
6.325000E0,1.638000E3,3.656222E0,-5.518553E0,
6.329167E0,1.639000E3,3.664904E0,-5.515394E0,
6.333333E0,1.640000E3,3.656930E0,-5.511525E0,
6.337500E0,1.641000E3,3.655771E0,-5.492120E0,
6.341667E0,1.642000E3,3.668273E0,-5.488854E0,
6.345833E0,1.643000E3,3.668632E0,-5.486604E0,
6.350000E0,1.644000E3,3.658647E0,-5.477259E0,
6.354167E0,1.645000E3,3.666651E0,-5.467422E0,
6.358333E0,1.646000E3,3.662736E0,-5.475343E0,
6.362500E0,1.647000E3,3.652642E0,-5.461799E0,
6.366667E0,1.648000E3,3.660611E0,-5.452539E0,
6.370833E0,1.649000E3,3.656224E0,-5.445599E0,
6.375000E0,1.650000E3,3.659506E0,-5.430238E0,
6.379167E0,1.651000E3,3.653838E0,-5.421382E0,
6.383333E0,1.652000E3,3.656109E0,-5.400864E0,
6.387500E0,1.653000E3,3.654601E0,-5.400124E0,
6.391667E0,1.654000E3,3.673219E0,-5.381667E0,
6.395833E0,1.655000E3,3.666486E0,-5.361004E0,
6.400000E0,1.656000E3,3.661209E0,-5.340723E0,
6.404167E0,1.657000E3,3.661453E0,-5.328296E0,
6.408333E0,1.658000E3,3.653288E0,-5.293451E0,
6.412500E0,1.659000E3,3.670231E0,-5.295385E0,
6.416667E0,1.660000E3,3.660054E0,-5.255040E0,
6.420833E0,1.661000E3,3.656309E0,-5.245165E0,
6.425000E0,1.662000E3,3.664661E0,-5.221335E0,
6.429167E0,1.663000E3,3.656608E0,-5.201624E0,
6.433333E0,1.664000E3,3.652349E0,-5.186820E0,
6.437500E0,1.665000E3,3.662081E0,-5.177144E0,
6.441667E0,1.666000E3,3.654784E0,-5.148704E0,
6.445833E0,1.667000E3,3.664937E0,-5.158999E0,
6.450000E0,1.668000E3,3.668460E0,-5.153341E0,
6.454167E0,1.669000E3,3.657349E0,-5.130860E0,
6.458333E0,1.670000E3,3.658896E0,-5.136977E0,
6.462500E0,1.671000E3,3.680045E0,-5.122121E0,
6.466667E0,1.672000E3,3.669700E0,-5.117902E0,
6.470833E0,1.673000E3,3.664882E0,-5.112863E0,
6.475000E0,1.674000E3,3.659157E0,-5.116344E0,
6.479167E0,1.675000E3,3.654770E0,-5.109865E0,
6.483333E0,1.676000E3,3.664497E0,-5.097538E0,
6.487500E0,1.677000E3,3.670384E0,-5.106579E0,
6.491667E0,1.678000E3,3.669078E0,-5.090786E0,
6.495833E0,1.679000E3,3.682467E0,-5.077518E0,
6.500000E0,1.680000E3,3.662764E0,-5.058562E0,
6.504167E0,1.681000E3,3.667505E0,-5.042055E0,
6.508333E0,1.682000E3,3.671873E0,-5.037126E0,
6.512500E0,1.683000E3,3.669810E0,-5.008597E0,
6.516667E0,1.684000E3,3.667145E0,-4.999032E0,
6.520833E0,1.685000E3,3.676431E0,-4.983168E0,
6.525000E0,1.686000E3,3.678306E0,-4.966445E0,
6.529167E0,1.687000E3,3.675504E0,-4.945330E0,
6.533333E0,1.688000E3,3.675698E0,-4.924242E0,
6.537500E0,1.689000E3,3.679466E0,-4.909467E0,
6.541667E0,1.690000E3,3.687594E0,-4.901216E0,
6.545833E0,1.691000E3,3.681314E0,-4.863749E0,
6.550000E0,1.692000E3,3.678019E0,-4.853869E0,
6.554167E0,1.693000E3,3.682723E0,-4.835473E0,
6.558333E0,1.694000E3,3.691624E0,-4.815197E0,
6.562500E0,1.695000E3,3.692511E0,-4.794639E0,
6.566667E0,1.696000E3,3.683853E0,-4.794846E0,
6.570833E0,1.697000E3,3.700176E0,-4.781918E0,
6.575000E0,1.698000E3,3.702927E0,-4.767264E0,
6.579167E0,1.699000E3,3.692545E0,-4.759134E0,
6.583333E0,1.700000E3,3.688793E0,-4.745353E0,
6.587500E0,1.701000E3,3.690400E0,-4.746548E0,
6.591667E0,1.702000E3,3.699370E0,-4.750874E0,
6.595833E0,1.703000E3,3.699352E0,-4.734066E0,
6.600000E0,1.704000E3,3.706211E0,-4.729697E0,
6.604167E0,1.705000E3,3.703099E0,-4.728655E0,
6.608333E0,1.706000E3,3.707422E0,-4.719766E0,
6.612500E0,1.707000E3,3.706728E0,-4.722981E0,
6.616667E0,1.708000E3,3.707656E0,-4.708146E0,
6.620833E0,1.709000E3,3.694822E0,-4.700128E0,
6.625000E0,1.710000E3,3.711585E0,-4.692431E0,
6.629167E0,1.711000E3,3.710827E0,-4.685442E0,
6.633333E0,1.712000E3,3.712554E0,-4.666694E0,
6.637500E0,1.713000E3,3.719315E0,-4.652464E0,
6.641667E0,1.714000E3,3.724540E0,-4.621913E0,
6.645833E0,1.715000E3,3.725215E0,-4.619993E0,
6.650000E0,1.716000E3,3.728242E0,-4.597769E0,
6.654167E0,1.717000E3,3.736038E0,-4.567918E0,
6.658333E0,1.718000E3,3.737385E0,-4.558216E0,
6.662500E0,1.719000E3,3.745326E0,-4.531382E0,
6.666667E0,1.720000E3,3.759463E0,-4.518370E0,
6.670833E0,1.721000E3,3.763681E0,-4.503820E0,
6.675000E0,1.722000E3,3.763976E0,-4.479712E0,
6.679167E0,1.723000E3,3.767640E0,-4.456192E0,
6.683333E0,1.724000E3,3.767016E0,-4.458527E0,
6.687500E0,1.725000E3,3.775235E0,-4.443607E0,
6.691667E0,1.726000E3,3.773604E0,-4.424361E0,
6.695833E0,1.727000E3,3.788556E0,-4.421978E0,
6.700000E0,1.728000E3,3.775167E0,-4.405374E0,
6.704167E0,1.729000E3,3.789428E0,-4.395097E0,
6.708333E0,1.730000E3,3.784109E0,-4.392088E0,
6.712500E0,1.731000E3,3.776930E0,-4.394170E0,
6.716667E0,1.732000E3,3.776627E0,-4.384976E0,
6.720833E0,1.733000E3,3.790269E0,-4.377321E0,
6.725000E0,1.734000E3,3.782895E0,-4.377741E0,
6.729167E0,1.735000E3,3.790067E0,-4.369665E0,
6.733333E0,1.736000E3,3.789073E0,-4.366629E0,
6.737500E0,1.737000E3,3.786286E0,-4.355830E0,
6.741667E0,1.738000E3,3.790582E0,-4.334237E0,
6.745833E0,1.739000E3,3.798848E0,-4.331907E0,
6.750000E0,1.740000E3,3.798730E0,-4.329115E0,
6.754167E0,1.741000E3,3.808723E0,-4.323551E0,
6.758333E0,1.742000E3,3.811740E0,-4.288046E0,
6.762500E0,1.743000E3,3.817628E0,-4.291021E0,
6.766667E0,1.744000E3,3.825417E0,-4.266573E0,
6.770833E0,1.745000E3,3.822258E0,-4.248531E0,
6.775000E0,1.746000E3,3.839063E0,-4.234876E0,
6.779167E0,1.747000E3,3.842456E0,-4.219626E0,
6.783333E0,1.748000E3,3.833768E0,-4.200125E0,
6.787500E0,1.749000E3,3.862932E0,-4.167695E0,
6.791667E0,1.750000E3,3.867395E0,-4.156899E0,
6.795833E0,1.751000E3,3.876785E0,-4.143391E0,
6.800000E0,1.752000E3,3.857561E0,-4.122841E0,
6.804167E0,1.753000E3,3.886074E0,-4.120886E0,
6.808333E0,1.754000E3,3.878042E0,-4.095360E0,
6.812500E0,1.755000E3,3.886032E0,-4.086986E0,
6.816667E0,1.756000E3,3.880815E0,-4.077041E0,
6.820833E0,1.757000E3,3.898914E0,-4.062051E0,
6.825000E0,1.758000E3,3.896180E0,-4.050341E0,
6.829167E0,1.759000E3,3.911445E0,-4.048451E0,
6.833333E0,1.760000E3,3.900394E0,-4.041801E0,
6.837500E0,1.761000E3,3.906484E0,-4.025719E0,
6.841667E0,1.762000E3,3.916355E0,-4.022428E0,
6.845833E0,1.763000E3,3.906226E0,-4.017552E0,
6.850000E0,1.764000E3,3.902778E0,-4.015310E0,
6.854167E0,1.765000E3,3.915694E0,-4.017295E0,
6.858333E0,1.766000E3,3.908627E0,-4.005575E0,
6.862500E0,1.767000E3,3.912197E0,-3.993830E0,
6.866667E0,1.768000E3,3.920218E0,-3.984674E0,
6.870833E0,1.769000E3,3.922480E0,-3.975908E0,
6.875000E0,1.770000E3,3.932495E0,-3.965654E0,
6.879167E0,1.771000E3,3.923137E0,-3.970894E0,
6.883333E0,1.772000E3,3.927626E0,-3.951300E0,
6.887500E0,1.773000E3,3.941837E0,-3.927731E0,
6.891667E0,1.774000E3,3.939335E0,-3.905426E0,
6.895833E0,1.775000E3,3.939065E0,-3.893715E0,
6.900000E0,1.776000E3,3.946748E0,-3.873885E0,
6.904167E0,1.777000E3,3.954429E0,-3.858759E0,
6.908333E0,1.778000E3,3.952293E0,-3.837700E0,
6.912500E0,1.779000E3,3.959551E0,-3.813162E0,
6.916667E0,1.780000E3,3.954731E0,-3.795943E0,
6.920833E0,1.781000E3,3.979866E0,-3.783403E0,
6.925000E0,1.782000E3,3.967491E0,-3.769476E0,
6.929167E0,1.783000E3,3.985911E0,-3.748800E0,
6.933333E0,1.784000E3,3.986395E0,-3.728156E0,
6.937500E0,1.785000E3,3.996270E0,-3.710961E0,
6.941667E0,1.786000E3,3.989845E0,-3.704735E0,
6.945833E0,1.787000E3,3.999558E0,-3.705843E0,
6.950000E0,1.788000E3,3.997143E0,-3.695041E0,
6.954167E0,1.789000E3,3.989692E0,-3.681067E0,
6.958333E0,1.790000E3,4.001632E0,-3.677765E0,
6.962500E0,1.791000E3,4.003793E0,-3.668862E0,
6.966667E0,1.792000E3,3.994696E0,-3.658100E0,
6.970833E0,1.793000E3,4.007738E0,-3.647860E0,
6.975000E0,1.794000E3,4.010819E0,-3.648759E0,
6.979167E0,1.795000E3,4.006328E0,-3.645622E0,
6.983333E0,1.796000E3,4.015436E0,-3.648263E0,
6.987500E0,1.797000E3,4.009771E0,-3.627984E0,
6.991667E0,1.798000E3,4.011621E0,-3.637812E0,
6.995833E0,1.799000E3,4.015947E0,-3.610595E0,
7.000000E0,1.800000E3,4.007427E0,-3.604318E0,
7.004167E0,1.801000E3,4.015645E0,-3.593949E0,
7.008333E0,1.802000E3,4.017308E0,-3.578643E0,
7.012500E0,1.803000E3,4.016162E0,-3.560764E0,
7.016667E0,1.804000E3,4.009692E0,-3.555713E0,
7.020833E0,1.805000E3,4.015763E0,-3.525054E0,
7.025000E0,1.806000E3,4.025619E0,-3.503425E0,
7.029167E0,1.807000E3,4.021782E0,-3.490087E0,
7.033333E0,1.808000E3,4.026519E0,-3.465386E0,
7.037500E0,1.809000E3,4.034044E0,-3.453203E0,
7.041667E0,1.810000E3,4.019871E0,-3.440812E0,
7.045833E0,1.811000E3,4.027157E0,-3.408847E0,
7.050000E0,1.812000E3,4.026333E0,-3.393870E0,
7.054167E0,1.813000E3,4.033751E0,-3.384294E0,
7.058333E0,1.814000E3,4.043871E0,-3.370458E0,
7.062500E0,1.815000E3,4.036800E0,-3.347810E0,
7.066667E0,1.816000E3,4.055191E0,-3.334779E0,
7.070833E0,1.817000E3,4.040972E0,-3.325529E0,
7.075000E0,1.818000E3,4.049933E0,-3.334794E0,
7.079167E0,1.819000E3,4.056535E0,-3.306666E0,
7.083333E0,1.820000E3,4.045787E0,-3.301883E0,
7.087500E0,1.821000E3,4.042564E0,-3.295554E0,
7.091667E0,1.822000E3,4.049454E0,-3.298715E0,
7.095833E0,1.823000E3,4.065782E0,-3.284361E0,
7.100000E0,1.824000E3,4.067610E0,-3.284963E0,
7.104167E0,1.825000E3,4.038274E0,-3.280525E0,
7.108333E0,1.826000E3,4.060732E0,-3.265485E0,
7.112500E0,1.827000E3,4.062030E0,-3.256846E0,
7.116667E0,1.828000E3,4.053912E0,-3.256527E0,
7.120833E0,1.829000E3,4.064663E0,-3.248306E0,
7.125000E0,1.830000E3,4.076405E0,-3.244651E0,
7.129167E0,1.831000E3,4.067949E0,-3.224212E0,
7.133333E0,1.832000E3,4.086990E0,-3.204364E0,
7.137500E0,1.833000E3,4.084278E0,-3.192450E0,
7.141667E0,1.834000E3,4.086403E0,-3.188371E0,
7.145833E0,1.835000E3,4.088408E0,-3.155070E0,
7.150000E0,1.836000E3,4.100979E0,-3.142583E0,
7.154167E0,1.837000E3,4.113456E0,-3.130356E0,
7.158333E0,1.838000E3,4.109580E0,-3.104655E0,
7.162500E0,1.839000E3,4.112109E0,-3.098600E0,
7.166667E0,1.840000E3,4.119998E0,-3.068218E0,
7.170833E0,1.841000E3,4.125387E0,-3.043823E0,
7.175000E0,1.842000E3,4.137817E0,-3.030911E0,
7.179167E0,1.843000E3,4.137271E0,-3.016567E0,
7.183333E0,1.844000E3,4.134116E0,-3.007063E0,
7.187500E0,1.845000E3,4.151214E0,-2.989767E0,
7.191667E0,1.846000E3,4.151872E0,-2.980712E0,
7.195833E0,1.847000E3,4.153287E0,-2.958834E0,
7.200000E0,1.848000E3,4.159863E0,-2.960828E0,
7.204167E0,1.849000E3,4.170868E0,-2.951609E0,
7.208333E0,1.850000E3,4.164699E0,-2.946727E0,
7.212500E0,1.851000E3,4.166707E0,-2.941542E0,
7.216667E0,1.852000E3,4.155913E0,-2.935025E0,
7.220833E0,1.853000E3,4.161412E0,-2.921796E0,
7.225000E0,1.854000E3,4.158986E0,-2.930951E0,
7.229167E0,1.855000E3,4.175028E0,-2.912369E0,
7.233333E0,1.856000E3,4.165890E0,-2.914867E0,
7.237500E0,1.857000E3,4.170600E0,-2.897087E0,
7.241667E0,1.858000E3,4.175714E0,-2.893051E0,
7.245833E0,1.859000E3,4.180353E0,-2.884848E0,
7.250000E0,1.860000E3,4.174755E0,-2.883896E0,
7.254167E0,1.861000E3,4.180107E0,-2.865652E0,
7.258333E0,1.862000E3,4.196171E0,-2.849941E0,
7.262500E0,1.863000E3,4.190238E0,-2.838016E0,
7.266667E0,1.864000E3,4.201318E0,-2.822586E0,
7.270833E0,1.865000E3,4.195024E0,-2.799060E0,
7.275000E0,1.866000E3,4.207300E0,-2.797969E0,
7.279167E0,1.867000E3,4.214768E0,-2.760596E0,
7.283333E0,1.868000E3,4.223872E0,-2.741634E0,
7.287500E0,1.869000E3,4.216212E0,-2.723395E0,
7.291667E0,1.870000E3,4.216360E0,-2.699017E0,
7.295833E0,1.871000E3,4.228131E0,-2.681532E0,
7.300000E0,1.872000E3,4.228464E0,-2.686268E0,
7.304167E0,1.873000E3,4.228444E0,-2.661119E0,
7.308333E0,1.874000E3,4.236233E0,-2.638986E0,
7.312500E0,1.875000E3,4.243088E0,-2.624582E0,
7.316667E0,1.876000E3,4.241499E0,-2.617337E0,
7.320833E0,1.877000E3,4.249741E0,-2.589789E0,
7.325000E0,1.878000E3,4.241483E0,-2.591308E0,
7.329167E0,1.879000E3,4.237779E0,-2.592668E0,
7.333333E0,1.880000E3,4.245915E0,-2.573362E0,
7.337500E0,1.881000E3,4.251886E0,-2.574638E0,
7.341667E0,1.882000E3,4.237322E0,-2.563006E0,
7.345833E0,1.883000E3,4.245758E0,-2.576531E0,
7.350000E0,1.884000E3,4.255953E0,-2.551103E0,
7.354167E0,1.885000E3,4.249994E0,-2.552739E0,
7.358333E0,1.886000E3,4.266876E0,-2.557155E0,
7.362500E0,1.887000E3,4.236947E0,-2.533079E0,
7.366667E0,1.888000E3,4.241579E0,-2.528259E0,
7.370833E0,1.889000E3,4.254274E0,-2.524247E0,
7.375000E0,1.890000E3,4.252800E0,-2.507876E0,
7.379167E0,1.891000E3,4.248258E0,-2.496910E0,
7.383333E0,1.892000E3,4.249057E0,-2.490106E0,
7.387500E0,1.893000E3,4.248192E0,-2.465581E0,
7.391667E0,1.894000E3,4.248058E0,-2.450489E0,
7.395833E0,1.895000E3,4.260746E0,-2.433537E0,
7.400000E0,1.896000E3,4.252998E0,-2.420469E0,
7.404167E0,1.897000E3,4.261788E0,-2.409571E0,
7.408333E0,1.898000E3,4.253892E0,-2.376175E0,
7.412500E0,1.899000E3,4.255092E0,-2.358775E0,
7.416667E0,1.900000E3,4.261501E0,-2.342501E0,
7.420833E0,1.901000E3,4.263530E0,-2.326978E0,
7.425000E0,1.902000E3,4.274367E0,-2.293628E0,
7.429167E0,1.903000E3,4.262197E0,-2.286121E0,
7.433333E0,1.904000E3,4.255162E0,-2.272047E0,
7.437500E0,1.905000E3,4.267687E0,-2.248997E0,
7.441667E0,1.906000E3,4.265169E0,-2.236017E0,
7.445833E0,1.907000E3,4.273361E0,-2.233061E0,
7.450000E0,1.908000E3,4.268003E0,-2.225755E0,
7.454167E0,1.909000E3,4.264387E0,-2.210849E0,
7.458333E0,1.910000E3,4.265754E0,-2.206875E0,
7.462500E0,1.911000E3,4.274574E0,-2.196502E0,
7.466667E0,1.912000E3,4.266658E0,-2.199667E0,
7.470833E0,1.913000E3,4.282710E0,-2.180538E0,
7.475000E0,1.914000E3,4.277322E0,-2.177882E0,
7.479167E0,1.915000E3,4.270669E0,-2.173354E0,
7.483333E0,1.916000E3,4.268000E0,-2.163740E0,
7.487500E0,1.917000E3,4.280452E0,-2.171268E0,
7.491667E0,1.918000E3,4.275068E0,-2.155774E0,
7.495833E0,1.919000E3,4.272373E0,-2.149186E0,
7.500000E0,1.920000E3,4.275774E0,-2.139242E0,
7.504167E0,1.921000E3,4.283401E0,-2.127020E0,
7.508333E0,1.922000E3,4.278056E0,-2.116579E0,
7.512500E0,1.923000E3,4.290119E0,-2.109632E0,
7.516667E0,1.924000E3,4.296986E0,-2.074038E0,
7.520833E0,1.925000E3,4.284673E0,-2.058543E0,
7.525000E0,1.926000E3,4.287014E0,-2.039748E0,
7.529167E0,1.927000E3,4.301347E0,-2.033512E0,
7.533333E0,1.928000E3,4.285328E0,-2.001923E0,
7.537500E0,1.929000E3,4.299695E0,-1.993040E0,
7.541667E0,1.930000E3,4.275934E0,-1.959716E0,
7.545833E0,1.931000E3,4.279991E0,-1.943847E0,
7.550000E0,1.932000E3,4.282325E0,-1.913628E0,
7.554167E0,1.933000E3,4.303163E0,-1.904594E0,
7.558333E0,1.934000E3,4.293946E0,-1.889069E0,
7.562500E0,1.935000E3,4.300325E0,-1.891989E0,
7.566667E0,1.936000E3,4.291655E0,-1.861641E0,
7.570833E0,1.937000E3,4.300379E0,-1.855972E0,
7.575000E0,1.938000E3,4.290831E0,-1.833185E0,
7.579167E0,1.939000E3,4.299619E0,-1.832735E0,
7.583333E0,1.940000E3,4.288934E0,-1.834180E0,
7.587500E0,1.941000E3,4.300498E0,-1.827405E0,
7.591667E0,1.942000E3,4.302369E0,-1.821104E0,
7.595833E0,1.943000E3,4.295529E0,-1.817483E0,
7.600000E0,1.944000E3,4.302559E0,-1.817515E0,
7.604167E0,1.945000E3,4.300117E0,-1.805660E0,
7.608333E0,1.946000E3,4.290152E0,-1.780181E0,
7.612500E0,1.947000E3,4.291469E0,-1.789783E0,
7.616667E0,1.948000E3,4.301422E0,-1.783832E0,
7.620833E0,1.949000E3,4.285513E0,-1.775196E0,
7.625000E0,1.950000E3,4.292217E0,-1.767314E0,
7.629167E0,1.951000E3,4.288215E0,-1.745384E0,
7.633333E0,1.952000E3,4.292138E0,-1.733177E0,
7.637500E0,1.953000E3,4.295792E0,-1.725746E0,
7.641667E0,1.954000E3,4.286172E0,-1.698300E0,
7.645833E0,1.955000E3,4.283371E0,-1.678215E0,
7.650000E0,1.956000E3,4.273227E0,-1.655793E0,
7.654167E0,1.957000E3,4.279495E0,-1.652199E0,
7.658333E0,1.958000E3,4.267135E0,-1.631947E0,
7.662500E0,1.959000E3,4.275469E0,-1.599653E0,
7.666667E0,1.960000E3,4.262921E0,-1.603321E0,
7.670833E0,1.961000E3,4.273697E0,-1.574940E0,
7.675000E0,1.962000E3,4.276100E0,-1.548737E0,
7.679167E0,1.963000E3,4.261943E0,-1.533792E0,
7.683333E0,1.964000E3,4.252438E0,-1.516593E0,
7.687500E0,1.965000E3,4.266684E0,-1.517921E0,
7.691667E0,1.966000E3,4.253803E0,-1.495727E0,
7.695833E0,1.967000E3,4.253105E0,-1.487673E0,
7.700000E0,1.968000E3,4.254715E0,-1.470085E0,
7.704167E0,1.969000E3,4.251031E0,-1.462435E0,
7.708333E0,1.970000E3,4.253487E0,-1.463146E0,
7.712500E0,1.971000E3,4.261235E0,-1.460212E0,
7.716667E0,1.972000E3,4.249105E0,-1.433061E0,
7.720833E0,1.973000E3,4.251892E0,-1.444720E0,
7.725000E0,1.974000E3,4.249849E0,-1.445579E0,
7.729167E0,1.975000E3,4.251035E0,-1.430442E0,
7.733333E0,1.976000E3,4.240442E0,-1.426666E0,
7.737500E0,1.977000E3,4.245973E0,-1.421516E0,
7.741667E0,1.978000E3,4.253007E0,-1.415781E0,
7.745833E0,1.979000E3,4.246973E0,-1.394396E0,
7.750000E0,1.980000E3,4.240058E0,-1.398016E0,
7.754167E0,1.981000E3,4.240083E0,-1.385520E0,
7.758333E0,1.982000E3,4.237950E0,-1.363085E0,
7.762500E0,1.983000E3,4.228425E0,-1.353711E0,
7.766667E0,1.984000E3,4.217899E0,-1.339710E0,
7.770833E0,1.985000E3,4.227345E0,-1.319030E0,
7.775000E0,1.986000E3,4.222452E0,-1.294623E0,
7.779167E0,1.987000E3,4.207825E0,-1.278214E0,
7.783333E0,1.988000E3,4.202232E0,-1.258401E0,
7.787500E0,1.989000E3,4.210642E0,-1.228341E0,
7.791667E0,1.990000E3,4.208490E0,-1.221164E0,
7.795833E0,1.991000E3,4.178803E0,-1.214735E0,
7.800000E0,1.992000E3,4.189867E0,-1.190715E0,
7.804167E0,1.993000E3,4.189321E0,-1.163673E0,
7.808333E0,1.994000E3,4.182896E0,-1.160238E0,
7.812500E0,1.995000E3,4.175914E0,-1.138609E0,
7.816667E0,1.996000E3,4.182623E0,-1.121362E0,
7.820833E0,1.997000E3,4.188100E0,-1.112945E0,
7.825000E0,1.998000E3,4.164885E0,-1.106652E0,
7.829167E0,1.999000E3,4.160994E0,-1.097049E0,
7.833333E0,2.000000E3,4.181037E0,-1.090261E0,
7.837500E0,2.001000E3,4.174758E0,-1.085663E0,
7.841667E0,2.002000E3,4.171497E0,-1.082879E0,
7.845833E0,2.003000E3,4.174060E0,-1.077058E0,
7.850000E0,2.004000E3,4.182137E0,-1.077650E0,
7.854167E0,2.005000E3,4.158372E0,-1.060046E0,
7.858333E0,2.006000E3,4.157289E0,-1.054923E0,
7.862500E0,2.007000E3,4.177418E0,-1.049076E0,
7.866667E0,2.008000E3,4.159589E0,-1.062160E0,
7.870833E0,2.009000E3,4.175183E0,-1.044759E0,
7.875000E0,2.010000E3,4.153641E0,-1.016929E0,
7.879167E0,2.011000E3,4.155287E0,-1.018063E0,
7.883333E0,2.012000E3,4.149379E0,-1.000661E0,
7.887500E0,2.013000E3,4.160073E0,-9.797479E-1,
7.891667E0,2.014000E3,4.162675E0,-9.538437E-1,
7.895833E0,2.015000E3,4.161274E0,-9.550662E-1,
7.900000E0,2.016000E3,4.153720E0,-9.321690E-1,
7.904167E0,2.017000E3,4.148296E0,-9.139466E-1,
7.908333E0,2.018000E3,4.153874E0,-8.916410E-1,
7.912500E0,2.019000E3,4.138589E0,-8.711987E-1,
7.916667E0,2.020000E3,4.149970E0,-8.545992E-1,
7.920833E0,2.021000E3,4.152306E0,-8.282100E-1,
7.925000E0,2.022000E3,4.150975E0,-8.105662E-1,
7.929167E0,2.023000E3,4.143234E0,-7.944292E-1,
7.933333E0,2.024000E3,4.137982E0,-7.809905E-1,
7.937500E0,2.025000E3,4.157291E0,-7.512110E-1,
7.941667E0,2.026000E3,4.131493E0,-7.515296E-1,
7.945833E0,2.027000E3,4.134302E0,-7.434469E-1,
7.950000E0,2.028000E3,4.148569E0,-7.348018E-1,
7.954167E0,2.029000E3,4.147788E0,-7.251679E-1,
7.958333E0,2.030000E3,4.133310E0,-7.184642E-1,
7.962500E0,2.031000E3,4.133978E0,-7.248098E-1,
7.966667E0,2.032000E3,4.138713E0,-7.117042E-1,
7.970833E0,2.033000E3,4.141744E0,-7.065338E-1,
7.975000E0,2.034000E3,4.139823E0,-7.022909E-1,
7.979167E0,2.035000E3,4.145432E0,-6.941642E-1,
7.983333E0,2.036000E3,4.152656E0,-6.963173E-1,
7.987500E0,2.037000E3,4.133420E0,-6.772686E-1,
7.991667E0,2.038000E3,4.139249E0,-6.744343E-1,
7.995833E0,2.039000E3,4.137812E0,-6.712367E-1,
8.000000E0,2.040000E3,4.143977E0,-6.497946E-1,
8.004167E0,2.041000E3,4.142294E0,-6.372540E-1,
8.008333E0,2.042000E3,4.152055E0,-6.280939E-1,
8.012500E0,2.043000E3,4.144990E0,-6.126621E-1,
8.016667E0,2.044000E3,4.151599E0,-5.964086E-1,
8.020833E0,2.045000E3,4.159988E0,-5.744240E-1,
8.025000E0,2.046000E3,4.161653E0,-5.620533E-1,
8.029167E0,2.047000E3,4.160048E0,-5.457805E-1,
8.033333E0,2.048000E3,4.166134E0,-5.134701E-1,
8.037500E0,2.049000E3,4.167130E0,-5.061248E-1,
8.041667E0,2.050000E3,4.175272E0,-4.823158E-1,
8.045833E0,2.051000E3,4.175179E0,-4.591464E-1,
8.050000E0,2.052000E3,4.183949E0,-4.369245E-1,
8.054167E0,2.053000E3,4.169812E0,-4.158182E-1,
8.058333E0,2.054000E3,4.172144E0,-4.122716E-1,
8.062500E0,2.055000E3,4.182105E0,-4.018840E-1,
8.066667E0,2.056000E3,4.180866E0,-3.878492E-1,
8.070833E0,2.057000E3,4.184169E0,-3.650202E-1,
8.075000E0,2.058000E3,4.189572E0,-3.722062E-1,
8.079167E0,2.059000E3,4.177126E0,-3.526720E-1,
8.083333E0,2.060000E3,4.183845E0,-3.501279E-1,
8.087500E0,2.061000E3,4.183653E0,-3.474340E-1,
8.091667E0,2.062000E3,4.195177E0,-3.385637E-1,
8.095833E0,2.063000E3,4.192838E0,-3.278425E-1,
8.100000E0,2.064000E3,4.191059E0,-3.266853E-1,
8.104167E0,2.065000E3,4.190195E0,-3.125186E-1,
8.108333E0,2.066000E3,4.184895E0,-3.189579E-1,
8.112500E0,2.067000E3,4.194758E0,-3.204700E-1,
8.116667E0,2.068000E3,4.193128E0,-2.945839E-1,
8.120833E0,2.069000E3,4.201963E0,-2.946207E-1,
8.125000E0,2.070000E3,4.195534E0,-2.821564E-1,
8.129167E0,2.071000E3,4.202950E0,-2.732582E-1,
8.133333E0,2.072000E3,4.204529E0,-2.554083E-1,
8.137500E0,2.073000E3,4.205000E0,-2.440310E-1,
8.141667E0,2.074000E3,4.220920E0,-2.234805E-1,
8.145833E0,2.075000E3,4.211139E0,-2.160665E-1,
8.150000E0,2.076000E3,4.225647E0,-1.899673E-1,
8.154167E0,2.077000E3,4.225889E0,-1.691873E-1,
8.158333E0,2.078000E3,4.231276E0,-1.524981E-1,
8.162500E0,2.079000E3,4.235949E0,-1.405843E-1,
8.166667E0,2.080000E3,4.247795E0,-1.048948E-1,
8.170833E0,2.081000E3,4.253959E0,-1.003767E-1,
8.175000E0,2.082000E3,4.251577E0,-7.230472E-2,
8.179167E0,2.083000E3,4.262199E0,-7.689966E-2,
8.183333E0,2.084000E3,4.253788E0,-5.884291E-2,
8.187500E0,2.085000E3,4.276071E0,-3.237509E-2,
8.191667E0,2.086000E3,4.256905E0,-2.567684E-2,
8.195833E0,2.087000E3,4.269471E0,-9.444268E-3,
8.200000E0,2.088000E3,4.283429E0,6.114228E-3,
8.204167E0,2.089000E3,4.269430E0,1.830718E-2,
8.208333E0,2.090000E3,4.275388E0,2.057481E-2,
8.212500E0,2.091000E3,4.274458E0,3.146497E-2,
8.216667E0,2.092000E3,4.275636E0,3.046991E-2,
8.220833E0,2.093000E3,4.282995E0,3.355999E-2,
8.225000E0,2.094000E3,4.278105E0,3.748076E-2,
8.229167E0,2.095000E3,4.268834E0,4.121459E-2,
8.233333E0,2.096000E3,4.295892E0,4.591139E-2,
8.237500E0,2.097000E3,4.282795E0,6.689187E-2,
8.241667E0,2.098000E3,4.286892E0,6.711470E-2,
8.245833E0,2.099000E3,4.283709E0,8.117883E-2,
8.250000E0,2.100000E3,4.289404E0,7.775396E-2,
8.254167E0,2.101000E3,4.280520E0,9.470397E-2,
8.258333E0,2.102000E3,4.294946E0,9.562982E-2,
8.262500E0,2.103000E3,4.295490E0,1.222064E-1,
8.266667E0,2.104000E3,4.288676E0,1.380362E-1,
8.270833E0,2.105000E3,4.298915E0,1.666058E-1,
8.275000E0,2.106000E3,4.304669E0,1.768608E-1,
8.279167E0,2.107000E3,4.321309E0,2.024812E-1,
8.283333E0,2.108000E3,4.316699E0,2.166991E-1,
8.287500E0,2.109000E3,4.313941E0,2.316236E-1,
8.291667E0,2.110000E3,4.324349E0,2.466070E-1,
8.295833E0,2.111000E3,4.334334E0,2.837774E-1,
8.300000E0,2.112000E3,4.343888E0,2.929005E-1,
8.304167E0,2.113000E3,4.337594E0,3.040350E-1,
8.308333E0,2.114000E3,4.342468E0,3.237307E-1,
8.312500E0,2.115000E3,4.340265E0,3.365588E-1,
8.316667E0,2.116000E3,4.348843E0,3.572501E-1,
8.320833E0,2.117000E3,4.350423E0,3.536331E-1,
8.325000E0,2.118000E3,4.344107E0,3.635650E-1,
8.329167E0,2.119000E3,4.352365E0,3.802526E-1,
8.333333E0,2.120000E3,4.355453E0,3.792299E-1,
8.337500E0,2.121000E3,4.356557E0,3.908860E-1,
8.341667E0,2.122000E3,4.354726E0,3.934989E-1,
8.345833E0,2.123000E3,4.361417E0,4.054908E-1,
8.350000E0,2.124000E3,4.357239E0,4.028181E-1,
8.354167E0,2.125000E3,4.367733E0,4.023314E-1,
8.358333E0,2.126000E3,4.365081E0,4.210487E-1,
8.362500E0,2.127000E3,4.372148E0,4.250174E-1,
8.366667E0,2.128000E3,4.361547E0,4.323938E-1,
8.370833E0,2.129000E3,4.384046E0,4.306009E-1,
8.375000E0,2.130000E3,4.366592E0,4.482412E-1,
8.379167E0,2.131000E3,4.370042E0,4.678781E-1,
8.383333E0,2.132000E3,4.380493E0,4.723041E-1,
8.387500E0,2.133000E3,4.381830E0,4.901895E-1,
8.391667E0,2.134000E3,4.389254E0,5.050124E-1,
8.395833E0,2.135000E3,4.390764E0,5.164204E-1,
8.400000E0,2.136000E3,4.394397E0,5.321099E-1,
8.404167E0,2.137000E3,4.409141E0,5.609923E-1,
8.408333E0,2.138000E3,4.406259E0,5.798345E-1,
8.412500E0,2.139000E3,4.402537E0,5.920131E-1,
8.416667E0,2.140000E3,4.414914E0,6.301158E-1,
8.420833E0,2.141000E3,4.427858E0,6.320647E-1,
8.425000E0,2.142000E3,4.434327E0,6.464128E-1,
8.429167E0,2.143000E3,4.426861E0,6.616147E-1,
8.433333E0,2.144000E3,4.433018E0,6.837493E-1,
8.437500E0,2.145000E3,4.441146E0,6.972940E-1,
8.441667E0,2.146000E3,4.440007E0,7.172166E-1,
8.445833E0,2.147000E3,4.441952E0,7.098419E-1,
8.450000E0,2.148000E3,4.440189E0,7.184912E-1,
8.454167E0,2.149000E3,4.453916E0,7.368452E-1,
8.458333E0,2.150000E3,4.460255E0,7.507732E-1,
8.462500E0,2.151000E3,4.452335E0,7.402939E-1,
8.466667E0,2.152000E3,4.455375E0,7.477313E-1,
8.470833E0,2.153000E3,4.459659E0,7.624673E-1,
8.475000E0,2.154000E3,4.453965E0,7.596532E-1,
8.479167E0,2.155000E3,4.461365E0,7.770931E-1,
8.483333E0,2.156000E3,4.462366E0,7.690305E-1,
8.487500E0,2.157000E3,4.454984E0,7.878599E-1,
8.491667E0,2.158000E3,4.463357E0,7.769289E-1,
8.495833E0,2.159000E3,4.469277E0,7.982853E-1,
8.500000E0,2.160000E3,4.475208E0,8.140187E-1,
8.504167E0,2.161000E3,4.481923E0,8.283248E-1,
8.508333E0,2.162000E3,4.479341E0,8.379563E-1,
8.512500E0,2.163000E3,4.482678E0,8.347720E-1,
8.516667E0,2.164000E3,4.486756E0,8.756953E-1,
8.520833E0,2.165000E3,4.492629E0,8.824181E-1,
8.525000E0,2.166000E3,4.503706E0,8.946377E-1,
8.529167E0,2.167000E3,4.512635E0,9.296405E-1,
8.533333E0,2.168000E3,4.506800E0,9.355287E-1,
8.537500E0,2.169000E3,4.508756E0,9.511485E-1,
8.541667E0,2.170000E3,4.513654E0,9.675832E-1,
8.545833E0,2.171000E3,4.516895E0,9.922634E-1,
8.550000E0,2.172000E3,4.521506E0,1.026764E0,
8.554167E0,2.173000E3,4.537074E0,1.033067E0,
8.558333E0,2.174000E3,4.532755E0,1.048076E0,
8.562500E0,2.175000E3,4.534628E0,1.059247E0,
8.566667E0,2.176000E3,4.544433E0,1.075499E0,
8.570833E0,2.177000E3,4.544834E0,1.092653E0,
8.575000E0,2.178000E3,4.538563E0,1.094344E0,
8.579167E0,2.179000E3,4.551496E0,1.100948E0,
8.583333E0,2.180000E3,4.544638E0,1.106565E0,
8.587500E0,2.181000E3,4.550332E0,1.108135E0,
8.591667E0,2.182000E3,4.548177E0,1.130249E0,
8.595833E0,2.183000E3,4.540110E0,1.123312E0,
8.600000E0,2.184000E3,4.552870E0,1.129718E0,
8.604167E0,2.185000E3,4.545624E0,1.128463E0,
8.608333E0,2.186000E3,4.554676E0,1.132639E0,
8.612500E0,2.187000E3,4.551594E0,1.148220E0,
8.616667E0,2.188000E3,4.554375E0,1.147423E0,
8.620833E0,2.189000E3,4.553419E0,1.159482E0,
8.625000E0,2.190000E3,4.562653E0,1.162253E0,
8.629167E0,2.191000E3,4.563526E0,1.185386E0,
8.633333E0,2.192000E3,4.554773E0,1.196987E0,
8.637500E0,2.193000E3,4.569609E0,1.213367E0,
8.641667E0,2.194000E3,4.576704E0,1.243771E0,
8.645833E0,2.195000E3,4.587459E0,1.244181E0,
8.650000E0,2.196000E3,4.584038E0,1.262002E0,
8.654167E0,2.197000E3,4.591864E0,1.266372E0,
8.658333E0,2.198000E3,4.595313E0,1.304588E0,
8.662500E0,2.199000E3,4.604028E0,1.326954E0,
8.666667E0,2.200000E3,4.593841E0,1.348423E0,
8.670833E0,2.201000E3,4.602720E0,1.355880E0,
8.675000E0,2.202000E3,4.607229E0,1.378069E0,
8.679167E0,2.203000E3,4.613527E0,1.392256E0,
8.683333E0,2.204000E3,4.615764E0,1.409265E0,
8.687500E0,2.205000E3,4.624837E0,1.423412E0,
8.691667E0,2.206000E3,4.638872E0,1.445793E0,
8.695833E0,2.207000E3,4.632048E0,1.451296E0,
8.700000E0,2.208000E3,4.635835E0,1.452662E0,
8.704167E0,2.209000E3,4.635097E0,1.459146E0,
8.708333E0,2.210000E3,4.635165E0,1.476171E0,
8.712500E0,2.211000E3,4.634724E0,1.478792E0,
8.716667E0,2.212000E3,4.630553E0,1.475251E0,
8.720833E0,2.213000E3,4.632608E0,1.491575E0,
8.725000E0,2.214000E3,4.625479E0,1.486476E0,
8.729167E0,2.215000E3,4.634720E0,1.502154E0,
8.733333E0,2.216000E3,4.644615E0,1.505955E0,
8.737500E0,2.217000E3,4.647413E0,1.514213E0,
8.741667E0,2.218000E3,4.653499E0,1.521687E0,
8.745833E0,2.219000E3,4.640656E0,1.520684E0,
8.750000E0,2.220000E3,4.648853E0,1.530030E0,
8.754167E0,2.221000E3,4.641796E0,1.554574E0,
8.758333E0,2.222000E3,4.641899E0,1.566994E0,
8.762500E0,2.223000E3,4.649867E0,1.582756E0,
8.766667E0,2.224000E3,4.658846E0,1.603294E0,
8.770833E0,2.225000E3,4.658026E0,1.611072E0,
8.775000E0,2.226000E3,4.654374E0,1.639226E0,
8.779167E0,2.227000E3,4.651966E0,1.655787E0,
8.783333E0,2.228000E3,4.651646E0,1.666510E0,
8.787500E0,2.229000E3,4.664145E0,1.696490E0,
8.791667E0,2.230000E3,4.668759E0,1.705494E0,
8.795833E0,2.231000E3,4.670226E0,1.726993E0,
8.800000E0,2.232000E3,4.671458E0,1.751544E0,
8.804167E0,2.233000E3,4.670763E0,1.756653E0,
8.808333E0,2.234000E3,4.684785E0,1.789028E0,
8.812500E0,2.235000E3,4.676193E0,1.802883E0,
8.816667E0,2.236000E3,4.673227E0,1.807847E0,
8.820833E0,2.237000E3,4.676760E0,1.818871E0,
8.825000E0,2.238000E3,4.680614E0,1.832388E0,
8.829167E0,2.239000E3,4.664909E0,1.839618E0,
8.833333E0,2.240000E3,4.679262E0,1.844459E0,
8.837500E0,2.241000E3,4.678109E0,1.849519E0,
8.841667E0,2.242000E3,4.673449E0,1.842962E0,
8.845833E0,2.243000E3,4.674283E0,1.865597E0,
8.850000E0,2.244000E3,4.680966E0,1.859509E0,
8.854167E0,2.245000E3,4.687476E0,1.879675E0,
8.858333E0,2.246000E3,4.684030E0,1.873548E0,
8.862500E0,2.247000E3,4.685322E0,1.895465E0,
8.866667E0,2.248000E3,4.684903E0,1.889868E0,
8.870833E0,2.249000E3,4.680827E0,1.895150E0,
8.875000E0,2.250000E3,4.682343E0,1.914020E0,
8.879167E0,2.251000E3,4.689736E0,1.930129E0,
8.883333E0,2.252000E3,4.689431E0,1.952733E0,
8.887500E0,2.253000E3,4.682419E0,1.960527E0,
8.891667E0,2.254000E3,4.691002E0,1.965731E0,
8.895833E0,2.255000E3,4.700934E0,1.990097E0,
8.900000E0,2.256000E3,4.690211E0,2.015361E0,
8.904167E0,2.257000E3,4.709764E0,2.034689E0,
8.908333E0,2.258000E3,4.708874E0,2.045133E0,
8.912500E0,2.259000E3,4.717430E0,2.056444E0,
8.916667E0,2.260000E3,4.722070E0,2.095918E0,
8.920833E0,2.261000E3,4.720180E0,2.102503E0,
8.925000E0,2.262000E3,4.717474E0,2.123819E0,
8.929167E0,2.263000E3,4.734623E0,2.136270E0,
8.933333E0,2.264000E3,4.730680E0,2.160498E0,
8.937500E0,2.265000E3,4.726796E0,2.170890E0,
8.941667E0,2.266000E3,4.724343E0,2.176068E0,
8.945833E0,2.267000E3,4.742964E0,2.194803E0,
8.950000E0,2.268000E3,4.737557E0,2.198501E0,
8.954167E0,2.269000E3,4.730876E0,2.207627E0,
8.958333E0,2.270000E3,4.732871E0,2.205113E0,
8.962500E0,2.271000E3,4.741358E0,2.220403E0,
8.966667E0,2.272000E3,4.735773E0,2.213338E0,
8.970833E0,2.273000E3,4.756644E0,2.223003E0,
8.975000E0,2.274000E3,4.752719E0,2.239389E0,
8.979167E0,2.275000E3,4.750772E0,2.240361E0,
8.983333E0,2.276000E3,4.752609E0,2.248201E0,
8.987500E0,2.277000E3,4.746520E0,2.247926E0,
8.991667E0,2.278000E3,4.749574E0,2.255356E0,
8.995833E0,2.279000E3,4.758790E0,2.272137E0,
9.000000E0,2.280000E3,4.751336E0,2.270582E0,
9.004167E0,2.281000E3,4.751421E0,2.292556E0,
9.008333E0,2.282000E3,4.750684E0,2.303592E0,
9.012500E0,2.283000E3,4.756804E0,2.322803E0,
9.016667E0,2.284000E3,4.753541E0,2.325976E0,
9.020833E0,2.285000E3,4.762043E0,2.354445E0,
9.025000E0,2.286000E3,4.763594E0,2.382717E0,
9.029167E0,2.287000E3,4.764865E0,2.391862E0,
9.033333E0,2.288000E3,4.759775E0,2.421826E0,
9.037500E0,2.289000E3,4.759857E0,2.433823E0,
9.041667E0,2.290000E3,4.769570E0,2.456472E0,
9.045833E0,2.291000E3,4.768493E0,2.478119E0,
9.050000E0,2.292000E3,4.771691E0,2.480460E0,
9.054167E0,2.293000E3,4.772197E0,2.507488E0,
9.058333E0,2.294000E3,4.759777E0,2.525937E0,
9.062500E0,2.295000E3,4.771061E0,2.543195E0,
9.066667E0,2.296000E3,4.774230E0,2.554086E0,
9.070833E0,2.297000E3,4.782406E0,2.547727E0,
9.075000E0,2.298000E3,4.778040E0,2.561545E0,
9.079167E0,2.299000E3,4.781246E0,2.582080E0,
9.083333E0,2.300000E3,4.785150E0,2.577573E0,
9.087500E0,2.301000E3,4.791109E0,2.594727E0,
9.091667E0,2.302000E3,4.784778E0,2.594545E0,
9.095833E0,2.303000E3,4.790074E0,2.604686E0,
9.100000E0,2.304000E3,4.785688E0,2.599568E0,
9.104167E0,2.305000E3,4.778871E0,2.611112E0,
9.108333E0,2.306000E3,4.797158E0,2.621864E0,
9.112500E0,2.307000E3,4.794162E0,2.630252E0,
9.116667E0,2.308000E3,4.785907E0,2.632079E0,
9.120833E0,2.309000E3,4.790384E0,2.646058E0,
9.125000E0,2.310000E3,4.799875E0,2.652513E0,
9.129167E0,2.311000E3,4.795996E0,2.681964E0,
9.133333E0,2.312000E3,4.799956E0,2.670605E0,
9.137500E0,2.313000E3,4.804313E0,2.697965E0,
9.141667E0,2.314000E3,4.808319E0,2.711251E0,
9.145833E0,2.315000E3,4.805135E0,2.726825E0,
9.150000E0,2.316000E3,4.813821E0,2.746999E0,
9.154167E0,2.317000E3,4.816907E0,2.754768E0,
9.158333E0,2.318000E3,4.816897E0,2.776830E0,
9.162500E0,2.319000E3,4.823495E0,2.795381E0,
9.166667E0,2.320000E3,4.832463E0,2.811515E0,
9.170833E0,2.321000E3,4.824529E0,2.850731E0,
9.175000E0,2.322000E3,4.833880E0,2.862124E0,
9.179167E0,2.323000E3,4.834402E0,2.883046E0,
9.183333E0,2.324000E3,4.840065E0,2.886817E0,
9.187500E0,2.325000E3,4.839031E0,2.902242E0,
9.191667E0,2.326000E3,4.839249E0,2.913984E0,
9.195833E0,2.327000E3,4.838334E0,2.937493E0,
9.200000E0,2.328000E3,4.851847E0,2.939830E0,
9.204167E0,2.329000E3,4.839392E0,2.938752E0,
9.208333E0,2.330000E3,4.838708E0,2.945375E0,
9.212500E0,2.331000E3,4.842277E0,2.964279E0,
9.216667E0,2.332000E3,4.837984E0,2.955925E0,
9.220833E0,2.333000E3,4.860582E0,2.968035E0,
9.225000E0,2.334000E3,4.843266E0,2.971759E0,
9.229167E0,2.335000E3,4.848874E0,2.997515E0,
9.233333E0,2.336000E3,4.846923E0,2.988627E0,
9.237500E0,2.337000E3,4.846667E0,2.994126E0,
9.241667E0,2.338000E3,4.858468E0,3.005267E0,
9.245833E0,2.339000E3,4.864771E0,3.010192E0,
9.250000E0,2.340000E3,4.861728E0,3.018841E0,
9.254167E0,2.341000E3,4.858733E0,3.035851E0,
9.258333E0,2.342000E3,4.864286E0,3.049097E0,
9.262500E0,2.343000E3,4.867686E0,3.060659E0,
9.266667E0,2.344000E3,4.865723E0,3.083271E0,
9.270833E0,2.345000E3,4.881900E0,3.095862E0,
9.275000E0,2.346000E3,4.868364E0,3.116222E0,
9.279167E0,2.347000E3,4.873587E0,3.131084E0,
9.283333E0,2.348000E3,4.890830E0,3.159188E0,
9.287500E0,2.349000E3,4.896687E0,3.169633E0,
9.291667E0,2.350000E3,4.901978E0,3.190348E0,
9.295833E0,2.351000E3,4.911756E0,3.211907E0,
9.300000E0,2.352000E3,4.899834E0,3.228447E0,
9.304167E0,2.353000E3,4.910407E0,3.246900E0,
9.308333E0,2.354000E3,4.918425E0,3.256270E0,
9.312500E0,2.355000E3,4.926490E0,3.270252E0,
9.316667E0,2.356000E3,4.927592E0,3.275769E0,
9.320833E0,2.357000E3,4.921387E0,3.300571E0,
9.325000E0,2.358000E3,4.937946E0,3.299698E0,
9.329167E0,2.359000E3,4.929763E0,3.307838E0,
9.333333E0,2.360000E3,4.939879E0,3.326396E0,
9.337500E0,2.361000E3,4.933397E0,3.310671E0,
9.341667E0,2.362000E3,4.951994E0,3.337210E0,
9.345833E0,2.363000E3,4.937058E0,3.333216E0,
9.350000E0,2.364000E3,4.948813E0,3.345293E0,
9.354167E0,2.365000E3,4.936824E0,3.344297E0,
9.358333E0,2.366000E3,4.946394E0,3.348694E0,
9.362500E0,2.367000E3,4.946569E0,3.349715E0,
9.366667E0,2.368000E3,4.948096E0,3.372631E0,
9.370833E0,2.369000E3,4.945008E0,3.377472E0,
9.375000E0,2.370000E3,4.964001E0,3.374871E0,
9.379167E0,2.371000E3,4.951718E0,3.391545E0,
9.383333E0,2.372000E3,4.956117E0,3.410540E0,
9.387500E0,2.373000E3,4.959108E0,3.427090E0,
9.391667E0,2.374000E3,4.965158E0,3.435643E0,
9.395833E0,2.375000E3,4.973146E0,3.467000E0,
9.400000E0,2.376000E3,4.968226E0,3.474531E0,
9.404167E0,2.377000E3,4.982208E0,3.500828E0,
9.408333E0,2.378000E3,4.986796E0,3.515000E0,
9.412500E0,2.379000E3,4.994874E0,3.538082E0,
9.416667E0,2.380000E3,4.988283E0,3.543441E0,
9.420833E0,2.381000E3,4.989213E0,3.580906E0,
9.425000E0,2.382000E3,4.998770E0,3.587717E0,
9.429167E0,2.383000E3,5.011788E0,3.610864E0,
9.433333E0,2.384000E3,5.018914E0,3.627654E0,
9.437500E0,2.385000E3,5.017465E0,3.628502E0,
9.441667E0,2.386000E3,5.021216E0,3.647539E0,
9.445833E0,2.387000E3,5.011225E0,3.652473E0,
9.450000E0,2.388000E3,5.021595E0,3.673214E0,
9.454167E0,2.389000E3,5.021384E0,3.676191E0,
9.458333E0,2.390000E3,5.020972E0,3.687263E0,
9.462500E0,2.391000E3,5.035467E0,3.677240E0,
9.466667E0,2.392000E3,5.030291E0,3.685051E0,
9.470833E0,2.393000E3,5.033338E0,3.699757E0,
9.475000E0,2.394000E3,5.046814E0,3.706601E0,
9.479167E0,2.395000E3,5.032802E0,3.711854E0,
9.483333E0,2.396000E3,5.028138E0,3.716848E0,
9.487500E0,2.397000E3,5.046482E0,3.725350E0,
9.491667E0,2.398000E3,5.019420E0,3.727541E0,
9.495833E0,2.399000E3,5.046815E0,3.736119E0,
9.500000E0,2.400000E3,5.057987E0,3.746188E0,
9.504167E0,2.401000E3,5.043765E0,3.752835E0,
9.508333E0,2.402000E3,5.066630E0,3.776409E0,
9.512500E0,2.403000E3,5.051528E0,3.794750E0,
9.516667E0,2.404000E3,5.061712E0,3.789114E0,
9.520833E0,2.405000E3,5.078142E0,3.820219E0,
9.525000E0,2.406000E3,5.079490E0,3.831732E0,
9.529167E0,2.407000E3,5.088488E0,3.859954E0,
9.533333E0,2.408000E3,5.083588E0,3.875553E0,
9.537500E0,2.409000E3,5.092849E0,3.887310E0,
9.541667E0,2.410000E3,5.093601E0,3.921405E0,
9.545833E0,2.411000E3,5.103370E0,3.934132E0,
9.550000E0,2.412000E3,5.111995E0,3.958715E0,
9.554167E0,2.413000E3,5.118593E0,3.962615E0,
9.558333E0,2.414000E3,5.130059E0,3.969479E0,
9.562500E0,2.415000E3,5.129175E0,4.005315E0,
9.566667E0,2.416000E3,5.133497E0,4.005128E0,
9.570833E0,2.417000E3,5.137606E0,4.008352E0,
9.575000E0,2.418000E3,5.143904E0,4.025316E0,
9.579167E0,2.419000E3,5.143947E0,4.030377E0,
9.583333E0,2.420000E3,5.141935E0,4.037987E0,
9.587500E0,2.421000E3,5.135673E0,4.035347E0,
9.591667E0,2.422000E3,5.147191E0,4.055582E0,
9.595833E0,2.423000E3,5.147799E0,4.056674E0,
9.600000E0,2.424000E3,5.153672E0,4.058440E0,
9.604167E0,2.425000E3,5.156256E0,4.077268E0,
9.608333E0,2.426000E3,5.148882E0,4.062211E0,
9.612500E0,2.427000E3,5.149919E0,4.084551E0,
9.616667E0,2.428000E3,5.165221E0,4.082637E0,
9.620833E0,2.429000E3,5.152797E0,4.075779E0,
9.625000E0,2.430000E3,5.167950E0,4.091583E0,
9.629167E0,2.431000E3,5.175008E0,4.117251E0,
9.633333E0,2.432000E3,5.188692E0,4.127087E0,
9.637500E0,2.433000E3,5.183195E0,4.140629E0,
9.641667E0,2.434000E3,5.184365E0,4.156457E0,
9.645833E0,2.435000E3,5.204183E0,4.164204E0,
9.650000E0,2.436000E3,5.205120E0,4.186534E0,
9.654167E0,2.437000E3,5.204286E0,4.208920E0,
9.658333E0,2.438000E3,5.208339E0,4.232289E0,
9.662500E0,2.439000E3,5.217167E0,4.247185E0,
9.666667E0,2.440000E3,5.226710E0,4.269906E0,
9.670833E0,2.441000E3,5.227912E0,4.281855E0,
9.675000E0,2.442000E3,5.240154E0,4.298933E0,
9.679167E0,2.443000E3,5.244144E0,4.319275E0,
9.683333E0,2.444000E3,5.255345E0,4.334012E0,
9.687500E0,2.445000E3,5.256580E0,4.332644E0,
9.691667E0,2.446000E3,5.249713E0,4.359450E0,
9.695833E0,2.447000E3,5.251484E0,4.370053E0,
9.700000E0,2.448000E3,5.263403E0,4.393014E0,
9.704167E0,2.449000E3,5.258450E0,4.392832E0,
9.708333E0,2.450000E3,5.265234E0,4.392556E0,
9.712500E0,2.451000E3,5.262157E0,4.409657E0,
9.716667E0,2.452000E3,5.267400E0,4.403172E0,
9.720833E0,2.453000E3,5.281001E0,4.410715E0,
9.725000E0,2.454000E3,5.264372E0,4.413756E0,
9.729167E0,2.455000E3,5.268693E0,4.418670E0,
9.733333E0,2.456000E3,5.271582E0,4.431597E0,
9.737500E0,2.457000E3,5.284229E0,4.419508E0,
9.741667E0,2.458000E3,5.291796E0,4.437691E0,
9.745833E0,2.459000E3,5.279730E0,4.451422E0,
9.750000E0,2.460000E3,5.282795E0,4.453214E0,
9.754167E0,2.461000E3,5.289035E0,4.468302E0,
9.758333E0,2.462000E3,5.293679E0,4.481611E0,
9.762500E0,2.463000E3,5.300637E0,4.492084E0,
9.766667E0,2.464000E3,5.296518E0,4.498268E0,
9.770833E0,2.465000E3,5.310766E0,4.531949E0,
9.775000E0,2.466000E3,5.327498E0,4.542128E0,
9.779167E0,2.467000E3,5.325966E0,4.573892E0,
9.783333E0,2.468000E3,5.323805E0,4.574569E0,
9.787500E0,2.469000E3,5.343418E0,4.601904E0,
9.791667E0,2.470000E3,5.348956E0,4.619043E0,
9.795833E0,2.471000E3,5.360740E0,4.640326E0,
9.800000E0,2.472000E3,5.365698E0,4.659686E0,
9.804167E0,2.473000E3,5.372770E0,4.667637E0,
9.808333E0,2.474000E3,5.376949E0,4.681381E0,
9.812500E0,2.475000E3,5.389727E0,4.706004E0,
9.816667E0,2.476000E3,5.389683E0,4.703529E0,
9.820833E0,2.477000E3,5.391508E0,4.728664E0,
9.825000E0,2.478000E3,5.390906E0,4.731671E0,
9.829167E0,2.479000E3,5.397542E0,4.743294E0,
9.833333E0,2.480000E3,5.391088E0,4.747732E0,
9.837500E0,2.481000E3,5.400795E0,4.749267E0,
9.841667E0,2.482000E3,5.398782E0,4.750533E0,
9.845833E0,2.483000E3,5.403074E0,4.757156E0,
9.850000E0,2.484000E3,5.402899E0,4.762359E0,
9.854167E0,2.485000E3,5.408043E0,4.771054E0,
9.858333E0,2.486000E3,5.403137E0,4.764281E0,
9.862500E0,2.487000E3,5.403640E0,4.771513E0,
9.866667E0,2.488000E3,5.400612E0,4.784855E0,
9.870833E0,2.489000E3,5.412174E0,4.794707E0,
9.875000E0,2.490000E3,5.408560E0,4.799470E0,
9.879167E0,2.491000E3,5.420985E0,4.824574E0,
9.883333E0,2.492000E3,5.420135E0,4.832914E0,
9.887500E0,2.493000E3,5.429269E0,4.848464E0,
9.891667E0,2.494000E3,5.422039E0,4.864469E0,
9.895833E0,2.495000E3,5.424501E0,4.888228E0,
9.900000E0,2.496000E3,5.431156E0,4.902631E0,
9.904167E0,2.497000E3,5.422425E0,4.915351E0,
9.908333E0,2.498000E3,5.435012E0,4.939005E0,
9.912500E0,2.499000E3,5.435309E0,4.962703E0,
9.916667E0,2.500000E3,5.425042E0,4.988409E0,
9.920833E0,2.501000E3,5.422916E0,5.007387E0,
9.925000E0,2.502000E3,5.428115E0,5.014906E0,
9.929167E0,2.503000E3,5.431572E0,5.036105E0,
9.933333E0,2.504000E3,5.454353E0,5.043873E0,
9.937500E0,2.505000E3,5.442153E0,5.064986E0,
9.941667E0,2.506000E3,5.445340E0,5.075563E0,
9.945833E0,2.507000E3,5.441117E0,5.092814E0,
9.950000E0,2.508000E3,5.447352E0,5.097299E0,
9.954167E0,2.509000E3,5.448664E0,5.103878E0,
9.958333E0,2.510000E3,5.442270E0,5.116390E0,
9.962500E0,2.511000E3,5.439594E0,5.115051E0,
9.966667E0,2.512000E3,5.452238E0,5.127769E0,
9.970833E0,2.513000E3,5.435723E0,5.140878E0,
9.975000E0,2.514000E3,5.441457E0,5.130252E0,
9.979167E0,2.515000E3,5.437000E0,5.148717E0,
9.983333E0,2.516000E3,5.434549E0,5.147857E0,
9.987500E0,2.517000E3,5.433094E0,5.156998E0,
9.991667E0,2.518000E3,5.436536E0,5.157467E0,
9.995833E0,2.519000E3,5.442775E0,5.170149E0,
1.000000E1,2.520000E3,5.439421E0,5.178698E0,
1.000417E1,2.521000E3,5.438360E0,5.194190E0,
1.000833E1,2.522000E3,5.428561E0,5.205522E0,
1.001250E1,2.523000E3,5.438547E0,5.226527E0,
1.001667E1,2.524000E3,5.436177E0,5.242370E0,
1.002083E1,2.525000E3,5.428856E0,5.248750E0,
1.002500E1,2.526000E3,5.429428E0,5.277048E0,
1.002917E1,2.527000E3,5.422407E0,5.301459E0,
1.003333E1,2.528000E3,5.425180E0,5.319034E0,
1.003750E1,2.529000E3,5.431177E0,5.339997E0,
1.004167E1,2.530000E3,5.428767E0,5.357326E0,
1.004583E1,2.531000E3,5.424083E0,5.388491E0,
1.005000E1,2.532000E3,5.425770E0,5.395246E0,
1.005417E1,2.533000E3,5.427769E0,5.406874E0,
1.005833E1,2.534000E3,5.409558E0,5.413457E0,
1.006250E1,2.535000E3,5.414298E0,5.431913E0,
1.006667E1,2.536000E3,5.418042E0,5.447929E0,
1.007083E1,2.537000E3,5.430185E0,5.473951E0,
1.007500E1,2.538000E3,5.415601E0,5.476122E0,
1.007917E1,2.539000E3,5.419740E0,5.487784E0,
1.008333E1,2.540000E3,5.408500E0,5.483701E0,
1.008750E1,2.541000E3,5.406359E0,5.490004E0,
1.009167E1,2.542000E3,5.418920E0,5.504222E0,
1.009583E1,2.543000E3,5.418762E0,5.503022E0,
1.010000E1,2.544000E3,5.418293E0,5.512212E0,
1.010417E1,2.545000E3,5.416186E0,5.514498E0,
1.010833E1,2.546000E3,5.406509E0,5.531291E0,
1.011250E1,2.547000E3,5.416911E0,5.540864E0,
1.011667E1,2.548000E3,5.397042E0,5.532522E0,
1.012083E1,2.549000E3,5.406055E0,5.550151E0,
1.012500E1,2.550000E3,5.412793E0,5.554454E0,
1.012917E1,2.551000E3,5.403777E0,5.565286E0,
1.013333E1,2.552000E3,5.412166E0,5.573895E0,
1.013750E1,2.553000E3,5.390966E0,5.594254E0,
1.014167E1,2.554000E3,5.391534E0,5.614046E0,
1.014583E1,2.555000E3,5.392252E0,5.636819E0,
1.015000E1,2.556000E3,5.398496E0,5.651513E0,
1.015417E1,2.557000E3,5.383675E0,5.661330E0,
1.015833E1,2.558000E3,5.387602E0,5.692033E0,
1.016250E1,2.559000E3,5.371643E0,5.700163E0,
1.016667E1,2.560000E3,5.375426E0,5.726490E0,
1.017083E1,2.561000E3,5.364287E0,5.742429E0,
1.017500E1,2.562000E3,5.382570E0,5.765069E0,
1.017917E1,2.563000E3,5.376922E0,5.784566E0,
1.018333E1,2.564000E3,5.378339E0,5.794741E0,
1.018750E1,2.565000E3,5.365005E0,5.817716E0,
1.019167E1,2.566000E3,5.371048E0,5.822358E0,
1.019583E1,2.567000E3,5.364865E0,5.830189E0,
1.020000E1,2.568000E3,5.369642E0,5.833672E0,
1.020417E1,2.569000E3,5.358689E0,5.845642E0,
1.020833E1,2.570000E3,5.363485E0,5.859903E0,
1.021250E1,2.571000E3,5.362385E0,5.862700E0,
1.021667E1,2.572000E3,5.358515E0,5.874986E0,
1.022083E1,2.573000E3,5.359495E0,5.864971E0,
1.022500E1,2.574000E3,5.353510E0,5.879664E0,
1.022917E1,2.575000E3,5.357996E0,5.886711E0,
1.023333E1,2.576000E3,5.358667E0,5.895383E0,
1.023750E1,2.577000E3,5.355866E0,5.903559E0,
1.024167E1,2.578000E3,5.354531E0,5.900487E0,
1.024583E1,2.579000E3,5.351586E0,5.926565E0,
1.025000E1,2.580000E3,5.362768E0,5.926259E0,
1.025417E1,2.581000E3,5.345478E0,5.932189E0,
1.025833E1,2.582000E3,5.348134E0,5.953735E0,
1.026250E1,2.583000E3,5.361464E0,5.967154E0,
1.026667E1,2.584000E3,5.349642E0,5.984948E0,
1.027083E1,2.585000E3,5.342655E0,5.992373E0,
1.027500E1,2.586000E3,5.360558E0,6.015738E0,
1.027917E1,2.587000E3,5.354932E0,6.045441E0,
1.028333E1,2.588000E3,5.349438E0,6.068045E0,
1.028750E1,2.589000E3,5.355841E0,6.084048E0,
1.029167E1,2.590000E3,5.352268E0,6.100584E0,
1.029583E1,2.591000E3,5.352429E0,6.125910E0,
1.030000E1,2.592000E3,5.346859E0,6.142554E0,
1.030417E1,2.593000E3,5.357566E0,6.151546E0,
1.030833E1,2.594000E3,5.353222E0,6.167531E0,
1.031250E1,2.595000E3,5.367092E0,6.188576E0,
1.031667E1,2.596000E3,5.357250E0,6.203601E0,
1.032083E1,2.597000E3,5.369533E0,6.202245E0,
1.032500E1,2.598000E3,5.357362E0,6.228224E0,
1.032917E1,2.599000E3,5.366942E0,6.209067E0,
1.033333E1,2.600000E3,5.359908E0,6.227306E0,
1.033750E1,2.601000E3,5.358164E0,6.233738E0,
1.034167E1,2.602000E3,5.355203E0,6.237322E0,
1.034583E1,2.603000E3,5.352993E0,6.246823E0,
1.035000E1,2.604000E3,5.359981E0,6.257542E0,
1.035417E1,2.605000E3,5.359111E0,6.262680E0,
1.035833E1,2.606000E3,5.357813E0,6.263257E0,
1.036250E1,2.607000E3,5.355455E0,6.279176E0,
1.036667E1,2.608000E3,5.363202E0,6.284027E0,
1.037083E1,2.609000E3,5.362533E0,6.287089E0,
1.037500E1,2.610000E3,5.363483E0,6.312494E0,
1.037917E1,2.611000E3,5.362156E0,6.311326E0,
1.038333E1,2.612000E3,5.361995E0,6.326868E0,
1.038750E1,2.613000E3,5.361397E0,6.339522E0,
1.039167E1,2.614000E3,5.363411E0,6.368206E0,
1.039583E1,2.615000E3,5.371554E0,6.378194E0,
1.040000E1,2.616000E3,5.363731E0,6.399534E0,
1.040417E1,2.617000E3,5.371820E0,6.409636E0,
1.040833E1,2.618000E3,5.363298E0,6.434395E0,
1.041250E1,2.619000E3,5.365129E0,6.456668E0,
1.041667E1,2.620000E3,5.364030E0,6.479666E0,
1.042083E1,2.621000E3,5.353194E0,6.492257E0,
1.042500E1,2.622000E3,5.368005E0,6.529678E0,
1.042917E1,2.623000E3,5.367659E0,6.530160E0,
1.043333E1,2.624000E3,5.368053E0,6.547187E0,
1.043750E1,2.625000E3,5.362777E0,6.551422E0,
1.044167E1,2.626000E3,5.371246E0,6.577250E0,
1.044583E1,2.627000E3,5.376287E0,6.589084E0,
1.045000E1,2.628000E3,5.358761E0,6.600977E0,
1.045417E1,2.629000E3,5.357396E0,6.600884E0,
1.045833E1,2.630000E3,5.353327E0,6.616205E0,
1.046250E1,2.631000E3,5.362195E0,6.619540E0,
1.046667E1,2.632000E3,5.351085E0,6.618079E0,
1.047083E1,2.633000E3,5.359765E0,6.642850E0,
1.047500E1,2.634000E3,5.357929E0,6.629681E0,
1.047917E1,2.635000E3,5.368164E0,6.621987E0,
1.048333E1,2.636000E3,5.359044E0,6.633984E0,
1.048750E1,2.637000E3,5.366566E0,6.644440E0,
1.049167E1,2.638000E3,5.360628E0,6.655993E0,
1.049583E1,2.639000E3,5.366864E0,6.658782E0,
1.050000E1,2.640000E3,5.354716E0,6.667796E0,
1.050417E1,2.641000E3,5.357397E0,6.693787E0,
1.050833E1,2.642000E3,5.358213E0,6.709555E0,
1.051250E1,2.643000E3,5.348110E0,6.721003E0,
1.051667E1,2.644000E3,5.370657E0,6.724463E0,
1.052083E1,2.645000E3,5.351701E0,6.749767E0,
1.052500E1,2.646000E3,5.348986E0,6.767662E0,
1.052917E1,2.647000E3,5.349212E0,6.783566E0,
1.053333E1,2.648000E3,5.366498E0,6.807141E0,
1.053750E1,2.649000E3,5.364470E0,6.824451E0,
1.054167E1,2.650000E3,5.363040E0,6.845140E0,
1.054583E1,2.651000E3,5.364337E0,6.865876E0,
1.055000E1,2.652000E3,5.370154E0,6.888934E0,
1.055417E1,2.653000E3,5.367858E0,6.908577E0,
1.055833E1,2.654000E3,5.364475E0,6.913974E0,
1.056250E1,2.655000E3,5.372618E0,6.928162E0,
1.056667E1,2.656000E3,5.375585E0,6.949637E0,
1.057083E1,2.657000E3,5.372948E0,6.959750E0,
1.057500E1,2.658000E3,5.366741E0,6.967650E0,
1.057917E1,2.659000E3,5.374089E0,6.974103E0,
1.058333E1,2.660000E3,5.367365E0,6.986557E0,
1.058750E1,2.661000E3,5.367818E0,6.988731E0,
1.059167E1,2.662000E3,5.372660E0,6.992848E0,
1.059583E1,2.663000E3,5.374512E0,6.989003E0,
1.060000E1,2.664000E3,5.375688E0,6.995727E0,
1.060417E1,2.665000E3,5.380388E0,7.009035E0,
1.060833E1,2.666000E3,5.374249E0,7.019846E0,
1.061250E1,2.667000E3,5.368264E0,7.023757E0,
1.061667E1,2.668000E3,5.374745E0,7.034920E0,
1.062083E1,2.669000E3,5.381554E0,7.038600E0,
1.062500E1,2.670000E3,5.376487E0,7.049898E0,
1.062917E1,2.671000E3,5.377758E0,7.067003E0,
1.063333E1,2.672000E3,5.382415E0,7.088075E0,
1.063750E1,2.673000E3,5.379631E0,7.084789E0,
1.064167E1,2.674000E3,5.364344E0,7.108855E0,
1.064583E1,2.675000E3,5.367203E0,7.132992E0,
1.065000E1,2.676000E3,5.365625E0,7.145095E0,
1.065417E1,2.677000E3,5.357393E0,7.158938E0,
1.065833E1,2.678000E3,5.360192E0,7.189038E0,
1.066250E1,2.679000E3,5.364474E0,7.208242E0,
1.066667E1,2.680000E3,5.369818E0,7.227476E0,
1.067083E1,2.681000E3,5.366165E0,7.247043E0,
1.067500E1,2.682000E3,5.371419E0,7.257085E0,
1.067917E1,2.683000E3,5.365017E0,7.271340E0,
1.068333E1,2.684000E3,5.374360E0,7.297106E0,
1.068750E1,2.685000E3,5.369316E0,7.303077E0,
1.069167E1,2.686000E3,5.363134E0,7.325498E0,
1.069583E1,2.687000E3,5.364876E0,7.331448E0,
1.070000E1,2.688000E3,5.366763E0,7.344785E0,
1.070417E1,2.689000E3,5.358855E0,7.343433E0,
1.070833E1,2.690000E3,5.350174E0,7.355898E0,
1.071250E1,2.691000E3,5.360197E0,7.368014E0,
1.071667E1,2.692000E3,5.364879E0,7.369942E0,
1.072083E1,2.693000E3,5.357029E0,7.380923E0,
1.072500E1,2.694000E3,5.366958E0,7.379918E0,
1.072917E1,2.695000E3,5.353083E0,7.387828E0,
1.073333E1,2.696000E3,5.353111E0,7.391989E0,
1.073750E1,2.697000E3,5.370941E0,7.397382E0,
1.074167E1,2.698000E3,5.355005E0,7.403395E0,
1.074583E1,2.699000E3,5.354069E0,7.410163E0,
1.075000E1,2.700000E3,5.361009E0,7.423277E0,
1.075417E1,2.701000E3,5.360482E0,7.439595E0,
1.075833E1,2.702000E3,5.359438E0,7.449315E0,
1.076250E1,2.703000E3,5.362735E0,7.459173E0,
1.076667E1,2.704000E3,5.361499E0,7.496874E0,
1.077083E1,2.705000E3,5.366855E0,7.491634E0,
1.077500E1,2.706000E3,5.372583E0,7.521083E0,
1.077917E1,2.707000E3,5.365394E0,7.536617E0,
1.078333E1,2.708000E3,5.359572E0,7.563028E0,
1.078750E1,2.709000E3,5.365723E0,7.580496E0,
1.079167E1,2.710000E3,5.361053E0,7.599268E0,
1.079583E1,2.711000E3,5.370734E0,7.617509E0,
1.080000E1,2.712000E3,5.371429E0,7.635666E0,
1.080417E1,2.713000E3,5.371453E0,7.653618E0,
1.080833E1,2.714000E3,5.351371E0,7.671762E0,
1.081250E1,2.715000E3,5.357151E0,7.679538E0,
1.081667E1,2.716000E3,5.365381E0,7.698518E0,
1.082083E1,2.717000E3,5.362488E0,7.703926E0,
1.082500E1,2.718000E3,5.361934E0,7.721947E0,
1.082917E1,2.719000E3,5.353585E0,7.728389E0,
1.083333E1,2.720000E3,5.353206E0,7.734791E0,
1.083750E1,2.721000E3,5.361361E0,7.740040E0,
1.084167E1,2.722000E3,5.357859E0,7.739782E0,
1.084583E1,2.723000E3,5.354016E0,7.751508E0,
1.085000E1,2.724000E3,5.360159E0,7.750168E0,
1.085417E1,2.725000E3,5.363420E0,7.762791E0,
1.085833E1,2.726000E3,5.364145E0,7.770514E0,
1.086250E1,2.727000E3,5.367077E0,7.776248E0,
1.086667E1,2.728000E3,5.362182E0,7.776145E0,
1.087083E1,2.729000E3,5.348488E0,7.783658E0,
1.087500E1,2.730000E3,5.351394E0,7.805163E0,
1.087917E1,2.731000E3,5.359598E0,7.817946E0,
1.088333E1,2.732000E3,5.360604E0,7.835987E0,
1.088750E1,2.733000E3,5.345643E0,7.844413E0,
1.089167E1,2.734000E3,5.352272E0,7.860345E0,
1.089583E1,2.735000E3,5.372403E0,7.877362E0,
1.090000E1,2.736000E3,5.356558E0,7.898931E0,
1.090417E1,2.737000E3,5.355779E0,7.909497E0,
1.090833E1,2.738000E3,5.357782E0,7.919117E0,
1.091250E1,2.739000E3,5.355493E0,7.954408E0,
1.091667E1,2.740000E3,5.355030E0,7.967664E0,
1.092083E1,2.741000E3,5.352844E0,7.993105E0,
1.092500E1,2.742000E3,5.369528E0,8.016136E0,
1.092917E1,2.743000E3,5.363332E0,8.024087E0,
1.093333E1,2.744000E3,5.358764E0,8.044763E0,
1.093750E1,2.745000E3,5.355497E0,8.059651E0,
1.094167E1,2.746000E3,5.366114E0,8.078148E0,
1.094583E1,2.747000E3,5.369715E0,8.088204E0,
1.095000E1,2.748000E3,5.365425E0,8.085299E0,
1.095417E1,2.749000E3,5.369444E0,8.092261E0,
1.095833E1,2.750000E3,5.371601E0,8.109192E0,
1.096250E1,2.751000E3,5.365114E0,8.110217E0,
1.096667E1,2.752000E3,5.363197E0,8.120084E0,
1.097083E1,2.753000E3,5.359703E0,8.119471E0,
1.097500E1,2.754000E3,5.356323E0,8.131191E0,
1.097917E1,2.755000E3,5.361464E0,8.130339E0,
1.098333E1,2.756000E3,5.363215E0,8.135964E0,
1.098750E1,2.757000E3,5.367640E0,8.146197E0,
1.099167E1,2.758000E3,5.361470E0,8.165423E0,
1.099583E1,2.759000E3,5.362067E0,8.156046E0,
1.100000E1,2.760000E3,5.359138E0,8.174366E0,
1.100417E1,2.761000E3,5.371335E0,8.195648E0,
1.100833E1,2.762000E3,5.366448E0,8.194221E0,
1.101250E1,2.763000E3,5.360826E0,8.211414E0,
1.101667E1,2.764000E3,5.374829E0,8.229434E0,
1.102083E1,2.765000E3,5.382635E0,8.249393E0,
1.102500E1,2.766000E3,5.378345E0,8.276507E0,
1.102917E1,2.767000E3,5.367271E0,8.289686E0,
1.103333E1,2.768000E3,5.366633E0,8.314517E0,
1.103750E1,2.769000E3,5.382019E0,8.327016E0,
1.104167E1,2.770000E3,5.381864E0,8.346874E0,
1.104583E1,2.771000E3,5.378835E0,8.375624E0,
1.105000E1,2.772000E3,5.386374E0,8.382674E0,
1.105417E1,2.773000E3,5.386370E0,8.415021E0,
1.105833E1,2.774000E3,5.395882E0,8.413250E0,
1.106250E1,2.775000E3,5.390216E0,8.438431E0,
1.106667E1,2.776000E3,5.387191E0,8.447867E0,
1.107083E1,2.777000E3,5.403266E0,8.454279E0,
1.107500E1,2.778000E3,5.389588E0,8.458008E0,
1.107917E1,2.779000E3,5.402859E0,8.463267E0,
1.108333E1,2.780000E3,5.387796E0,8.465167E0,
1.108750E1,2.781000E3,5.402561E0,8.484261E0,
1.109167E1,2.782000E3,5.390168E0,8.487596E0,
1.109583E1,2.783000E3,5.395955E0,8.494006E0,
1.110000E1,2.784000E3,5.399172E0,8.501660E0,
1.110417E1,2.785000E3,5.390672E0,8.500936E0,
1.110833E1,2.786000E3,5.390801E0,8.524941E0,
1.111250E1,2.787000E3,5.401287E0,8.516687E0,
1.111667E1,2.788000E3,5.402756E0,8.520379E0,
1.112083E1,2.789000E3,5.406320E0,8.543664E0,
1.112500E1,2.790000E3,5.410763E0,8.554352E0,
1.112917E1,2.791000E3,5.421917E0,8.568308E0,
1.113333E1,2.792000E3,5.416476E0,8.569984E0,
1.113750E1,2.793000E3,5.427873E0,8.582807E0,
1.114167E1,2.794000E3,5.412403E0,8.610990E0,
1.114583E1,2.795000E3,5.430945E0,8.628139E0,
1.115000E1,2.796000E3,5.441454E0,8.636969E0,
1.115417E1,2.797000E3,5.444842E0,8.659005E0,
1.115833E1,2.798000E3,5.439913E0,8.673537E0,
1.116250E1,2.799000E3,5.455798E0,8.697103E0,
1.116667E1,2.800000E3,5.467166E0,8.710344E0,
1.117083E1,2.801000E3,5.462553E0,8.730373E0,
1.117500E1,2.802000E3,5.467116E0,8.734662E0,
1.117917E1,2.803000E3,5.478068E0,8.752001E0,
1.118333E1,2.804000E3,5.483000E0,8.777318E0,
1.118750E1,2.805000E3,5.480274E0,8.789576E0,
1.119167E1,2.806000E3,5.497329E0,8.809553E0,
1.119583E1,2.807000E3,5.501775E0,8.810601E0,
1.120000E1,2.808000E3,5.494262E0,8.822787E0,
1.120417E1,2.809000E3,5.502062E0,8.841472E0,
1.120833E1,2.810000E3,5.503549E0,8.848536E0,
1.121250E1,2.811000E3,5.493472E0,8.851482E0,
1.121667E1,2.812000E3,5.499436E0,8.856685E0,
1.122083E1,2.813000E3,5.503243E0,8.854525E0,
1.122500E1,2.814000E3,5.502998E0,8.859511E0,
1.122917E1,2.815000E3,5.518519E0,8.857276E0,
1.123333E1,2.816000E3,5.510593E0,8.871585E0,
1.123750E1,2.817000E3,5.511291E0,8.878153E0,
1.124167E1,2.818000E3,5.513856E0,8.884743E0,
1.124583E1,2.819000E3,5.523978E0,8.893539E0,
1.125000E1,2.820000E3,5.516309E0,8.905874E0,
1.125417E1,2.821000E3,5.528070E0,8.915773E0,
1.125833E1,2.822000E3,5.518603E0,8.931226E0,
1.126250E1,2.823000E3,5.531543E0,8.949014E0,
1.126667E1,2.824000E3,5.538947E0,8.957718E0,
1.127083E1,2.825000E3,5.551137E0,8.977882E0,
1.127500E1,2.826000E3,5.550201E0,9.003527E0,
1.127917E1,2.827000E3,5.548523E0,9.020040E0,
1.128333E1,2.828000E3,5.570537E0,9.037016E0,
1.128750E1,2.829000E3,5.572427E0,9.061650E0,
1.129167E1,2.830000E3,5.569747E0,9.078205E0,
1.129583E1,2.831000E3,5.579179E0,9.089730E0,
1.130000E1,2.832000E3,5.596362E0,9.126690E0,
1.130417E1,2.833000E3,5.594054E0,9.123754E0,
1.130833E1,2.834000E3,5.593549E0,9.140959E0,
1.131250E1,2.835000E3,5.609882E0,9.154117E0,
1.131667E1,2.836000E3,5.610265E0,9.160434E0,
1.132083E1,2.837000E3,5.624129E0,9.163165E0,
1.132500E1,2.838000E3,5.625466E0,9.179977E0,
1.132917E1,2.839000E3,5.620031E0,9.186838E0,
1.133333E1,2.840000E3,5.626815E0,9.186847E0,
1.133750E1,2.841000E3,5.645780E0,9.202017E0,
1.134167E1,2.842000E3,5.626052E0,9.209171E0,
1.134583E1,2.843000E3,5.628927E0,9.207558E0,
1.135000E1,2.844000E3,5.641411E0,9.204354E0,
1.135417E1,2.845000E3,5.641127E0,9.211277E0,
1.135833E1,2.846000E3,5.640302E0,9.225289E0,
1.136250E1,2.847000E3,5.645994E0,9.225438E0,
1.136667E1,2.848000E3,5.631786E0,9.245508E0,
1.137083E1,2.849000E3,5.635208E0,9.241798E0,
1.137500E1,2.850000E3,5.650686E0,9.247959E0,
1.137917E1,2.851000E3,5.649457E0,9.271857E0,
1.138333E1,2.852000E3,5.657277E0,9.281889E0,
1.138750E1,2.853000E3,5.661477E0,9.289526E0,
1.139167E1,2.854000E3,5.655792E0,9.316047E0,
1.139583E1,2.855000E3,5.667301E0,9.331320E0,
1.140000E1,2.856000E3,5.675610E0,9.344060E0,
1.140417E1,2.857000E3,5.683180E0,9.363073E0,
1.140833E1,2.858000E3,5.688892E0,9.379724E0,
1.141250E1,2.859000E3,5.685030E0,9.401971E0,
1.141667E1,2.860000E3,5.699474E0,9.424663E0,
1.142083E1,2.861000E3,5.696535E0,9.448511E0,
1.142500E1,2.862000E3,5.690035E0,9.459991E0,
1.142917E1,2.863000E3,5.697663E0,9.482698E0,
1.143333E1,2.864000E3,5.711007E0,9.488419E0,
1.143750E1,2.865000E3,5.703161E0,9.510775E0,
1.144167E1,2.866000E3,5.714396E0,9.513480E0,
1.144583E1,2.867000E3,5.707241E0,9.528508E0,
1.145000E1,2.868000E3,5.704160E0,9.548628E0,
1.145417E1,2.869000E3,5.700645E0,9.542546E0,
1.145833E1,2.870000E3,5.702913E0,9.546122E0,
1.146250E1,2.871000E3,5.709083E0,9.570792E0,
1.146667E1,2.872000E3,5.709931E0,9.562025E0,
1.147083E1,2.873000E3,5.707098E0,9.571603E0,
1.147500E1,2.874000E3,5.708234E0,9.568999E0,
1.147917E1,2.875000E3,5.718157E0,9.584126E0,
1.148333E1,2.876000E3,5.713092E0,9.594174E0,
1.148750E1,2.877000E3,5.706841E0,9.597957E0,
1.149167E1,2.878000E3,5.711073E0,9.616455E0,
1.149583E1,2.879000E3,5.716862E0,9.615042E0,
1.150000E1,2.880000E3,5.713861E0,9.628853E0,
1.150417E1,2.881000E3,5.711516E0,9.640480E0,
1.150833E1,2.882000E3,5.724454E0,9.647138E0,
1.151250E1,2.883000E3,5.713242E0,9.662933E0,
1.151667E1,2.884000E3,5.712123E0,9.690219E0,
1.152083E1,2.885000E3,5.715477E0,9.701173E0,
1.152500E1,2.886000E3,5.714850E0,9.726545E0,
1.152917E1,2.887000E3,5.714529E0,9.741778E0,
1.153333E1,2.888000E3,5.710288E0,9.759720E0,
1.153750E1,2.889000E3,5.707772E0,9.778233E0,
1.154167E1,2.890000E3,5.713314E0,9.799185E0,
1.154583E1,2.891000E3,5.715164E0,9.814887E0,
1.155000E1,2.892000E3,5.722382E0,9.823569E0,
1.155417E1,2.893000E3,5.718461E0,9.847765E0,
1.155833E1,2.894000E3,5.707793E0,9.874449E0,
1.156250E1,2.895000E3,5.715105E0,9.876143E0,
1.156667E1,2.896000E3,5.706967E0,9.889030E0,
1.157083E1,2.897000E3,5.709041E0,9.905456E0,
1.157500E1,2.898000E3,5.705393E0,9.910532E0,
1.157917E1,2.899000E3,5.706022E0,9.930059E0,
1.158333E1,2.900000E3,5.710753E0,9.931243E0,
1.158750E1,2.901000E3,5.703818E0,9.934306E0,
1.159167E1,2.902000E3,5.703978E0,9.934199E0,
1.159583E1,2.903000E3,5.712032E0,9.941082E0,
1.160000E1,2.904000E3,5.684994E0,9.955407E0,
1.160417E1,2.905000E3,5.692328E0,9.947209E0,
1.160833E1,2.906000E3,5.713680E0,9.953644E0,
1.161250E1,2.907000E3,5.710445E0,9.965141E0,
1.161667E1,2.908000E3,5.698455E0,9.979925E0,
1.162083E1,2.909000E3,5.700572E0,9.980635E0,
1.162500E1,2.910000E3,5.693179E0,9.993408E0,
1.162917E1,2.911000E3,5.694667E0,1.000585E1,
1.163333E1,2.912000E3,5.695494E0,1.002830E1,
1.163750E1,2.913000E3,5.697391E0,1.004813E1,
1.164167E1,2.914000E3,5.685037E0,1.006079E1,
1.164583E1,2.915000E3,5.684026E0,1.007056E1,
1.165000E1,2.916000E3,5.691292E0,1.008961E1,
1.165417E1,2.917000E3,5.680928E0,1.011797E1,
1.165833E1,2.918000E3,5.685929E0,1.013466E1,
1.166250E1,2.919000E3,5.679640E0,1.015400E1,
1.166667E1,2.920000E3,5.658081E0,1.017311E1,
1.167083E1,2.921000E3,5.672440E0,1.019402E1,
1.167500E1,2.922000E3,5.657107E0,1.021183E1,
1.167917E1,2.923000E3,5.657486E0,1.021421E1,
1.168333E1,2.924000E3,5.638399E0,1.024150E1,
1.168750E1,2.925000E3,5.642411E0,1.024585E1,
1.169167E1,2.926000E3,5.643973E0,1.025652E1,
1.169583E1,2.927000E3,5.652855E0,1.026545E1,
1.170000E1,2.928000E3,5.647725E0,1.029112E1,
1.170417E1,2.929000E3,5.632537E0,1.029526E1,
1.170833E1,2.930000E3,5.641572E0,1.030895E1,
1.171250E1,2.931000E3,5.638432E0,1.030483E1,
1.171667E1,2.932000E3,5.648425E0,1.031830E1,
1.172083E1,2.933000E3,5.630737E0,1.029935E1,
1.172500E1,2.934000E3,5.631920E0,1.032053E1,
1.172917E1,2.935000E3,5.631256E0,1.033366E1,
1.173333E1,2.936000E3,5.632233E0,1.033171E1,
1.173750E1,2.937000E3,5.628374E0,1.033913E1,
1.174167E1,2.938000E3,5.643355E0,1.034728E1,
1.174583E1,2.939000E3,5.620297E0,1.035877E1,
1.175000E1,2.940000E3,5.627373E0,1.035814E1,
1.175417E1,2.941000E3,5.615865E0,1.038959E1,
1.175833E1,2.942000E3,5.620820E0,1.038659E1,
1.176250E1,2.943000E3,5.604058E0,1.040351E1,
1.176667E1,2.944000E3,5.608158E0,1.043097E1,
1.177083E1,2.945000E3,5.614021E0,1.044550E1,
1.177500E1,2.946000E3,5.605109E0,1.046008E1,
1.177917E1,2.947000E3,5.602023E0,1.047735E1,
1.178333E1,2.948000E3,5.605145E0,1.050378E1,
1.178750E1,2.949000E3,5.597159E0,1.052651E1,
1.179167E1,2.950000E3,5.594675E0,1.055100E1,
1.179583E1,2.951000E3,5.581924E0,1.055784E1,
1.180000E1,2.952000E3,5.593524E0,1.056459E1,
1.180417E1,2.953000E3,5.583136E0,1.058951E1,
1.180833E1,2.954000E3,5.583474E0,1.060926E1,
1.181250E1,2.955000E3,5.583067E0,1.061250E1,
1.181667E1,2.956000E3,5.579457E0,1.063037E1,
1.182083E1,2.957000E3,5.571527E0,1.064893E1,
1.182500E1,2.958000E3,5.580690E0,1.065540E1,
1.182917E1,2.959000E3,5.573038E0,1.066046E1,
1.183333E1,2.960000E3,5.576825E0,1.067002E1,
1.183750E1,2.961000E3,5.574142E0,1.068047E1,
1.184167E1,2.962000E3,5.575571E0,1.067715E1,
1.184583E1,2.963000E3,5.581391E0,1.067849E1,
1.185000E1,2.964000E3,5.579966E0,1.067875E1,
1.185417E1,2.965000E3,5.578310E0,1.069677E1,
1.185833E1,2.966000E3,5.565316E0,1.069100E1,
1.186250E1,2.967000E3,5.574349E0,1.072299E1,
1.186667E1,2.968000E3,5.566837E0,1.072063E1,
1.187083E1,2.969000E3,5.566641E0,1.072448E1,
1.187500E1,2.970000E3,5.573792E0,1.074079E1,
1.187917E1,2.971000E3,5.570157E0,1.074894E1,
1.188333E1,2.972000E3,5.560894E0,1.076368E1,
1.188750E1,2.973000E3,5.566225E0,1.077866E1,
1.189167E1,2.974000E3,5.563199E0,1.079026E1,
1.189583E1,2.975000E3,5.564107E0,1.080876E1,
1.190000E1,2.976000E3,5.566945E0,1.083857E1,
1.190417E1,2.977000E3,5.565905E0,1.085603E1,
1.190833E1,2.978000E3,5.554678E0,1.086449E1,
1.191250E1,2.979000E3,5.559577E0,1.089247E1,
1.191667E1,2.980000E3,5.543143E0,1.091559E1,
1.192083E1,2.981000E3,5.555351E0,1.092482E1,
1.192500E1,2.982000E3,5.558767E0,1.094501E1,
1.192917E1,2.983000E3,5.539155E0,1.096835E1,
1.193333E1,2.984000E3,5.550081E0,1.097833E1,
1.193750E1,2.985000E3,5.546215E0,1.099012E1,
1.194167E1,2.986000E3,5.548532E0,1.100636E1,
1.194583E1,2.987000E3,5.547859E0,1.101496E1,
1.195000E1,2.988000E3,5.537803E0,1.102844E1,
1.195417E1,2.989000E3,5.541404E0,1.103935E1,
1.195833E1,2.990000E3,5.543006E0,1.104263E1,
1.196250E1,2.991000E3,5.538406E0,1.105421E1,
1.196667E1,2.992000E3,5.537767E0,1.104616E1,
1.197083E1,2.993000E3,5.537417E0,1.105639E1,
1.197500E1,2.994000E3,5.545886E0,1.107002E1,
1.197917E1,2.995000E3,5.551370E0,1.106841E1,
1.198333E1,2.996000E3,5.534939E0,1.107244E1,
1.198750E1,2.997000E3,5.542745E0,1.108445E1,
1.199167E1,2.998000E3,5.535974E0,1.109783E1,
1.199583E1,2.999000E3,5.540111E0,1.109305E1,
