	mass E			
t	frame	x	y	
0.000000E0	1.200000E2	-8.010397E0	-2.004724E0	
4.166667E-3	1.210000E2	-8.005055E0	-2.019673E0	
8.333333E-3	1.220000E2	-8.007164E0	-2.037745E0	
1.250000E-2	1.230000E2	-8.014235E0	-2.045035E0	
1.666667E-2	1.240000E2	-8.019469E0	-2.052941E0	
2.083333E-2	1.250000E2	-8.023679E0	-2.065534E0	
2.500000E-2	1.260000E2	-8.031565E0	-2.066383E0	
2.916667E-2	1.270000E2	-8.030789E0	-2.082735E0	
3.333333E-2	1.280000E2	-8.031654E0	-2.077331E0	
3.750000E-2	1.290000E2	-8.031069E0	-2.092842E0	
4.166667E-2	1.300000E2	-8.048478E0	-2.106995E0	
4.583333E-2	1.310000E2	-8.060225E0	-2.110478E0	
5.000000E-2	1.320000E2	-8.054636E0	-2.119714E0	
5.416667E-2	1.330000E2	-8.061642E0	-2.139454E0	
5.833333E-2	1.340000E2	-8.061496E0	-2.152018E0	
6.250000E-2	1.350000E2	-8.070606E0	-2.183214E0	
6.666667E-2	1.360000E2	-8.076796E0	-2.202926E0	
7.083333E-2	1.370000E2	-8.076059E0	-2.222712E0	
7.500000E-2	1.380000E2	-8.097020E0	-2.237243E0	
7.916667E-2	1.390000E2	-8.097244E0	-2.275904E0	
8.333333E-2	1.400000E2	-8.106537E0	-2.298814E0	
8.750000E-2	1.410000E2	-8.118577E0	-2.322992E0	
9.166667E-2	1.420000E2	-8.128751E0	-2.359353E0	
9.583333E-2	1.430000E2	-8.138020E0	-2.389331E0	
1.000000E-1	1.440000E2	-8.139054E0	-2.412957E0	
1.041667E-1	1.450000E2	-8.148363E0	-2.442137E0	
1.083333E-1	1.460000E2	-8.150443E0	-2.463889E0	
1.125000E-1	1.470000E2	-8.147554E0	-2.470536E0	
1.166667E-1	1.480000E2	-8.162408E0	-2.496418E0	
1.208333E-1	1.490000E2	-8.172205E0	-2.507876E0	
1.250000E-1	1.500000E2	-8.173785E0	-2.518372E0	
1.291667E-1	1.510000E2	-8.183409E0	-2.534179E0	
1.333333E-1	1.520000E2	-8.188005E0	-2.535160E0	
1.375000E-1	1.530000E2	-8.187252E0	-2.560930E0	
1.416667E-1	1.540000E2	-8.185267E0	-2.558454E0	
1.458333E-1	1.550000E2	-8.196296E0	-2.568898E0	
1.500000E-1	1.560000E2	-8.194621E0	-2.572720E0	
1.541667E-1	1.570000E2	-8.209528E0	-2.579192E0	
1.583333E-1	1.580000E2	-8.207140E0	-2.592049E0	
1.625000E-1	1.590000E2	-8.196058E0	-2.609560E0	
1.666667E-1	1.600000E2	-8.205788E0	-2.608999E0	
1.708333E-1	1.610000E2	-8.201976E0	-2.634944E0	
1.750000E-1	1.620000E2	-8.223899E0	-2.649100E0	
1.791667E-1	1.630000E2	-8.229446E0	-2.677611E0	
1.833333E-1	1.640000E2	-8.238600E0	-2.704511E0	
1.875000E-1	1.650000E2	-8.259491E0	-2.724929E0	
1.916667E-1	1.660000E2	-8.265686E0	-2.760505E0	
1.958333E-1	1.670000E2	-8.269932E0	-2.782862E0	
2.000000E-1	1.680000E2	-8.290826E0	-2.816372E0	
2.041667E-1	1.690000E2	-8.293765E0	-2.834644E0	
2.083333E-1	1.700000E2	-8.292217E0	-2.867400E0	
2.125000E-1	1.710000E2	-8.314963E0	-2.896782E0	
2.166667E-1	1.720000E2	-8.324344E0	-2.910883E0	
2.208333E-1	1.730000E2	-8.327180E0	-2.935551E0	
2.250000E-1	1.740000E2	-8.335458E0	-2.950915E0	
2.291667E-1	1.750000E2	-8.327186E0	-2.977293E0	
2.333333E-1	1.760000E2	-8.352615E0	-2.983109E0	
2.375000E-1	1.770000E2	-8.352662E0	-2.988619E0	
2.416667E-1	1.780000E2	-8.343190E0	-3.005407E0	
2.458333E-1	1.790000E2	-8.354826E0	-3.013393E0	
2.500000E-1	1.800000E2	-8.356091E0	-3.027349E0	
2.541667E-1	1.810000E2	-8.345365E0	-3.030550E0	
2.583333E-1	1.820000E2	-8.368136E0	-3.033530E0	
2.625000E-1	1.830000E2	-8.359973E0	-3.054551E0	
2.666667E-1	1.840000E2	-8.362999E0	-3.049374E0	
2.708333E-1	1.850000E2	-8.372711E0	-3.068282E0	
2.750000E-1	1.860000E2	-8.376722E0	-3.070775E0	
2.791667E-1	1.870000E2	-8.377343E0	-3.105572E0	
2.833333E-1	1.880000E2	-8.375763E0	-3.122388E0	
2.875000E-1	1.890000E2	-8.390566E0	-3.140320E0	
2.916667E-1	1.900000E2	-8.403767E0	-3.157308E0	
2.958333E-1	1.910000E2	-8.402439E0	-3.187993E0	
3.000000E-1	1.920000E2	-8.414425E0	-3.211405E0	
3.041667E-1	1.930000E2	-8.411482E0	-3.244681E0	
3.083333E-1	1.940000E2	-8.423474E0	-3.264832E0	
3.125000E-1	1.950000E2	-8.430779E0	-3.295758E0	
3.166667E-1	1.960000E2	-8.451708E0	-3.324008E0	
3.208333E-1	1.970000E2	-8.461358E0	-3.342038E0	
3.250000E-1	1.980000E2	-8.455861E0	-3.377476E0	
3.291667E-1	1.990000E2	-8.471498E0	-3.388010E0	
3.333333E-1	2.000000E2	-8.477533E0	-3.412200E0	
3.375000E-1	2.010000E2	-8.480418E0	-3.429227E0	
3.416667E-1	2.020000E2	-8.493577E0	-3.458820E0	
3.458333E-1	2.030000E2	-8.488950E0	-3.463404E0	
3.500000E-1	2.040000E2	-8.506927E0	-3.473580E0	
3.541667E-1	2.050000E2	-8.515619E0	-3.492017E0	
3.583333E-1	2.060000E2	-8.512639E0	-3.487045E0	
3.625000E-1	2.070000E2	-8.502743E0	-3.506320E0	
3.666667E-1	2.080000E2	-8.507549E0	-3.513403E0	
3.708333E-1	2.090000E2	-8.528751E0	-3.504743E0	
3.750000E-1	2.100000E2	-8.508636E0	-3.531061E0	
3.791667E-1	2.110000E2	-8.521669E0	-3.539589E0	
3.833333E-1	2.120000E2	-8.524405E0	-3.553587E0	
3.875000E-1	2.130000E2	-8.513485E0	-3.562005E0	
3.916667E-1	2.140000E2	-8.523369E0	-3.577775E0	
3.958333E-1	2.150000E2	-8.521319E0	-3.608018E0	
4.000000E-1	2.160000E2	-8.546686E0	-3.629145E0	
4.041667E-1	2.170000E2	-8.537758E0	-3.642632E0	
4.083333E-1	2.180000E2	-8.551719E0	-3.676587E0	
4.125000E-1	2.190000E2	-8.545338E0	-3.702292E0	
4.166667E-1	2.200000E2	-8.555238E0	-3.730641E0	
4.208333E-1	2.210000E2	-8.557376E0	-3.758011E0	
4.250000E-1	2.220000E2	-8.553388E0	-3.794497E0	
4.291667E-1	2.230000E2	-8.565217E0	-3.823589E0	
4.333333E-1	2.240000E2	-8.571810E0	-3.851906E0	
4.375000E-1	2.250000E2	-8.569465E0	-3.879230E0	
4.416667E-1	2.260000E2	-8.574148E0	-3.888846E0	
4.458333E-1	2.270000E2	-8.575133E0	-3.909992E0	
4.500000E-1	2.280000E2	-8.574808E0	-3.939579E0	
4.541667E-1	2.290000E2	-8.573136E0	-3.942920E0	
4.583333E-1	2.300000E2	-8.590759E0	-3.945635E0	
4.625000E-1	2.310000E2	-8.582413E0	-3.967411E0	
4.666667E-1	2.320000E2	-8.587992E0	-3.983518E0	
4.708333E-1	2.330000E2	-8.590013E0	-3.994083E0	
4.750000E-1	2.340000E2	-8.593254E0	-3.996984E0	
4.791667E-1	2.350000E2	-8.592810E0	-4.012827E0	
4.833333E-1	2.360000E2	-8.595607E0	-4.011772E0	
4.875000E-1	2.370000E2	-8.584593E0	-4.034637E0	
4.916667E-1	2.380000E2	-8.592957E0	-4.039550E0	
4.958333E-1	2.390000E2	-8.590306E0	-4.048691E0	
5.000000E-1	2.400000E2	-8.591047E0	-4.057733E0	
5.041667E-1	2.410000E2	-8.591914E0	-4.070019E0	
5.083333E-1	2.420000E2	-8.590090E0	-4.100054E0	
5.125000E-1	2.430000E2	-8.594990E0	-4.133475E0	
5.166667E-1	2.440000E2	-8.589461E0	-4.152596E0	
5.208333E-1	2.450000E2	-8.605955E0	-4.168801E0	
5.250000E-1	2.460000E2	-8.600070E0	-4.217580E0	
5.291667E-1	2.470000E2	-8.601904E0	-4.249242E0	
5.333333E-1	2.480000E2	-8.611372E0	-4.267008E0	
5.375000E-1	2.490000E2	-8.600656E0	-4.299065E0	
5.416667E-1	2.500000E2	-8.613023E0	-4.322682E0	
5.458333E-1	2.510000E2	-8.614412E0	-4.357649E0	
5.500000E-1	2.520000E2	-8.605613E0	-4.380665E0	
5.541667E-1	2.530000E2	-8.611241E0	-4.407856E0	
5.583333E-1	2.540000E2	-8.607841E0	-4.424740E0	
5.625000E-1	2.550000E2	-8.616190E0	-4.433673E0	
5.666667E-1	2.560000E2	-8.615738E0	-4.446877E0	
5.708333E-1	2.570000E2	-8.600607E0	-4.476467E0	
5.750000E-1	2.580000E2	-8.611821E0	-4.478104E0	
5.791667E-1	2.590000E2	-8.617810E0	-4.475379E0	
5.833333E-1	2.600000E2	-8.611636E0	-4.483122E0	
5.875000E-1	2.610000E2	-8.601834E0	-4.494996E0	
5.916667E-1	2.620000E2	-8.610338E0	-4.508379E0	
5.958333E-1	2.630000E2	-8.612300E0	-4.515034E0	
6.000000E-1	2.640000E2	-8.610415E0	-4.525995E0	
6.041667E-1	2.650000E2	-8.605225E0	-4.527041E0	
6.083333E-1	2.660000E2	-8.605843E0	-4.558990E0	
6.125000E-1	2.670000E2	-8.620310E0	-4.563876E0	
6.166667E-1	2.680000E2	-8.604369E0	-4.582504E0	
6.208333E-1	2.690000E2	-8.605837E0	-4.612394E0	
6.250000E-1	2.700000E2	-8.620544E0	-4.639154E0	
6.291667E-1	2.710000E2	-8.613219E0	-4.660064E0	
6.333333E-1	2.720000E2	-8.628060E0	-4.689950E0	
6.375000E-1	2.730000E2	-8.612410E0	-4.722911E0	
6.416667E-1	2.740000E2	-8.628024E0	-4.745065E0	
6.458333E-1	2.750000E2	-8.615160E0	-4.778571E0	
6.500000E-1	2.760000E2	-8.623204E0	-4.812251E0	
6.541667E-1	2.770000E2	-8.619790E0	-4.839580E0	
6.583333E-1	2.780000E2	-8.618110E0	-4.863446E0	
6.625000E-1	2.790000E2	-8.619474E0	-4.879365E0	
6.666667E-1	2.800000E2	-8.627093E0	-4.908636E0	
6.708333E-1	2.810000E2	-8.624974E0	-4.927468E0	
6.750000E-1	2.820000E2	-8.628960E0	-4.929597E0	
6.791667E-1	2.830000E2	-8.637449E0	-4.956275E0	
6.833333E-1	2.840000E2	-8.631126E0	-4.964130E0	
6.875000E-1	2.850000E2	-8.625998E0	-4.984428E0	
6.916667E-1	2.860000E2	-8.634519E0	-4.976548E0	
6.958333E-1	2.870000E2	-8.628230E0	-4.988692E0	
7.000000E-1	2.880000E2	-8.624175E0	-5.000514E0	
7.041667E-1	2.890000E2	-8.637668E0	-5.005362E0	
7.083333E-1	2.900000E2	-8.628388E0	-5.025666E0	
7.125000E-1	2.910000E2	-8.610723E0	-5.038477E0	
7.166667E-1	2.920000E2	-8.634967E0	-5.038198E0	
7.208333E-1	2.930000E2	-8.627554E0	-5.049198E0	
7.250000E-1	2.940000E2	-8.639926E0	-5.070357E0	
7.291667E-1	2.950000E2	-8.636861E0	-5.091881E0	
7.333333E-1	2.960000E2	-8.647673E0	-5.127060E0	
7.375000E-1	2.970000E2	-8.635520E0	-5.144942E0	
7.416667E-1	2.980000E2	-8.655788E0	-5.182878E0	
7.458333E-1	2.990000E2	-8.655218E0	-5.194368E0	
7.500000E-1	3.000000E2	-8.656119E0	-5.232629E0	
7.541667E-1	3.010000E2	-8.660393E0	-5.252843E0	
7.583333E-1	3.020000E2	-8.676893E0	-5.278083E0	
7.625000E-1	3.030000E2	-8.672634E0	-5.323773E0	
7.666667E-1	3.040000E2	-8.678119E0	-5.341869E0	
7.708333E-1	3.050000E2	-8.677612E0	-5.370279E0	
7.750000E-1	3.060000E2	-8.682542E0	-5.389454E0	
7.791667E-1	3.070000E2	-8.696624E0	-5.404456E0	
7.833333E-1	3.080000E2	-8.696064E0	-5.428678E0	
7.875000E-1	3.090000E2	-8.686904E0	-5.441719E0	
7.916667E-1	3.100000E2	-8.686088E0	-5.454114E0	
7.958333E-1	3.110000E2	-8.688943E0	-5.469545E0	
8.000000E-1	3.120000E2	-8.708764E0	-5.479265E0	
8.041667E-1	3.130000E2	-8.702495E0	-5.476395E0	
8.083333E-1	3.140000E2	-8.707343E0	-5.489048E0	
8.125000E-1	3.150000E2	-8.708935E0	-5.505407E0	
8.166667E-1	3.160000E2	-8.697660E0	-5.504065E0	
8.208333E-1	3.170000E2	-8.712564E0	-5.507862E0	
8.250000E-1	3.180000E2	-8.707709E0	-5.527971E0	
8.291667E-1	3.190000E2	-8.714590E0	-5.541920E0	
8.333333E-1	3.200000E2	-8.703007E0	-5.561706E0	
8.375000E-1	3.210000E2	-8.715892E0	-5.580624E0	
8.416667E-1	3.220000E2	-8.714669E0	-5.595449E0	
8.458333E-1	3.230000E2	-8.716460E0	-5.622922E0	
8.500000E-1	3.240000E2	-8.725310E0	-5.644215E0	
8.541667E-1	3.250000E2	-8.738782E0	-5.681641E0	
8.583333E-1	3.260000E2	-8.733950E0	-5.695097E0	
8.625000E-1	3.270000E2	-8.743562E0	-5.728618E0	
8.666667E-1	3.280000E2	-8.746516E0	-5.753315E0	
8.708333E-1	3.290000E2	-8.741937E0	-5.788460E0	
8.750000E-1	3.300000E2	-8.751557E0	-5.818871E0	
8.791667E-1	3.310000E2	-8.766099E0	-5.840728E0	
8.833333E-1	3.320000E2	-8.759380E0	-5.873464E0	
8.875000E-1	3.330000E2	-8.752081E0	-5.891732E0	
8.916667E-1	3.340000E2	-8.757993E0	-5.920092E0	
8.958333E-1	3.350000E2	-8.764907E0	-5.915426E0	
9.000000E-1	3.360000E2	-8.765185E0	-5.931073E0	
9.041667E-1	3.370000E2	-8.768775E0	-5.944327E0	
9.083333E-1	3.380000E2	-8.778166E0	-5.966116E0	
9.125000E-1	3.390000E2	-8.781528E0	-5.968875E0	
9.166667E-1	3.400000E2	-8.769039E0	-5.981233E0	
9.208333E-1	3.410000E2	-8.776320E0	-5.979161E0	
9.250000E-1	3.420000E2	-8.775173E0	-5.996443E0	
9.291667E-1	3.430000E2	-8.778124E0	-6.004562E0	
9.333333E-1	3.440000E2	-8.773305E0	-6.012957E0	
9.375000E-1	3.450000E2	-8.778016E0	-6.020173E0	
9.416667E-1	3.460000E2	-8.785453E0	-6.033612E0	
9.458333E-1	3.470000E2	-8.790992E0	-6.047960E0	
9.500000E-1	3.480000E2	-8.796291E0	-6.063037E0	
9.541667E-1	3.490000E2	-8.808680E0	-6.087573E0	
9.583333E-1	3.500000E2	-8.821920E0	-6.118813E0	
9.625000E-1	3.510000E2	-8.818176E0	-6.136776E0	
9.666667E-1	3.520000E2	-8.824487E0	-6.175550E0	
9.708333E-1	3.530000E2	-8.828766E0	-6.194622E0	
9.750000E-1	3.540000E2	-8.836653E0	-6.227796E0	
9.791667E-1	3.550000E2	-8.838485E0	-6.253831E0	
9.833333E-1	3.560000E2	-8.843915E0	-6.287278E0	
9.875000E-1	3.570000E2	-8.861593E0	-6.318620E0	
9.916667E-1	3.580000E2	-8.861911E0	-6.348981E0	
9.958333E-1	3.590000E2	-8.859117E0	-6.363517E0	
1.000000E0	3.600000E2	-8.858484E0	-6.378710E0	
1.004167E0	3.610000E2	-8.856203E0	-6.409501E0	
1.008333E0	3.620000E2	-8.872757E0	-6.414173E0	
1.012500E0	3.630000E2	-8.871708E0	-6.422194E0	
1.016667E0	3.640000E2	-8.878867E0	-6.452739E0	
1.020833E0	3.650000E2	-8.870837E0	-6.455437E0	
1.025000E0	3.660000E2	-8.875199E0	-6.465000E0	
1.029167E0	3.670000E2	-8.882563E0	-6.469081E0	
1.033333E0	3.680000E2	-8.872186E0	-6.476825E0	
1.037500E0	3.690000E2	-8.866337E0	-6.487063E0	
1.041667E0	3.700000E2	-8.870919E0	-6.495232E0	
1.045833E0	3.710000E2	-8.880968E0	-6.520358E0	
1.050000E0	3.720000E2	-8.877709E0	-6.526092E0	
1.054167E0	3.730000E2	-8.886229E0	-6.533828E0	
1.058333E0	3.740000E2	-8.871372E0	-6.546641E0	
1.062500E0	3.750000E2	-8.887844E0	-6.572351E0	
1.066667E0	3.760000E2	-8.890141E0	-6.599941E0	
1.070833E0	3.770000E2	-8.898498E0	-6.610709E0	
1.075000E0	3.780000E2	-8.889408E0	-6.647785E0	
1.079167E0	3.790000E2	-8.900919E0	-6.678240E0	
1.083333E0	3.800000E2	-8.903464E0	-6.700690E0	
1.087500E0	3.810000E2	-8.915214E0	-6.733160E0	
1.091667E0	3.820000E2	-8.909867E0	-6.776177E0	
1.095833E0	3.830000E2	-8.907573E0	-6.789243E0	
1.100000E0	3.840000E2	-8.907761E0	-6.814636E0	
1.104167E0	3.850000E2	-8.908525E0	-6.856010E0	
1.108333E0	3.860000E2	-8.916719E0	-6.870807E0	
1.112500E0	3.870000E2	-8.911325E0	-6.886863E0	
1.116667E0	3.880000E2	-8.920244E0	-6.909366E0	
1.120833E0	3.890000E2	-8.921930E0	-6.927021E0	
1.125000E0	3.900000E2	-8.921923E0	-6.933687E0	
1.129167E0	3.910000E2	-8.915944E0	-6.933325E0	
1.133333E0	3.920000E2	-8.920413E0	-6.953915E0	
1.137500E0	3.930000E2	-8.915281E0	-6.956141E0	
1.141667E0	3.940000E2	-8.909479E0	-6.965376E0	
1.145833E0	3.950000E2	-8.921569E0	-6.981365E0	
1.150000E0	3.960000E2	-8.920352E0	-6.991404E0	
1.154167E0	3.970000E2	-8.925800E0	-7.002174E0	
1.158333E0	3.980000E2	-8.930424E0	-7.003055E0	
1.162500E0	3.990000E2	-8.925425E0	-7.031417E0	
1.166667E0	4.000000E2	-8.927408E0	-7.031492E0	
1.170833E0	4.010000E2	-8.935719E0	-7.053232E0	
1.175000E0	4.020000E2	-8.938308E0	-7.068484E0	
1.179167E0	4.030000E2	-8.931169E0	-7.094464E0	
1.183333E0	4.040000E2	-8.944228E0	-7.126129E0	
1.187500E0	4.050000E2	-8.947657E0	-7.156416E0	
1.191667E0	4.060000E2	-8.948616E0	-7.177469E0	
1.195833E0	4.070000E2	-8.957927E0	-7.211634E0	
1.200000E0	4.080000E2	-8.970453E0	-7.244823E0	
1.204167E0	4.090000E2	-8.979045E0	-7.260286E0	
1.208333E0	4.100000E2	-8.974799E0	-7.295621E0	
1.212500E0	4.110000E2	-8.984195E0	-7.319823E0	
1.216667E0	4.120000E2	-8.990181E0	-7.345253E0	
1.220833E0	4.130000E2	-8.997514E0	-7.373333E0	
1.225000E0	4.140000E2	-8.994797E0	-7.390147E0	
1.229167E0	4.150000E2	-9.004348E0	-7.407584E0	
1.233333E0	4.160000E2	-8.997301E0	-7.416900E0	
1.237500E0	4.170000E2	-9.011990E0	-7.438053E0	
1.241667E0	4.180000E2	-9.005756E0	-7.436264E0	
1.245833E0	4.190000E2	-9.009543E0	-7.451944E0	
1.250000E0	4.200000E2	-9.018097E0	-7.455126E0	
1.254167E0	4.210000E2	-9.012952E0	-7.463022E0	
1.258333E0	4.220000E2	-9.025830E0	-7.461493E0	
1.262500E0	4.230000E2	-9.031677E0	-7.467776E0	
1.266667E0	4.240000E2	-9.017938E0	-7.495517E0	
1.270833E0	4.250000E2	-9.028574E0	-7.491133E0	
1.275000E0	4.260000E2	-9.017691E0	-7.523988E0	
1.279167E0	4.270000E2	-9.037430E0	-7.523646E0	
1.283333E0	4.280000E2	-9.046180E0	-7.562316E0	
1.287500E0	4.290000E2	-9.030151E0	-7.577840E0	
1.291667E0	4.300000E2	-9.046344E0	-7.596322E0	
1.295833E0	4.310000E2	-9.042027E0	-7.632036E0	
1.300000E0	4.320000E2	-9.050167E0	-7.645276E0	
1.304167E0	4.330000E2	-9.041329E0	-7.682901E0	
1.308333E0	4.340000E2	-9.059409E0	-7.712455E0	
1.312500E0	4.350000E2	-9.056311E0	-7.744583E0	
1.316667E0	4.360000E2	-9.065448E0	-7.773926E0	
1.320833E0	4.370000E2	-9.057443E0	-7.809168E0	
1.325000E0	4.380000E2	-9.064015E0	-7.819207E0	
1.329167E0	4.390000E2	-9.072063E0	-7.847615E0	
1.333333E0	4.400000E2	-9.071223E0	-7.855092E0	
1.337500E0	4.410000E2	-9.078490E0	-7.895114E0	
1.341667E0	4.420000E2	-9.083908E0	-7.898763E0	
1.345833E0	4.430000E2	-9.073151E0	-7.929503E0	
1.350000E0	4.440000E2	-9.079759E0	-7.932631E0	
1.354167E0	4.450000E2	-9.072378E0	-7.931086E0	
1.358333E0	4.460000E2	-9.083898E0	-7.936200E0	
1.362500E0	4.470000E2	-9.088603E0	-7.943226E0	
1.366667E0	4.480000E2	-9.082195E0	-7.963566E0	
1.370833E0	4.490000E2	-9.085884E0	-7.977620E0	
1.375000E0	4.500000E2	-9.081875E0	-7.970860E0	
1.379167E0	4.510000E2	-9.089817E0	-8.003252E0	
1.383333E0	4.520000E2	-9.095754E0	-7.991700E0	
1.387500E0	4.530000E2	-9.091595E0	-8.013122E0	
1.391667E0	4.540000E2	-9.097701E0	-8.031284E0	
1.395833E0	4.550000E2	-9.099829E0	-8.059413E0	
1.400000E0	4.560000E2	-9.109511E0	-8.073422E0	
1.404167E0	4.570000E2	-9.111127E0	-8.108986E0	
1.408333E0	4.580000E2	-9.115200E0	-8.137108E0	
1.412500E0	4.590000E2	-9.118755E0	-8.169221E0	
1.416667E0	4.600000E2	-9.119703E0	-8.196143E0	
1.420833E0	4.610000E2	-9.131533E0	-8.219011E0	
1.425000E0	4.620000E2	-9.131387E0	-8.236772E0	
1.429167E0	4.630000E2	-9.143032E0	-8.283844E0	
1.433333E0	4.640000E2	-9.145262E0	-8.296039E0	
1.437500E0	4.650000E2	-9.145170E0	-8.317279E0	
1.441667E0	4.660000E2	-9.147672E0	-8.344951E0	
1.445833E0	4.670000E2	-9.151421E0	-8.373557E0	
1.450000E0	4.680000E2	-9.155390E0	-8.381612E0	
1.454167E0	4.690000E2	-9.158231E0	-8.401689E0	
1.458333E0	4.700000E2	-9.166145E0	-8.407175E0	
1.462500E0	4.710000E2	-9.167895E0	-8.420799E0	
1.466667E0	4.720000E2	-9.159374E0	-8.435489E0	
1.470833E0	4.730000E2	-9.164615E0	-8.436326E0	
1.475000E0	4.740000E2	-9.156163E0	-8.443588E0	
1.479167E0	4.750000E2	-9.159457E0	-8.444774E0	
1.483333E0	4.760000E2	-9.174316E0	-8.464350E0	
1.487500E0	4.770000E2	-9.166457E0	-8.476974E0	
1.491667E0	4.780000E2	-9.169536E0	-8.489160E0	
1.495833E0	4.790000E2	-9.170489E0	-8.492591E0	
1.500000E0	4.800000E2	-9.174414E0	-8.517275E0	
1.504167E0	4.810000E2	-9.185899E0	-8.533111E0	
1.508333E0	4.820000E2	-9.167562E0	-8.551718E0	
1.512500E0	4.830000E2	-9.183465E0	-8.589541E0	
1.516667E0	4.840000E2	-9.181808E0	-8.604871E0	
1.520833E0	4.850000E2	-9.197662E0	-8.622529E0	
1.525000E0	4.860000E2	-9.199342E0	-8.653788E0	
1.529167E0	4.870000E2	-9.197165E0	-8.687878E0	
1.533333E0	4.880000E2	-9.201078E0	-8.717905E0	
1.537500E0	4.890000E2	-9.207773E0	-8.749965E0	
1.541667E0	4.900000E2	-9.217193E0	-8.777802E0	
1.545833E0	4.910000E2	-9.215998E0	-8.802569E0	
1.550000E0	4.920000E2	-9.229430E0	-8.820859E0	
1.554167E0	4.930000E2	-9.236642E0	-8.845933E0	
1.558333E0	4.940000E2	-9.232694E0	-8.863556E0	
1.562500E0	4.950000E2	-9.245858E0	-8.886717E0	
1.566667E0	4.960000E2	-9.245134E0	-8.894403E0	
1.570833E0	4.970000E2	-9.247979E0	-8.909616E0	
1.575000E0	4.980000E2	-9.250531E0	-8.911323E0	
1.579167E0	4.990000E2	-9.251657E0	-8.930127E0	
1.583333E0	5.000000E2	-9.251845E0	-8.938965E0	
1.587500E0	5.010000E2	-9.257659E0	-8.944579E0	
1.591667E0	5.020000E2	-9.247469E0	-8.948181E0	
1.595833E0	5.030000E2	-9.254512E0	-8.963382E0	
1.600000E0	5.040000E2	-9.256239E0	-8.963969E0	
1.604167E0	5.050000E2	-9.251104E0	-8.975808E0	
1.608333E0	5.060000E2	-9.263606E0	-8.993358E0	
1.612500E0	5.070000E2	-9.267699E0	-9.012825E0	
1.616667E0	5.080000E2	-9.265214E0	-9.035893E0	
1.620833E0	5.090000E2	-9.262928E0	-9.049686E0	
1.625000E0	5.100000E2	-9.274072E0	-9.071415E0	
1.629167E0	5.110000E2	-9.276233E0	-9.106441E0	
1.633333E0	5.120000E2	-9.269620E0	-9.141177E0	
1.637500E0	5.130000E2	-9.285400E0	-9.171186E0	
1.641667E0	5.140000E2	-9.270356E0	-9.193524E0	
1.645833E0	5.150000E2	-9.285369E0	-9.220306E0	
1.650000E0	5.160000E2	-9.290434E0	-9.247433E0	
1.654167E0	5.170000E2	-9.287308E0	-9.279706E0	
1.658333E0	5.180000E2	-9.289527E0	-9.307715E0	
1.662500E0	5.190000E2	-9.293976E0	-9.328466E0	
1.666667E0	5.200000E2	-9.288210E0	-9.355114E0	
1.670833E0	5.210000E2	-9.304340E0	-9.372599E0	
1.675000E0	5.220000E2	-9.294776E0	-9.374960E0	
1.679167E0	5.230000E2	-9.296068E0	-9.406734E0	
1.683333E0	5.240000E2	-9.304233E0	-9.412988E0	
1.687500E0	5.250000E2	-9.298234E0	-9.424762E0	
1.691667E0	5.260000E2	-9.286886E0	-9.437126E0	
1.695833E0	5.270000E2	-9.296874E0	-9.439543E0	
1.700000E0	5.280000E2	-9.295246E0	-9.438867E0	
1.704167E0	5.290000E2	-9.298560E0	-9.459396E0	
1.708333E0	5.300000E2	-9.296942E0	-9.462180E0	
1.712500E0	5.310000E2	-9.306027E0	-9.483461E0	
1.716667E0	5.320000E2	-9.290224E0	-9.483953E0	
1.720833E0	5.330000E2	-9.304988E0	-9.495653E0	
1.725000E0	5.340000E2	-9.301791E0	-9.514497E0	
1.729167E0	5.350000E2	-9.288473E0	-9.537362E0	
1.733333E0	5.360000E2	-9.295312E0	-9.562311E0	
1.737500E0	5.370000E2	-9.283587E0	-9.585034E0	
1.741667E0	5.380000E2	-9.289207E0	-9.615268E0	
1.745833E0	5.390000E2	-9.295815E0	-9.649683E0	
1.750000E0	5.400000E2	-9.296497E0	-9.678345E0	
1.754167E0	5.410000E2	-9.290702E0	-9.703181E0	
1.758333E0	5.420000E2	-9.289855E0	-9.728015E0	
1.762500E0	5.430000E2	-9.286230E0	-9.767711E0	
1.766667E0	5.440000E2	-9.280444E0	-9.797386E0	
1.770833E0	5.450000E2	-9.281337E0	-9.813227E0	
1.775000E0	5.460000E2	-9.289078E0	-9.830431E0	
1.779167E0	5.470000E2	-9.275298E0	-9.855155E0	
1.783333E0	5.480000E2	-9.278091E0	-9.873892E0	
1.787500E0	5.490000E2	-9.281115E0	-9.886569E0	
1.791667E0	5.500000E2	-9.275665E0	-9.893195E0	
1.795833E0	5.510000E2	-9.276336E0	-9.901567E0	
1.800000E0	5.520000E2	-9.274641E0	-9.919161E0	
1.804167E0	5.530000E2	-9.284118E0	-9.936653E0	
1.808333E0	5.540000E2	-9.278872E0	-9.942542E0	
1.812500E0	5.550000E2	-9.267208E0	-9.951316E0	
1.816667E0	5.560000E2	-9.285121E0	-9.957309E0	
1.820833E0	5.570000E2	-9.282513E0	-9.978937E0	
1.825000E0	5.580000E2	-9.265676E0	-9.978109E0	
1.829167E0	5.590000E2	-9.276799E0	-9.988262E0	
1.833333E0	5.600000E2	-9.268263E0	-1.001411E1	
1.837500E0	5.610000E2	-9.277578E0	-1.002540E1	
1.841667E0	5.620000E2	-9.273492E0	-1.004505E1	
1.845833E0	5.630000E2	-9.261377E0	-1.008081E1	
1.850000E0	5.640000E2	-9.258628E0	-1.009829E1	
1.854167E0	5.650000E2	-9.265547E0	-1.010764E1	
1.858333E0	5.660000E2	-9.263787E0	-1.015126E1	
1.862500E0	5.670000E2	-9.255073E0	-1.017928E1	
1.866667E0	5.680000E2	-9.256859E0	-1.020824E1	
1.870833E0	5.690000E2	-9.255931E0	-1.024397E1	
1.875000E0	5.700000E2	-9.264727E0	-1.027295E1	
1.879167E0	5.710000E2	-9.258659E0	-1.029775E1	
1.883333E0	5.720000E2	-9.258542E0	-1.032168E1	
1.887500E0	5.730000E2	-9.245054E0	-1.034552E1	
1.891667E0	5.740000E2	-9.251441E0	-1.035973E1	
1.895833E0	5.750000E2	-9.248995E0	-1.038543E1	
1.900000E0	5.760000E2	-9.246317E0	-1.039493E1	
1.904167E0	5.770000E2	-9.248583E0	-1.040900E1	
1.908333E0	5.780000E2	-9.247755E0	-1.041187E1	
1.912500E0	5.790000E2	-9.250078E0	-1.042902E1	
1.916667E0	5.800000E2	-9.245142E0	-1.043175E1	
1.920833E0	5.810000E2	-9.246052E0	-1.044202E1	
1.925000E0	5.820000E2	-9.245186E0	-1.045187E1	
1.929167E0	5.830000E2	-9.225373E0	-1.045530E1	
1.933333E0	5.840000E2	-9.236876E0	-1.046478E1	
1.937500E0	5.850000E2	-9.249165E0	-1.047609E1	
1.941667E0	5.860000E2	-9.241346E0	-1.050678E1	
1.945833E0	5.870000E2	-9.230862E0	-1.051751E1	
1.950000E0	5.880000E2	-9.235421E0	-1.053328E1	
1.954167E0	5.890000E2	-9.227935E0	-1.054579E1	
1.958333E0	5.900000E2	-9.219627E0	-1.057631E1	
1.962500E0	5.910000E2	-9.222401E0	-1.059629E1	
1.966667E0	5.920000E2	-9.218205E0	-1.062738E1	
1.970833E0	5.930000E2	-9.210793E0	-1.066417E1	
1.975000E0	5.940000E2	-9.202364E0	-1.069766E1	
1.979167E0	5.950000E2	-9.209183E0	-1.070927E1	
1.983333E0	5.960000E2	-9.203426E0	-1.074672E1	
1.987500E0	5.970000E2	-9.188193E0	-1.077359E1	
1.991667E0	5.980000E2	-9.177450E0	-1.080161E1	
1.995833E0	5.990000E2	-9.184591E0	-1.081887E1	
2.000000E0	6.000000E2	-9.195722E0	-1.084488E1	
2.004167E0	6.010000E2	-9.189978E0	-1.086890E1	
2.008333E0	6.020000E2	-9.198148E0	-1.088308E1	
2.012500E0	6.030000E2	-9.174857E0	-1.090355E1	
2.016667E0	6.040000E2	-9.179365E0	-1.089255E1	
2.020833E0	6.050000E2	-9.182605E0	-1.090320E1	
2.025000E0	6.060000E2	-9.184821E0	-1.092673E1	
2.029167E0	6.070000E2	-9.180318E0	-1.092121E1	
2.033333E0	6.080000E2	-9.188578E0	-1.093837E1	
2.037500E0	6.090000E2	-9.179910E0	-1.095128E1	
2.041667E0	6.100000E2	-9.186793E0	-1.095461E1	
2.045833E0	6.110000E2	-9.188884E0	-1.096111E1	
2.050000E0	6.120000E2	-9.159089E0	-1.097781E1	
2.054167E0	6.130000E2	-9.167995E0	-1.099911E1	
2.058333E0	6.140000E2	-9.160303E0	-1.102499E1	
2.062500E0	6.150000E2	-9.157770E0	-1.103725E1	
2.066667E0	6.160000E2	-9.157510E0	-1.104210E1	
2.070833E0	6.170000E2	-9.146357E0	-1.108131E1	
2.075000E0	6.180000E2	-9.153392E0	-1.109725E1	
2.079167E0	6.190000E2	-9.145112E0	-1.113134E1	
2.083333E0	6.200000E2	-9.143680E0	-1.116070E1	
2.087500E0	6.210000E2	-9.138978E0	-1.117802E1	
2.091667E0	6.220000E2	-9.137287E0	-1.121701E1	
2.095833E0	6.230000E2	-9.118156E0	-1.125732E1	
2.100000E0	6.240000E2	-9.124508E0	-1.127094E1	
2.104167E0	6.250000E2	-9.111091E0	-1.130108E1	
2.108333E0	6.260000E2	-9.120800E0	-1.132384E1	
2.112500E0	6.270000E2	-9.112403E0	-1.134154E1	
2.116667E0	6.280000E2	-9.101467E0	-1.135643E1	
2.120833E0	6.290000E2	-9.108002E0	-1.139383E1	
2.125000E0	6.300000E2	-9.090858E0	-1.138052E1	
2.129167E0	6.310000E2	-9.107058E0	-1.138627E1	
2.133333E0	6.320000E2	-9.093712E0	-1.140930E1	
2.137500E0	6.330000E2	-9.096326E0	-1.140686E1	
2.141667E0	6.340000E2	-9.100810E0	-1.142914E1	
2.145833E0	6.350000E2	-9.090371E0	-1.143762E1	
2.150000E0	6.360000E2	-9.092189E0	-1.144001E1	
2.154167E0	6.370000E2	-9.081011E0	-1.146487E1	
2.158333E0	6.380000E2	-9.080613E0	-1.146299E1	
2.162500E0	6.390000E2	-9.081829E0	-1.146852E1	
2.166667E0	6.400000E2	-9.074988E0	-1.149522E1	
2.170833E0	6.410000E2	-9.072408E0	-1.150873E1	
2.175000E0	6.420000E2	-9.087036E0	-1.152921E1	
2.179167E0	6.430000E2	-9.078380E0	-1.154517E1	
2.183333E0	6.440000E2	-9.068950E0	-1.157355E1	
2.187500E0	6.450000E2	-9.074561E0	-1.160441E1	
2.191667E0	6.460000E2	-9.070346E0	-1.163303E1	
2.195833E0	6.470000E2	-9.072611E0	-1.166141E1	
2.200000E0	6.480000E2	-9.055605E0	-1.170115E1	
2.204167E0	6.490000E2	-9.053632E0	-1.172457E1	
2.208333E0	6.500000E2	-9.056199E0	-1.175037E1	
2.212500E0	6.510000E2	-9.049956E0	-1.177657E1	
2.216667E0	6.520000E2	-9.055898E0	-1.180865E1	
2.220833E0	6.530000E2	-9.056494E0	-1.183941E1	
2.225000E0	6.540000E2	-9.051605E0	-1.184642E1	
2.229167E0	6.550000E2	-9.048114E0	-1.186732E1	
2.233333E0	6.560000E2	-9.048904E0	-1.187720E1	
2.237500E0	6.570000E2	-9.048845E0	-1.188786E1	
2.241667E0	6.580000E2	-9.049666E0	-1.190989E1	
2.245833E0	6.590000E2	-9.059215E0	-1.190932E1	
2.250000E0	6.600000E2	-9.055001E0	-1.191777E1	
2.254167E0	6.610000E2	-9.056447E0	-1.192528E1	
2.258333E0	6.620000E2	-9.054223E0	-1.193531E1	
2.262500E0	6.630000E2	-9.045214E0	-1.194455E1	
2.266667E0	6.640000E2	-9.061037E0	-1.194714E1	
2.270833E0	6.650000E2	-9.058400E0	-1.194405E1	
2.275000E0	6.660000E2	-9.046559E0	-1.193070E1	
2.279167E0	6.670000E2	-9.052321E0	-1.190282E1	
2.283333E0	6.680000E2	-9.053159E0	-1.189864E1	
2.287500E0	6.690000E2	-9.055601E0	-1.186804E1	
2.291667E0	6.700000E2	-9.066686E0	-1.184461E1	
2.295833E0	6.710000E2	-9.052212E0	-1.180938E1	
2.300000E0	6.720000E2	-9.051071E0	-1.178280E1	
2.304167E0	6.730000E2	-9.044392E0	-1.175264E1	
2.308333E0	6.740000E2	-9.057640E0	-1.173704E1	
2.312500E0	6.750000E2	-9.035277E0	-1.169920E1	
2.316667E0	6.760000E2	-9.050305E0	-1.166275E1	
2.320833E0	6.770000E2	-9.042634E0	-1.164356E1	
2.325000E0	6.780000E2	-9.042741E0	-1.161210E1	
2.329167E0	6.790000E2	-9.041649E0	-1.158446E1	
2.333333E0	6.800000E2	-9.042698E0	-1.156386E1	
2.337500E0	6.810000E2	-9.042117E0	-1.155153E1	
2.341667E0	6.820000E2	-9.030481E0	-1.152379E1	
2.345833E0	6.830000E2	-9.043563E0	-1.151891E1	
2.350000E0	6.840000E2	-9.029897E0	-1.151553E1	
2.354167E0	6.850000E2	-9.038206E0	-1.149559E1	
2.358333E0	6.860000E2	-9.042942E0	-1.148698E1	
2.362500E0	6.870000E2	-9.047757E0	-1.147358E1	
2.366667E0	6.880000E2	-9.040380E0	-1.147575E1	
2.370833E0	6.890000E2	-9.036946E0	-1.146723E1	
2.375000E0	6.900000E2	-9.035826E0	-1.145117E1	
2.379167E0	6.910000E2	-9.027232E0	-1.145068E1	
2.383333E0	6.920000E2	-9.033928E0	-1.143290E1	
2.387500E0	6.930000E2	-9.040408E0	-1.141947E1	
2.391667E0	6.940000E2	-9.030592E0	-1.139945E1	
2.395833E0	6.950000E2	-9.029524E0	-1.138944E1	
2.400000E0	6.960000E2	-9.035965E0	-1.135541E1	
2.404167E0	6.970000E2	-9.039103E0	-1.133405E1	
2.408333E0	6.980000E2	-9.021173E0	-1.130698E1	
2.412500E0	6.990000E2	-9.020148E0	-1.128526E1	
2.416667E0	7.000000E2	-9.028100E0	-1.125176E1	
2.420833E0	7.010000E2	-9.031183E0	-1.121918E1	
2.425000E0	7.020000E2	-9.034371E0	-1.118455E1	
2.429167E0	7.030000E2	-9.014231E0	-1.116148E1	
2.433333E0	7.040000E2	-9.025188E0	-1.113749E1	
2.437500E0	7.050000E2	-9.018217E0	-1.110548E1	
2.441667E0	7.060000E2	-9.026007E0	-1.107291E1	
2.445833E0	7.070000E2	-9.010418E0	-1.107033E1	
2.450000E0	7.080000E2	-9.026729E0	-1.104219E1	
2.454167E0	7.090000E2	-9.020522E0	-1.103635E1	
2.458333E0	7.100000E2	-9.011790E0	-1.101798E1	
2.462500E0	7.110000E2	-9.011903E0	-1.099722E1	
2.466667E0	7.120000E2	-9.001614E0	-1.099522E1	
2.470833E0	7.130000E2	-9.002238E0	-1.099064E1	
2.475000E0	7.140000E2	-9.004120E0	-1.098748E1	
2.479167E0	7.150000E2	-8.998655E0	-1.097223E1	
2.483333E0	7.160000E2	-8.992905E0	-1.096577E1	
2.487500E0	7.170000E2	-9.013165E0	-1.094959E1	
2.491667E0	7.180000E2	-8.992760E0	-1.095144E1	
2.495833E0	7.190000E2	-9.002206E0	-1.092626E1	
2.500000E0	7.200000E2	-9.000740E0	-1.091384E1	
2.504167E0	7.210000E2	-9.001889E0	-1.088559E1	
2.508333E0	7.220000E2	-9.009040E0	-1.088079E1	
2.512500E0	7.230000E2	-9.003962E0	-1.084629E1	
2.516667E0	7.240000E2	-8.999605E0	-1.081673E1	
2.520833E0	7.250000E2	-9.013260E0	-1.080087E1	
2.525000E0	7.260000E2	-9.012291E0	-1.076465E1	
2.529167E0	7.270000E2	-9.007107E0	-1.074724E1	
2.533333E0	7.280000E2	-9.014501E0	-1.070613E1	
2.537500E0	7.290000E2	-8.998982E0	-1.066678E1	
2.541667E0	7.300000E2	-9.007419E0	-1.064153E1	
2.545833E0	7.310000E2	-9.009224E0	-1.062180E1	
2.550000E0	7.320000E2	-9.013011E0	-1.060990E1	
2.554167E0	7.330000E2	-9.002319E0	-1.058086E1	
2.558333E0	7.340000E2	-9.003510E0	-1.056823E1	
2.562500E0	7.350000E2	-9.002513E0	-1.054719E1	
2.566667E0	7.360000E2	-9.001728E0	-1.052778E1	
2.570833E0	7.370000E2	-9.008562E0	-1.051052E1	
2.575000E0	7.380000E2	-9.011038E0	-1.050782E1	
2.579167E0	7.390000E2	-9.003127E0	-1.050206E1	
2.583333E0	7.400000E2	-8.999091E0	-1.049338E1	
2.587500E0	7.410000E2	-8.999626E0	-1.047920E1	
2.591667E0	7.420000E2	-8.998964E0	-1.046166E1	
2.595833E0	7.430000E2	-9.002934E0	-1.045880E1	
2.600000E0	7.440000E2	-9.004172E0	-1.044755E1	
2.604167E0	7.450000E2	-8.998936E0	-1.044276E1	
2.608333E0	7.460000E2	-9.008341E0	-1.043922E1	
2.612500E0	7.470000E2	-9.011702E0	-1.041394E1	
2.616667E0	7.480000E2	-9.014515E0	-1.039007E1	
2.620833E0	7.490000E2	-9.021523E0	-1.036845E1	
2.625000E0	7.500000E2	-9.022618E0	-1.033915E1	
2.629167E0	7.510000E2	-9.008218E0	-1.032301E1	
2.633333E0	7.520000E2	-9.021360E0	-1.029290E1	
2.637500E0	7.530000E2	-9.024836E0	-1.026824E1	
2.641667E0	7.540000E2	-9.013294E0	-1.023022E1	
2.645833E0	7.550000E2	-9.033180E0	-1.020022E1	
2.650000E0	7.560000E2	-9.033631E0	-1.017249E1	
2.654167E0	7.570000E2	-9.036265E0	-1.013850E1	
2.658333E0	7.580000E2	-9.044653E0	-1.011736E1	
2.662500E0	7.590000E2	-9.039774E0	-1.009636E1	
2.666667E0	7.600000E2	-9.043797E0	-1.006989E1	
2.670833E0	7.610000E2	-9.050014E0	-1.007063E1	
2.675000E0	7.620000E2	-9.057143E0	-1.004568E1	
2.679167E0	7.630000E2	-9.052344E0	-1.002870E1	
2.683333E0	7.640000E2	-9.055210E0	-1.001516E1	
2.687500E0	7.650000E2	-9.054100E0	-9.999166E0	
2.691667E0	7.660000E2	-9.060959E0	-9.988259E0	
2.695833E0	7.670000E2	-9.067600E0	-9.981917E0	
2.700000E0	7.680000E2	-9.071913E0	-9.986190E0	
2.704167E0	7.690000E2	-9.066901E0	-9.965857E0	
2.708333E0	7.700000E2	-9.077224E0	-9.959637E0	
2.712500E0	7.710000E2	-9.057892E0	-9.950787E0	
2.716667E0	7.720000E2	-9.072713E0	-9.939208E0	
2.720833E0	7.730000E2	-9.074340E0	-9.934133E0	
2.725000E0	7.740000E2	-9.073403E0	-9.906746E0	
2.729167E0	7.750000E2	-9.080246E0	-9.886550E0	
2.733333E0	7.760000E2	-9.083512E0	-9.869518E0	
2.737500E0	7.770000E2	-9.100901E0	-9.837323E0	
2.741667E0	7.780000E2	-9.083999E0	-9.817247E0	
2.745833E0	7.790000E2	-9.095579E0	-9.785488E0	
2.750000E0	7.800000E2	-9.095638E0	-9.746529E0	
2.754167E0	7.810000E2	-9.105274E0	-9.731163E0	
2.758333E0	7.820000E2	-9.108047E0	-9.692225E0	
2.762500E0	7.830000E2	-9.126092E0	-9.672733E0	
2.766667E0	7.840000E2	-9.128977E0	-9.644778E0	
2.770833E0	7.850000E2	-9.135197E0	-9.627266E0	
2.775000E0	7.860000E2	-9.141635E0	-9.601331E0	
2.779167E0	7.870000E2	-9.146841E0	-9.571716E0	
2.783333E0	7.880000E2	-9.147100E0	-9.564286E0	
2.787500E0	7.890000E2	-9.157938E0	-9.546748E0	
2.791667E0	7.900000E2	-9.152535E0	-9.531643E0	
2.795833E0	7.910000E2	-9.157564E0	-9.532288E0	
2.800000E0	7.920000E2	-9.171576E0	-9.514506E0	
2.804167E0	7.930000E2	-9.165713E0	-9.501373E0	
2.808333E0	7.940000E2	-9.158733E0	-9.508764E0	
2.812500E0	7.950000E2	-9.167665E0	-9.489066E0	
2.816667E0	7.960000E2	-9.171007E0	-9.474045E0	
2.820833E0	7.970000E2	-9.172267E0	-9.467735E0	
2.825000E0	7.980000E2	-9.167721E0	-9.462199E0	
2.829167E0	7.990000E2	-9.179909E0	-9.443549E0	
2.833333E0	8.000000E2	-9.172653E0	-9.429974E0	
2.837500E0	8.010000E2	-9.192365E0	-9.417581E0	
2.841667E0	8.020000E2	-9.192856E0	-9.381463E0	
2.845833E0	8.030000E2	-9.200766E0	-9.375995E0	
2.850000E0	8.040000E2	-9.196695E0	-9.341266E0	
2.854167E0	8.050000E2	-9.204780E0	-9.317943E0	
2.858333E0	8.060000E2	-9.215629E0	-9.282956E0	
2.862500E0	8.070000E2	-9.224129E0	-9.259414E0	
2.866667E0	8.080000E2	-9.243394E0	-9.224879E0	
2.870833E0	8.090000E2	-9.248236E0	-9.189171E0	
2.875000E0	8.100000E2	-9.248080E0	-9.172191E0	
2.879167E0	8.110000E2	-9.258722E0	-9.151099E0	
2.883333E0	8.120000E2	-9.259334E0	-9.130543E0	
2.887500E0	8.130000E2	-9.276489E0	-9.119224E0	
2.891667E0	8.140000E2	-9.276637E0	-9.089527E0	
2.895833E0	8.150000E2	-9.280831E0	-9.070558E0	
2.900000E0	8.160000E2	-9.279349E0	-9.060133E0	
2.904167E0	8.170000E2	-9.280709E0	-9.042644E0	
2.908333E0	8.180000E2	-9.297576E0	-9.026796E0	
2.912500E0	8.190000E2	-9.304508E0	-9.033759E0	
2.916667E0	8.200000E2	-9.296403E0	-9.021587E0	
2.920833E0	8.210000E2	-9.308720E0	-9.026900E0	
2.925000E0	8.220000E2	-9.303215E0	-9.005469E0	
2.929167E0	8.230000E2	-9.309043E0	-9.000646E0	
2.933333E0	8.240000E2	-9.301853E0	-8.990636E0	
2.937500E0	8.250000E2	-9.328532E0	-8.975388E0	
2.941667E0	8.260000E2	-9.322669E0	-8.966202E0	
2.945833E0	8.270000E2	-9.323076E0	-8.935205E0	
2.950000E0	8.280000E2	-9.327296E0	-8.941323E0	
2.954167E0	8.290000E2	-9.332794E0	-8.903583E0	
2.958333E0	8.300000E2	-9.349398E0	-8.880097E0	
2.962500E0	8.310000E2	-9.354457E0	-8.864359E0	
2.966667E0	8.320000E2	-9.357649E0	-8.819100E0	
2.970833E0	8.330000E2	-9.372171E0	-8.803428E0	
2.975000E0	8.340000E2	-9.388951E0	-8.772814E0	
2.979167E0	8.350000E2	-9.377615E0	-8.753437E0	
2.983333E0	8.360000E2	-9.393148E0	-8.708426E0	
2.987500E0	8.370000E2	-9.395961E0	-8.694670E0	
2.991667E0	8.380000E2	-9.408181E0	-8.670793E0	
2.995833E0	8.390000E2	-9.412438E0	-8.660143E0	
3.000000E0	8.400000E2	-9.429403E0	-8.620303E0	
3.004167E0	8.410000E2	-9.428445E0	-8.608005E0	
3.008333E0	8.420000E2	-9.441792E0	-8.589649E0	
3.012500E0	8.430000E2	-9.434467E0	-8.581461E0	
3.016667E0	8.440000E2	-9.428912E0	-8.551966E0	
3.020833E0	8.450000E2	-9.441891E0	-8.563401E0	
3.025000E0	8.460000E2	-9.444605E0	-8.558097E0	
3.029167E0	8.470000E2	-9.426978E0	-8.539928E0	
3.033333E0	8.480000E2	-9.447258E0	-8.532089E0	
3.037500E0	8.490000E2	-9.440375E0	-8.519722E0	
3.041667E0	8.500000E2	-9.438660E0	-8.514958E0	
3.045833E0	8.510000E2	-9.443467E0	-8.499089E0	
3.050000E0	8.520000E2	-9.439304E0	-8.483555E0	
3.054167E0	8.530000E2	-9.446423E0	-8.468527E0	
3.058333E0	8.540000E2	-9.460573E0	-8.453825E0	
3.062500E0	8.550000E2	-9.451843E0	-8.435345E0	
3.066667E0	8.560000E2	-9.464935E0	-8.409456E0	
3.070833E0	8.570000E2	-9.458119E0	-8.373237E0	
3.075000E0	8.580000E2	-9.462222E0	-8.374693E0	
3.079167E0	8.590000E2	-9.462043E0	-8.339572E0	
3.083333E0	8.600000E2	-9.476466E0	-8.300640E0	
3.087500E0	8.610000E2	-9.471866E0	-8.287204E0	
3.091667E0	8.620000E2	-9.473724E0	-8.241576E0	
3.095833E0	8.630000E2	-9.476763E0	-8.219411E0	
3.100000E0	8.640000E2	-9.504103E0	-8.190553E0	
3.104167E0	8.650000E2	-9.494851E0	-8.174240E0	
3.108333E0	8.660000E2	-9.493607E0	-8.145825E0	
3.112500E0	8.670000E2	-9.495170E0	-8.118167E0	
3.116667E0	8.680000E2	-9.500697E0	-8.096361E0	
3.120833E0	8.690000E2	-9.511455E0	-8.094764E0	
3.125000E0	8.700000E2	-9.525383E0	-8.077939E0	
3.129167E0	8.710000E2	-9.517235E0	-8.067482E0	
3.133333E0	8.720000E2	-9.508252E0	-8.058477E0	
3.137500E0	8.730000E2	-9.529053E0	-8.051183E0	
3.141667E0	8.740000E2	-9.520524E0	-8.040407E0	
3.145833E0	8.750000E2	-9.529003E0	-8.043361E0	
3.150000E0	8.760000E2	-9.525866E0	-8.036427E0	
3.154167E0	8.770000E2	-9.531445E0	-8.015582E0	
3.158333E0	8.780000E2	-9.524608E0	-8.000858E0	
3.162500E0	8.790000E2	-9.527337E0	-7.986762E0	
3.166667E0	8.800000E2	-9.534446E0	-7.969786E0	
3.170833E0	8.810000E2	-9.531423E0	-7.950618E0	
3.175000E0	8.820000E2	-9.537891E0	-7.947235E0	
3.179167E0	8.830000E2	-9.546016E0	-7.919661E0	
3.183333E0	8.840000E2	-9.548679E0	-7.893836E0	
3.187500E0	8.850000E2	-9.557059E0	-7.865887E0	
3.191667E0	8.860000E2	-9.548221E0	-7.827664E0	
3.195833E0	8.870000E2	-9.561810E0	-7.800335E0	
3.200000E0	8.880000E2	-9.571927E0	-7.773567E0	
3.204167E0	8.890000E2	-9.582716E0	-7.746581E0	
3.208333E0	8.900000E2	-9.586759E0	-7.725298E0	
3.212500E0	8.910000E2	-9.582808E0	-7.686279E0	
3.216667E0	8.920000E2	-9.588399E0	-7.660715E0	
3.220833E0	8.930000E2	-9.593198E0	-7.655178E0	
3.225000E0	8.940000E2	-9.584910E0	-7.628258E0	
3.229167E0	8.950000E2	-9.594647E0	-7.621586E0	
3.233333E0	8.960000E2	-9.585382E0	-7.597319E0	
3.237500E0	8.970000E2	-9.585980E0	-7.574365E0	
3.241667E0	8.980000E2	-9.599369E0	-7.567042E0	
3.245833E0	8.990000E2	-9.604591E0	-7.568920E0	
3.250000E0	9.000000E2	-9.597866E0	-7.543079E0	
3.254167E0	9.010000E2	-9.598252E0	-7.540759E0	
3.258333E0	9.020000E2	-9.601810E0	-7.536544E0	
3.262500E0	9.030000E2	-9.600861E0	-7.537106E0	
3.266667E0	9.040000E2	-9.607942E0	-7.513976E0	
3.270833E0	9.050000E2	-9.597867E0	-7.506121E0	
3.275000E0	9.060000E2	-9.591456E0	-7.500257E0	
3.279167E0	9.070000E2	-9.609082E0	-7.480116E0	
3.283333E0	9.080000E2	-9.607779E0	-7.457564E0	
3.287500E0	9.090000E2	-9.612268E0	-7.440238E0	
3.291667E0	9.100000E2	-9.618492E0	-7.404211E0	
3.295833E0	9.110000E2	-9.605246E0	-7.391451E0	
3.300000E0	9.120000E2	-9.623924E0	-7.355114E0	
3.304167E0	9.130000E2	-9.622847E0	-7.326336E0	
3.308333E0	9.140000E2	-9.611493E0	-7.301689E0	
3.312500E0	9.150000E2	-9.627446E0	-7.266449E0	
3.316667E0	9.160000E2	-9.632119E0	-7.236645E0	
3.320833E0	9.170000E2	-9.627257E0	-7.208042E0	
3.325000E0	9.180000E2	-9.634832E0	-7.187800E0	
3.329167E0	9.190000E2	-9.648930E0	-7.161324E0	
3.333333E0	9.200000E2	-9.648517E0	-7.139135E0	
3.337500E0	9.210000E2	-9.644767E0	-7.126597E0	
3.341667E0	9.220000E2	-9.641294E0	-7.105959E0	
3.345833E0	9.230000E2	-9.647841E0	-7.087570E0	
3.350000E0	9.240000E2	-9.645532E0	-7.068870E0	
3.354167E0	9.250000E2	-9.651413E0	-7.076632E0	
3.358333E0	9.260000E2	-9.649567E0	-7.067069E0	
3.362500E0	9.270000E2	-9.657582E0	-7.065349E0	
3.366667E0	9.280000E2	-9.661492E0	-7.058412E0	
3.370833E0	9.290000E2	-9.655512E0	-7.039117E0	
3.375000E0	9.300000E2	-9.656984E0	-7.024514E0	
3.379167E0	9.310000E2	-9.658883E0	-7.015238E0	
3.383333E0	9.320000E2	-9.655681E0	-7.007669E0	
3.387500E0	9.330000E2	-9.666462E0	-6.999344E0	
3.391667E0	9.340000E2	-9.654353E0	-6.963557E0	
3.395833E0	9.350000E2	-9.662257E0	-6.955441E0	
3.400000E0	9.360000E2	-9.670621E0	-6.933269E0	
3.404167E0	9.370000E2	-9.673070E0	-6.912219E0	
3.408333E0	9.380000E2	-9.680155E0	-6.872958E0	
3.412500E0	9.390000E2	-9.680998E0	-6.843154E0	
3.416667E0	9.400000E2	-9.694442E0	-6.822232E0	
3.420833E0	9.410000E2	-9.691113E0	-6.794281E0	
3.425000E0	9.420000E2	-9.709748E0	-6.760657E0	
3.429167E0	9.430000E2	-9.710664E0	-6.726323E0	
3.433333E0	9.440000E2	-9.702620E0	-6.703885E0	
3.437500E0	9.450000E2	-9.708521E0	-6.685605E0	
3.441667E0	9.460000E2	-9.731510E0	-6.662791E0	
3.445833E0	9.470000E2	-9.725267E0	-6.639777E0	
3.450000E0	9.480000E2	-9.723855E0	-6.617002E0	
3.454167E0	9.490000E2	-9.726802E0	-6.598931E0	
3.458333E0	9.500000E2	-9.732146E0	-6.589344E0	
3.462500E0	9.510000E2	-9.739749E0	-6.586278E0	
3.466667E0	9.520000E2	-9.740109E0	-6.576356E0	
3.470833E0	9.530000E2	-9.739791E0	-6.571426E0	
3.475000E0	9.540000E2	-9.758278E0	-6.564907E0	
3.479167E0	9.550000E2	-9.737457E0	-6.559145E0	
3.483333E0	9.560000E2	-9.743694E0	-6.537557E0	
3.487500E0	9.570000E2	-9.747471E0	-6.542600E0	
3.491667E0	9.580000E2	-9.751552E0	-6.524992E0	
3.495833E0	9.590000E2	-9.759665E0	-6.513997E0	
3.500000E0	9.600000E2	-9.747495E0	-6.483369E0	
3.504167E0	9.610000E2	-9.749063E0	-6.492576E0	
3.508333E0	9.620000E2	-9.770792E0	-6.454062E0	
3.512500E0	9.630000E2	-9.770850E0	-6.434227E0	
3.516667E0	9.640000E2	-9.764621E0	-6.404413E0	
3.520833E0	9.650000E2	-9.767365E0	-6.381470E0	
3.525000E0	9.660000E2	-9.776510E0	-6.333820E0	
3.529167E0	9.670000E2	-9.788265E0	-6.323035E0	
3.533333E0	9.680000E2	-9.787896E0	-6.290290E0	
3.537500E0	9.690000E2	-9.795597E0	-6.254971E0	
3.541667E0	9.700000E2	-9.800264E0	-6.242861E0	
3.545833E0	9.710000E2	-9.813554E0	-6.215054E0	
3.550000E0	9.720000E2	-9.797900E0	-6.171676E0	
3.554167E0	9.730000E2	-9.807814E0	-6.164217E0	
3.558333E0	9.740000E2	-9.810336E0	-6.136858E0	
3.562500E0	9.750000E2	-9.812288E0	-6.124740E0	
3.566667E0	9.760000E2	-9.814020E0	-6.113055E0	
3.570833E0	9.770000E2	-9.807268E0	-6.102848E0	
3.575000E0	9.780000E2	-9.812356E0	-6.078465E0	
3.579167E0	9.790000E2	-9.810935E0	-6.068745E0	
3.583333E0	9.800000E2	-9.802959E0	-6.069439E0	
3.587500E0	9.810000E2	-9.810834E0	-6.061282E0	
3.591667E0	9.820000E2	-9.814392E0	-6.059941E0	
3.595833E0	9.830000E2	-9.813803E0	-6.040380E0	
3.600000E0	9.840000E2	-9.816245E0	-6.034694E0	
3.604167E0	9.850000E2	-9.817142E0	-6.017295E0	
3.608333E0	9.860000E2	-9.825252E0	-6.015000E0	
3.612500E0	9.870000E2	-9.826583E0	-5.981524E0	
3.616667E0	9.880000E2	-9.820473E0	-5.966928E0	
3.620833E0	9.890000E2	-9.826262E0	-5.957537E0	
3.625000E0	9.900000E2	-9.827332E0	-5.915417E0	
3.629167E0	9.910000E2	-9.829108E0	-5.907010E0	
3.633333E0	9.920000E2	-9.828722E0	-5.872626E0	
3.637500E0	9.930000E2	-9.837190E0	-5.847394E0	
3.641667E0	9.940000E2	-9.835205E0	-5.821599E0	
3.645833E0	9.950000E2	-9.838976E0	-5.783245E0	
3.650000E0	9.960000E2	-9.841411E0	-5.757204E0	
3.654167E0	9.970000E2	-9.840826E0	-5.739515E0	
3.658333E0	9.980000E2	-9.845566E0	-5.700029E0	
3.662500E0	9.990000E2	-9.836417E0	-5.674807E0	
3.666667E0	1.000000E3	-9.844960E0	-5.651467E0	
3.670833E0	1.001000E3	-9.838856E0	-5.636729E0	
3.675000E0	1.002000E3	-9.853131E0	-5.614346E0	
3.679167E0	1.003000E3	-9.844611E0	-5.608037E0	
3.683333E0	1.004000E3	-9.851093E0	-5.594637E0	
3.687500E0	1.005000E3	-9.850236E0	-5.589668E0	
3.691667E0	1.006000E3	-9.844510E0	-5.582959E0	
3.695833E0	1.007000E3	-9.839423E0	-5.579815E0	
3.700000E0	1.008000E3	-9.846516E0	-5.561170E0	
3.704167E0	1.009000E3	-9.841456E0	-5.553596E0	
3.708333E0	1.010000E3	-9.848543E0	-5.549413E0	
3.712500E0	1.011000E3	-9.849111E0	-5.541536E0	
3.716667E0	1.012000E3	-9.844127E0	-5.525884E0	
3.720833E0	1.013000E3	-9.850233E0	-5.510364E0	
3.725000E0	1.014000E3	-9.858277E0	-5.484670E0	
3.729167E0	1.015000E3	-9.853460E0	-5.470671E0	
3.733333E0	1.016000E3	-9.839847E0	-5.446306E0	
3.737500E0	1.017000E3	-9.847569E0	-5.410330E0	
3.741667E0	1.018000E3	-9.848975E0	-5.386904E0	
3.745833E0	1.019000E3	-9.845524E0	-5.363051E0	
3.750000E0	1.020000E3	-9.841039E0	-5.326308E0	
3.754167E0	1.021000E3	-9.833730E0	-5.308287E0	
3.758333E0	1.022000E3	-9.841503E0	-5.279261E0	
3.762500E0	1.023000E3	-9.830363E0	-5.251808E0	
3.766667E0	1.024000E3	-9.844508E0	-5.227028E0	
3.770833E0	1.025000E3	-9.835509E0	-5.198121E0	
3.775000E0	1.026000E3	-9.834917E0	-5.170911E0	
3.779167E0	1.027000E3	-9.826060E0	-5.150776E0	
3.783333E0	1.028000E3	-9.827533E0	-5.130241E0	
3.787500E0	1.029000E3	-9.839855E0	-5.116038E0	
3.791667E0	1.030000E3	-9.827508E0	-5.094474E0	
3.795833E0	1.031000E3	-9.841862E0	-5.105927E0	
3.800000E0	1.032000E3	-9.826346E0	-5.085721E0	
3.804167E0	1.033000E3	-9.829355E0	-5.073100E0	
3.808333E0	1.034000E3	-9.827976E0	-5.072987E0	
3.812500E0	1.035000E3	-9.823110E0	-5.061816E0	
3.816667E0	1.036000E3	-9.820350E0	-5.051547E0	
3.820833E0	1.037000E3	-9.834919E0	-5.045699E0	
3.825000E0	1.038000E3	-9.824525E0	-5.024348E0	
3.829167E0	1.039000E3	-9.822471E0	-5.015958E0	
3.833333E0	1.040000E3	-9.828645E0	-5.014161E0	
3.837500E0	1.041000E3	-9.832163E0	-4.981289E0	
3.841667E0	1.042000E3	-9.818543E0	-4.970772E0	
3.845833E0	1.043000E3	-9.830305E0	-4.950872E0	
3.850000E0	1.044000E3	-9.834179E0	-4.910971E0	
3.854167E0	1.045000E3	-9.830618E0	-4.887473E0	
3.858333E0	1.046000E3	-9.822488E0	-4.853480E0	
3.862500E0	1.047000E3	-9.829624E0	-4.825138E0	
3.866667E0	1.048000E3	-9.829334E0	-4.800514E0	
3.870833E0	1.049000E3	-9.831376E0	-4.767646E0	
3.875000E0	1.050000E3	-9.834275E0	-4.745597E0	
3.879167E0	1.051000E3	-9.824396E0	-4.708411E0	
3.883333E0	1.052000E3	-9.833193E0	-4.685022E0	
3.887500E0	1.053000E3	-9.831215E0	-4.655900E0	
3.891667E0	1.054000E3	-9.819824E0	-4.653363E0	
3.895833E0	1.055000E3	-9.840985E0	-4.623821E0	
3.900000E0	1.056000E3	-9.831328E0	-4.610304E0	
3.904167E0	1.057000E3	-9.836626E0	-4.597645E0	
3.908333E0	1.058000E3	-9.835638E0	-4.583228E0	
3.912500E0	1.059000E3	-9.825969E0	-4.587998E0	
3.916667E0	1.060000E3	-9.830303E0	-4.577806E0	
3.920833E0	1.061000E3	-9.843250E0	-4.571720E0	
3.925000E0	1.062000E3	-9.838356E0	-4.563786E0	
3.929167E0	1.063000E3	-9.830314E0	-4.554878E0	
3.933333E0	1.064000E3	-9.826894E0	-4.532699E0	
3.937500E0	1.065000E3	-9.829052E0	-4.529022E0	
3.941667E0	1.066000E3	-9.835242E0	-4.509844E0	
3.945833E0	1.067000E3	-9.830203E0	-4.493345E0	
3.950000E0	1.068000E3	-9.837690E0	-4.478639E0	
3.954167E0	1.069000E3	-9.835622E0	-4.456859E0	
3.958333E0	1.070000E3	-9.839821E0	-4.432642E0	
3.962500E0	1.071000E3	-9.835054E0	-4.400923E0	
3.966667E0	1.072000E3	-9.831079E0	-4.376084E0	
3.970833E0	1.073000E3	-9.825191E0	-4.344845E0	
3.975000E0	1.074000E3	-9.833437E0	-4.320324E0	
3.979167E0	1.075000E3	-9.829494E0	-4.277966E0	
3.983333E0	1.076000E3	-9.836497E0	-4.254399E0	
3.987500E0	1.077000E3	-9.839584E0	-4.228692E0	
3.991667E0	1.078000E3	-9.845879E0	-4.204810E0	
3.995833E0	1.079000E3	-9.833848E0	-4.176118E0	
4.000000E0	1.080000E3	-9.830312E0	-4.158953E0	
4.004167E0	1.081000E3	-9.831753E0	-4.145777E0	
4.008333E0	1.082000E3	-9.850429E0	-4.129270E0	
4.012500E0	1.083000E3	-9.858072E0	-4.102585E0	
4.016667E0	1.084000E3	-9.848389E0	-4.106507E0	
4.020833E0	1.085000E3	-9.839166E0	-4.081556E0	
4.025000E0	1.086000E3	-9.846601E0	-4.081602E0	
4.029167E0	1.087000E3	-9.838729E0	-4.077973E0	
4.033333E0	1.088000E3	-9.849646E0	-4.062500E0	
4.037500E0	1.089000E3	-9.836747E0	-4.056603E0	
4.041667E0	1.090000E3	-9.841241E0	-4.047204E0	
4.045833E0	1.091000E3	-9.851676E0	-4.025368E0	
4.050000E0	1.092000E3	-9.850236E0	-4.027137E0	
4.054167E0	1.093000E3	-9.846882E0	-4.000277E0	
4.058333E0	1.094000E3	-9.849031E0	-3.992744E0	
4.062500E0	1.095000E3	-9.846424E0	-3.968140E0	
4.066667E0	1.096000E3	-9.854130E0	-3.939588E0	
4.070833E0	1.097000E3	-9.853253E0	-3.921325E0	
4.075000E0	1.098000E3	-9.856840E0	-3.889644E0	
4.079167E0	1.099000E3	-9.857223E0	-3.861236E0	
4.083333E0	1.100000E3	-9.846259E0	-3.841873E0	
4.087500E0	1.101000E3	-9.859048E0	-3.814668E0	
4.091667E0	1.102000E3	-9.858621E0	-3.768949E0	
4.095833E0	1.103000E3	-9.845673E0	-3.748149E0	
4.100000E0	1.104000E3	-9.864962E0	-3.725643E0	
4.104167E0	1.105000E3	-9.852140E0	-3.685523E0	
4.108333E0	1.106000E3	-9.851070E0	-3.668110E0	
4.112500E0	1.107000E3	-9.855655E0	-3.651219E0	
4.116667E0	1.108000E3	-9.846351E0	-3.624253E0	
4.120833E0	1.109000E3	-9.860801E0	-3.610940E0	
4.125000E0	1.110000E3	-9.864472E0	-3.604719E0	
4.129167E0	1.111000E3	-9.864338E0	-3.596897E0	
4.133333E0	1.112000E3	-9.859201E0	-3.588511E0	
4.137500E0	1.113000E3	-9.856737E0	-3.578814E0	
4.141667E0	1.114000E3	-9.839627E0	-3.576587E0	
4.145833E0	1.115000E3	-9.851183E0	-3.554185E0	
4.150000E0	1.116000E3	-9.859203E0	-3.554329E0	
4.154167E0	1.117000E3	-9.856080E0	-3.544544E0	
4.158333E0	1.118000E3	-9.842844E0	-3.528284E0	
4.162500E0	1.119000E3	-9.824225E0	-3.520135E0	
4.166667E0	1.120000E3	-9.852980E0	-3.514987E0	
4.170833E0	1.121000E3	-9.845856E0	-3.491649E0	
4.175000E0	1.122000E3	-9.851788E0	-3.456946E0	
4.179167E0	1.123000E3	-9.849360E0	-3.431186E0	
4.183333E0	1.124000E3	-9.854099E0	-3.416231E0	
4.187500E0	1.125000E3	-9.839017E0	-3.387788E0	
4.191667E0	1.126000E3	-9.845126E0	-3.356466E0	
4.195833E0	1.127000E3	-9.847398E0	-3.339619E0	
4.200000E0	1.128000E3	-9.836631E0	-3.291398E0	
4.204167E0	1.129000E3	-9.838647E0	-3.266939E0	
4.208333E0	1.130000E3	-9.846218E0	-3.241297E0	
4.212500E0	1.131000E3	-9.835297E0	-3.211951E0	
4.216667E0	1.132000E3	-9.835283E0	-3.190005E0	
4.220833E0	1.133000E3	-9.833977E0	-3.164306E0	
4.225000E0	1.134000E3	-9.835954E0	-3.142340E0	
4.229167E0	1.135000E3	-9.837436E0	-3.132639E0	
4.233333E0	1.136000E3	-9.833064E0	-3.117843E0	
4.237500E0	1.137000E3	-9.849308E0	-3.101314E0	
4.241667E0	1.138000E3	-9.834008E0	-3.085500E0	
4.245833E0	1.139000E3	-9.826364E0	-3.080590E0	
4.250000E0	1.140000E3	-9.827334E0	-3.080018E0	
4.254167E0	1.141000E3	-9.826673E0	-3.064821E0	
4.258333E0	1.142000E3	-9.831039E0	-3.058795E0	
4.262500E0	1.143000E3	-9.834543E0	-3.048266E0	
4.266667E0	1.144000E3	-9.838036E0	-3.045027E0	
4.270833E0	1.145000E3	-9.835427E0	-3.025138E0	
4.275000E0	1.146000E3	-9.827219E0	-3.012908E0	
4.279167E0	1.147000E3	-9.834056E0	-2.993916E0	
4.283333E0	1.148000E3	-9.830153E0	-2.975887E0	
4.287500E0	1.149000E3	-9.847483E0	-2.944232E0	
4.291667E0	1.150000E3	-9.846299E0	-2.927539E0	
4.295833E0	1.151000E3	-9.842014E0	-2.903194E0	
4.300000E0	1.152000E3	-9.843642E0	-2.879165E0	
4.304167E0	1.153000E3	-9.842073E0	-2.846965E0	
4.308333E0	1.154000E3	-9.840667E0	-2.809202E0	
4.312500E0	1.155000E3	-9.847736E0	-2.781800E0	
4.316667E0	1.156000E3	-9.857109E0	-2.748018E0	
4.320833E0	1.157000E3	-9.848134E0	-2.729151E0	
4.325000E0	1.158000E3	-9.862670E0	-2.696873E0	
4.329167E0	1.159000E3	-9.856242E0	-2.678954E0	
4.333333E0	1.160000E3	-9.856815E0	-2.661823E0	
4.337500E0	1.161000E3	-9.862143E0	-2.638252E0	
4.341667E0	1.162000E3	-9.867147E0	-2.614485E0	
4.345833E0	1.163000E3	-9.859730E0	-2.616661E0	
4.350000E0	1.164000E3	-9.866949E0	-2.599998E0	
4.354167E0	1.165000E3	-9.867271E0	-2.586373E0	
4.358333E0	1.166000E3	-9.880912E0	-2.580919E0	
4.362500E0	1.167000E3	-9.869159E0	-2.570542E0	
4.366667E0	1.168000E3	-9.867274E0	-2.551181E0	
4.370833E0	1.169000E3	-9.867445E0	-2.558092E0	
4.375000E0	1.170000E3	-9.874617E0	-2.548246E0	
4.379167E0	1.171000E3	-9.881216E0	-2.540907E0	
4.383333E0	1.172000E3	-9.871269E0	-2.524948E0	
4.387500E0	1.173000E3	-9.891836E0	-2.512294E0	
4.391667E0	1.174000E3	-9.880553E0	-2.485608E0	
4.395833E0	1.175000E3	-9.892208E0	-2.459640E0	
4.400000E0	1.176000E3	-9.874364E0	-2.452261E0	
4.404167E0	1.177000E3	-9.891177E0	-2.429568E0	
4.408333E0	1.178000E3	-9.888460E0	-2.402845E0	
4.412500E0	1.179000E3	-9.893729E0	-2.371277E0	
4.416667E0	1.180000E3	-9.904280E0	-2.341414E0	
4.420833E0	1.181000E3	-9.898224E0	-2.306889E0	
4.425000E0	1.182000E3	-9.901277E0	-2.282688E0	
4.429167E0	1.183000E3	-9.930372E0	-2.263159E0	
4.433333E0	1.184000E3	-9.926097E0	-2.226692E0	
4.437500E0	1.185000E3	-9.922588E0	-2.201763E0	
4.441667E0	1.186000E3	-9.931457E0	-2.173819E0	
4.445833E0	1.187000E3	-9.921602E0	-2.157701E0	
4.450000E0	1.188000E3	-9.926046E0	-2.148144E0	
4.454167E0	1.189000E3	-9.930958E0	-2.126412E0	
4.458333E0	1.190000E3	-9.936423E0	-2.119549E0	
4.462500E0	1.191000E3	-9.925841E0	-2.103192E0	
4.466667E0	1.192000E3	-9.940640E0	-2.090625E0	
4.470833E0	1.193000E3	-9.939351E0	-2.090085E0	
4.475000E0	1.194000E3	-9.941247E0	-2.083179E0	
4.479167E0	1.195000E3	-9.942995E0	-2.075290E0	
4.483333E0	1.196000E3	-9.948678E0	-2.066484E0	
4.487500E0	1.197000E3	-9.949212E0	-2.044331E0	
4.491667E0	1.198000E3	-9.940411E0	-2.047497E0	
4.495833E0	1.199000E3	-9.956592E0	-2.036372E0	
4.500000E0	1.200000E3	-9.957067E0	-2.016106E0	
4.504167E0	1.201000E3	-9.960602E0	-1.992051E0	
4.508333E0	1.202000E3	-9.981226E0	-1.975964E0	
4.512500E0	1.203000E3	-9.977567E0	-1.958200E0	
4.516667E0	1.204000E3	-9.987464E0	-1.934450E0	
4.520833E0	1.205000E3	-9.995245E0	-1.899818E0	
4.525000E0	1.206000E3	-1.000581E1	-1.873835E0	
4.529167E0	1.207000E3	-1.000905E1	-1.843565E0	
4.533333E0	1.208000E3	-1.001926E1	-1.818095E0	
4.537500E0	1.209000E3	-1.002814E1	-1.780561E0	
4.541667E0	1.210000E3	-1.003682E1	-1.765730E0	
4.545833E0	1.211000E3	-1.004855E1	-1.737591E0	
4.550000E0	1.212000E3	-1.006318E1	-1.713962E0	
4.554167E0	1.213000E3	-1.007460E1	-1.694502E0	
4.558333E0	1.214000E3	-1.007441E1	-1.672941E0	
4.562500E0	1.215000E3	-1.007820E1	-1.653977E0	
4.566667E0	1.216000E3	-1.007760E1	-1.643347E0	
4.570833E0	1.217000E3	-1.008374E1	-1.632013E0	
4.575000E0	1.218000E3	-1.008380E1	-1.621041E0	
4.579167E0	1.219000E3	-1.009596E1	-1.608934E0	
4.583333E0	1.220000E3	-1.009778E1	-1.610768E0	
4.587500E0	1.221000E3	-1.010193E1	-1.601154E0	
4.591667E0	1.222000E3	-1.010042E1	-1.586720E0	
4.595833E0	1.223000E3	-1.011249E1	-1.580680E0	
4.600000E0	1.224000E3	-1.011037E1	-1.563594E0	
4.604167E0	1.225000E3	-1.010754E1	-1.565034E0	
4.608333E0	1.226000E3	-1.010869E1	-1.556152E0	
4.612500E0	1.227000E3	-1.012051E1	-1.525360E0	
4.616667E0	1.228000E3	-1.012078E1	-1.522995E0	
4.620833E0	1.229000E3	-1.014152E1	-1.497868E0	
4.625000E0	1.230000E3	-1.014218E1	-1.466128E0	
4.629167E0	1.231000E3	-1.015877E1	-1.448275E0	
4.633333E0	1.232000E3	-1.016355E1	-1.420368E0	
4.637500E0	1.233000E3	-1.016973E1	-1.392585E0	
4.641667E0	1.234000E3	-1.018826E1	-1.363893E0	
4.645833E0	1.235000E3	-1.020363E1	-1.350051E0	
4.650000E0	1.236000E3	-1.020937E1	-1.317827E0	
4.654167E0	1.237000E3	-1.022307E1	-1.280426E0	
4.658333E0	1.238000E3	-1.023610E1	-1.258051E0	
4.662500E0	1.239000E3	-1.024449E1	-1.242501E0	
4.666667E0	1.240000E3	-1.026473E1	-1.227732E0	
4.670833E0	1.241000E3	-1.026840E1	-1.211103E0	
4.675000E0	1.242000E3	-1.028713E1	-1.191975E0	
4.679167E0	1.243000E3	-1.028864E1	-1.181294E0	
4.683333E0	1.244000E3	-1.027263E1	-1.177019E0	
4.687500E0	1.245000E3	-1.027971E1	-1.161863E0	
4.691667E0	1.246000E3	-1.028214E1	-1.152790E0	
4.695833E0	1.247000E3	-1.029579E1	-1.144406E0	
4.700000E0	1.248000E3	-1.029733E1	-1.141846E0	
4.704167E0	1.249000E3	-1.029379E1	-1.133978E0	
4.708333E0	1.250000E3	-1.029928E1	-1.117834E0	
4.712500E0	1.251000E3	-1.031111E1	-1.118226E0	
4.716667E0	1.252000E3	-1.032596E1	-1.108409E0	
4.720833E0	1.253000E3	-1.031823E1	-1.091417E0	
4.725000E0	1.254000E3	-1.032785E1	-1.077908E0	
4.729167E0	1.255000E3	-1.034523E1	-1.054435E0	
4.733333E0	1.256000E3	-1.036010E1	-1.025882E0	
4.737500E0	1.257000E3	-1.035989E1	-1.010464E0	
4.741667E0	1.258000E3	-1.039362E1	-9.943169E-1	
4.745833E0	1.259000E3	-1.039217E1	-9.641879E-1	
4.750000E0	1.260000E3	-1.041080E1	-9.417512E-1	
4.754167E0	1.261000E3	-1.042013E1	-9.158784E-1	
4.758333E0	1.262000E3	-1.042840E1	-8.771751E-1	
4.762500E0	1.263000E3	-1.044666E1	-8.630992E-1	
4.766667E0	1.264000E3	-1.045260E1	-8.400090E-1	
4.770833E0	1.265000E3	-1.046431E1	-8.093829E-1	
4.775000E0	1.266000E3	-1.046693E1	-7.878457E-1	
4.779167E0	1.267000E3	-1.048464E1	-7.657405E-1	
4.783333E0	1.268000E3	-1.049609E1	-7.481744E-1	
4.787500E0	1.269000E3	-1.050422E1	-7.550930E-1	
4.791667E0	1.270000E3	-1.051211E1	-7.276432E-1	
4.795833E0	1.271000E3	-1.052993E1	-7.177533E-1	
4.800000E0	1.272000E3	-1.051979E1	-7.062612E-1	
4.804167E0	1.273000E3	-1.053216E1	-7.098506E-1	
4.808333E0	1.274000E3	-1.052855E1	-7.129148E-1	
4.812500E0	1.275000E3	-1.054052E1	-6.991921E-1	
4.816667E0	1.276000E3	-1.052686E1	-6.899331E-1	
4.820833E0	1.277000E3	-1.054702E1	-6.836401E-1	
4.825000E0	1.278000E3	-1.055836E1	-6.701382E-1	
4.829167E0	1.279000E3	-1.054875E1	-6.487249E-1	
4.833333E0	1.280000E3	-1.055103E1	-6.473132E-1	
4.837500E0	1.281000E3	-1.057348E1	-6.286632E-1	
4.841667E0	1.282000E3	-1.058564E1	-5.961203E-1	
4.845833E0	1.283000E3	-1.059821E1	-5.861775E-1	
4.850000E0	1.284000E3	-1.060429E1	-5.704254E-1	
4.854167E0	1.285000E3	-1.061782E1	-5.307270E-1	
4.858333E0	1.286000E3	-1.061558E1	-5.149155E-1	
4.862500E0	1.287000E3	-1.064123E1	-4.866423E-1	
4.866667E0	1.288000E3	-1.066733E1	-4.665638E-1	
4.870833E0	1.289000E3	-1.068022E1	-4.348199E-1	
4.875000E0	1.290000E3	-1.069087E1	-4.103474E-1	
4.879167E0	1.291000E3	-1.069769E1	-3.815513E-1	
4.883333E0	1.292000E3	-1.070285E1	-3.638127E-1	
4.887500E0	1.293000E3	-1.073062E1	-3.486003E-1	
4.891667E0	1.294000E3	-1.073066E1	-3.292211E-1	
4.895833E0	1.295000E3	-1.073654E1	-3.011911E-1	
4.900000E0	1.296000E3	-1.075197E1	-2.966012E-1	
4.904167E0	1.297000E3	-1.074268E1	-2.957399E-1	
4.908333E0	1.298000E3	-1.075261E1	-2.823833E-1	
4.912500E0	1.299000E3	-1.075105E1	-2.699633E-1	
4.916667E0	1.300000E3	-1.077100E1	-2.619256E-1	
4.920833E0	1.301000E3	-1.076816E1	-2.626042E-1	
4.925000E0	1.302000E3	-1.076586E1	-2.507962E-1	
4.929167E0	1.303000E3	-1.077776E1	-2.493765E-1	
4.933333E0	1.304000E3	-1.077444E1	-2.388714E-1	
4.937500E0	1.305000E3	-1.078779E1	-2.229631E-1	
4.941667E0	1.306000E3	-1.080030E1	-2.056904E-1	
4.945833E0	1.307000E3	-1.078953E1	-1.967616E-1	
4.950000E0	1.308000E3	-1.079947E1	-1.768289E-1	
4.954167E0	1.309000E3	-1.081829E1	-1.631312E-1	
4.958333E0	1.310000E3	-1.083723E1	-1.351286E-1	
4.962500E0	1.311000E3	-1.084051E1	-1.233586E-1	
4.966667E0	1.312000E3	-1.085111E1	-9.361465E-2	
4.970833E0	1.313000E3	-1.086905E1	-6.131942E-2	
4.975000E0	1.314000E3	-1.087523E1	-3.457881E-2	
4.979167E0	1.315000E3	-1.088040E1	-1.465784E-2	
4.983333E0	1.316000E3	-1.089959E1	1.990393E-2	
4.987500E0	1.317000E3	-1.092171E1	4.508684E-2	
4.991667E0	1.318000E3	-1.092697E1	7.024936E-2	
4.995833E0	1.319000E3	-1.093202E1	8.707142E-2	
5.000000E0	1.320000E3	-1.093869E1	1.164414E-1	
5.004167E0	1.321000E3	-1.095488E1	1.248349E-1	
5.008333E0	1.322000E3	-1.096819E1	1.351500E-1	
5.012500E0	1.323000E3	-1.097106E1	1.517975E-1	
5.016667E0	1.324000E3	-1.097451E1	1.583051E-1	
5.020833E0	1.325000E3	-1.097395E1	1.684583E-1	
5.025000E0	1.326000E3	-1.097833E1	1.712248E-1	
5.029167E0	1.327000E3	-1.099649E1	1.822421E-1	
5.033333E0	1.328000E3	-1.099170E1	1.935218E-1	
5.037500E0	1.329000E3	-1.098215E1	1.986132E-1	
5.041667E0	1.330000E3	-1.100073E1	2.078684E-1	
5.045833E0	1.331000E3	-1.099526E1	2.047075E-1	
5.050000E0	1.332000E3	-1.100267E1	2.339487E-1	
5.054167E0	1.333000E3	-1.102086E1	2.443765E-1	
5.058333E0	1.334000E3	-1.100840E1	2.702556E-1	
5.062500E0	1.335000E3	-1.102689E1	2.826957E-1	
5.066667E0	1.336000E3	-1.101827E1	3.144297E-1	
5.070833E0	1.337000E3	-1.103653E1	3.292315E-1	
5.075000E0	1.338000E3	-1.103777E1	3.507995E-1	
5.079167E0	1.339000E3	-1.105081E1	3.799644E-1	
5.083333E0	1.340000E3	-1.106373E1	4.072211E-1	
5.087500E0	1.341000E3	-1.108246E1	4.351964E-1	
5.091667E0	1.342000E3	-1.108024E1	4.653248E-1	
5.095833E0	1.343000E3	-1.109662E1	4.783482E-1	
5.100000E0	1.344000E3	-1.111574E1	5.151200E-1	
5.104167E0	1.345000E3	-1.112373E1	5.343465E-1	
5.108333E0	1.346000E3	-1.114308E1	5.667173E-1	
5.112500E0	1.347000E3	-1.114110E1	5.715690E-1	
5.116667E0	1.348000E3	-1.113806E1	5.857914E-1	
5.120833E0	1.349000E3	-1.114379E1	6.065374E-1	
5.125000E0	1.350000E3	-1.115296E1	6.249051E-1	
5.129167E0	1.351000E3	-1.115092E1	6.289257E-1	
5.133333E0	1.352000E3	-1.117965E1	6.413996E-1	
5.137500E0	1.353000E3	-1.117960E1	6.491428E-1	
5.141667E0	1.354000E3	-1.116236E1	6.452374E-1	
5.145833E0	1.355000E3	-1.117381E1	6.572012E-1	
5.150000E0	1.356000E3	-1.116873E1	6.654749E-1	
5.154167E0	1.357000E3	-1.118246E1	6.845499E-1	
5.158333E0	1.358000E3	-1.117747E1	6.731943E-1	
5.162500E0	1.359000E3	-1.119032E1	7.001995E-1	
5.166667E0	1.360000E3	-1.119089E1	7.192847E-1	
5.170833E0	1.361000E3	-1.119733E1	7.433253E-1	
5.175000E0	1.362000E3	-1.120572E1	7.413574E-1	
5.179167E0	1.363000E3	-1.122763E1	7.550711E-1	
5.183333E0	1.364000E3	-1.123466E1	7.949380E-1	
5.187500E0	1.365000E3	-1.124699E1	8.231450E-1	
5.191667E0	1.366000E3	-1.125352E1	8.321414E-1	
5.195833E0	1.367000E3	-1.126312E1	8.744234E-1	
5.200000E0	1.368000E3	-1.128458E1	9.026265E-1	
5.204167E0	1.369000E3	-1.128168E1	9.322860E-1	
5.208333E0	1.370000E3	-1.130339E1	9.518805E-1	
5.212500E0	1.371000E3	-1.130451E1	9.836860E-1	
5.216667E0	1.372000E3	-1.131787E1	9.881702E-1	
5.220833E0	1.373000E3	-1.134014E1	1.022567E0	
5.225000E0	1.374000E3	-1.134474E1	1.033182E0	
5.229167E0	1.375000E3	-1.135365E1	1.056190E0	
5.233333E0	1.376000E3	-1.136071E1	1.065840E0	
5.237500E0	1.377000E3	-1.136138E1	1.085359E0	
5.241667E0	1.378000E3	-1.137013E1	1.083798E0	
5.245833E0	1.379000E3	-1.136264E1	1.087908E0	
5.250000E0	1.380000E3	-1.137357E1	1.095057E0	
5.254167E0	1.381000E3	-1.137568E1	1.107858E0	
5.258333E0	1.382000E3	-1.137984E1	1.119522E0	
5.262500E0	1.383000E3	-1.137873E1	1.134046E0	
5.266667E0	1.384000E3	-1.138435E1	1.137026E0	
5.270833E0	1.385000E3	-1.138736E1	1.151701E0	
5.275000E0	1.386000E3	-1.139446E1	1.164510E0	
5.279167E0	1.387000E3	-1.139399E1	1.173102E0	
5.283333E0	1.388000E3	-1.140586E1	1.192781E0	
5.287500E0	1.389000E3	-1.141184E1	1.220944E0	
5.291667E0	1.390000E3	-1.142079E1	1.232725E0	
5.295833E0	1.391000E3	-1.141720E1	1.275728E0	
5.300000E0	1.392000E3	-1.142067E1	1.290917E0	
5.304167E0	1.393000E3	-1.144004E1	1.322394E0	
5.308333E0	1.394000E3	-1.144793E1	1.340892E0	
5.312500E0	1.395000E3	-1.144516E1	1.392003E0	
5.316667E0	1.396000E3	-1.146326E1	1.401978E0	
5.320833E0	1.397000E3	-1.147613E1	1.436417E0	
5.325000E0	1.398000E3	-1.148770E1	1.450722E0	
5.329167E0	1.399000E3	-1.147952E1	1.482765E0	
5.333333E0	1.400000E3	-1.150914E1	1.500868E0	
5.337500E0	1.401000E3	-1.149793E1	1.523356E0	
5.341667E0	1.402000E3	-1.150571E1	1.520117E0	
5.345833E0	1.403000E3	-1.151709E1	1.549330E0	
5.350000E0	1.404000E3	-1.151544E1	1.547676E0	
5.354167E0	1.405000E3	-1.150966E1	1.571506E0	
5.358333E0	1.406000E3	-1.152101E1	1.569193E0	
5.362500E0	1.407000E3	-1.152558E1	1.580434E0	
5.366667E0	1.408000E3	-1.152535E1	1.592218E0	
5.370833E0	1.409000E3	-1.153166E1	1.594977E0	
5.375000E0	1.410000E3	-1.151106E1	1.608409E0	
5.379167E0	1.411000E3	-1.154436E1	1.611605E0	
5.383333E0	1.412000E3	-1.152934E1	1.626948E0	
5.387500E0	1.413000E3	-1.154536E1	1.637513E0	
5.391667E0	1.414000E3	-1.155141E1	1.669137E0	
5.395833E0	1.415000E3	-1.154867E1	1.666392E0	
5.400000E0	1.416000E3	-1.155575E1	1.715222E0	
5.404167E0	1.417000E3	-1.158278E1	1.736768E0	
5.408333E0	1.418000E3	-1.156974E1	1.749841E0	
5.412500E0	1.419000E3	-1.159329E1	1.778777E0	
5.416667E0	1.420000E3	-1.159118E1	1.812572E0	
5.420833E0	1.421000E3	-1.160314E1	1.840570E0	
5.425000E0	1.422000E3	-1.160793E1	1.861869E0	
5.429167E0	1.423000E3	-1.162469E1	1.909244E0	
5.433333E0	1.424000E3	-1.162255E1	1.916521E0	
5.437500E0	1.425000E3	-1.163460E1	1.935573E0	
5.441667E0	1.426000E3	-1.164423E1	1.969027E0	
5.445833E0	1.427000E3	-1.165638E1	1.982461E0	
5.450000E0	1.428000E3	-1.165595E1	2.002490E0	
5.454167E0	1.429000E3	-1.166609E1	2.014733E0	
5.458333E0	1.430000E3	-1.166728E1	2.021553E0	
5.462500E0	1.431000E3	-1.167772E1	2.041474E0	
5.466667E0	1.432000E3	-1.167150E1	2.045610E0	
5.470833E0	1.433000E3	-1.167701E1	2.049162E0	
5.475000E0	1.434000E3	-1.168048E1	2.063074E0	
5.479167E0	1.435000E3	-1.168336E1	2.070983E0	
5.483333E0	1.436000E3	-1.167146E1	2.080321E0	
5.487500E0	1.437000E3	-1.168333E1	2.078282E0	
5.491667E0	1.438000E3	-1.168436E1	2.093688E0	
5.495833E0	1.439000E3	-1.168712E1	2.102636E0	
5.500000E0	1.440000E3	-1.169330E1	2.118119E0	
5.504167E0	1.441000E3	-1.170668E1	2.138498E0	
5.508333E0	1.442000E3	-1.170914E1	2.167835E0	
5.512500E0	1.443000E3	-1.171837E1	2.184730E0	
5.516667E0	1.444000E3	-1.173023E1	2.209787E0	
5.520833E0	1.445000E3	-1.174185E1	2.236241E0	
5.525000E0	1.446000E3	-1.176272E1	2.267898E0	
5.529167E0	1.447000E3	-1.176737E1	2.292119E0	
5.533333E0	1.448000E3	-1.176481E1	2.326467E0	
5.537500E0	1.449000E3	-1.177507E1	2.350076E0	
5.541667E0	1.450000E3	-1.179134E1	2.375757E0	
5.545833E0	1.451000E3	-1.179357E1	2.406111E0	
5.550000E0	1.452000E3	-1.180774E1	2.428544E0	
5.554167E0	1.453000E3	-1.182637E1	2.437668E0	
5.558333E0	1.454000E3	-1.183608E1	2.462441E0	
5.562500E0	1.455000E3	-1.184208E1	2.464216E0	
5.566667E0	1.456000E3	-1.185298E1	2.475549E0	
5.570833E0	1.457000E3	-1.184637E1	2.492141E0	
5.575000E0	1.458000E3	-1.185302E1	2.504050E0	
5.579167E0	1.459000E3	-1.186009E1	2.516730E0	
5.583333E0	1.460000E3	-1.185819E1	2.510964E0	
5.587500E0	1.461000E3	-1.187419E1	2.520419E0	
5.591667E0	1.462000E3	-1.187590E1	2.541726E0	
5.595833E0	1.463000E3	-1.186880E1	2.537717E0	
5.600000E0	1.464000E3	-1.187449E1	2.557005E0	
5.604167E0	1.465000E3	-1.188621E1	2.567812E0	
5.608333E0	1.466000E3	-1.187536E1	2.583543E0	
5.612500E0	1.467000E3	-1.189200E1	2.591420E0	
5.616667E0	1.468000E3	-1.190142E1	2.604431E0	
5.620833E0	1.469000E3	-1.191447E1	2.630150E0	
5.625000E0	1.470000E3	-1.192085E1	2.648196E0	
5.629167E0	1.471000E3	-1.193962E1	2.663278E0	
5.633333E0	1.472000E3	-1.194678E1	2.696503E0	
5.637500E0	1.473000E3	-1.195531E1	2.725499E0	
5.641667E0	1.474000E3	-1.197576E1	2.755305E0	
5.645833E0	1.475000E3	-1.197451E1	2.783617E0	
5.650000E0	1.476000E3	-1.200114E1	2.805944E0	
5.654167E0	1.477000E3	-1.200292E1	2.828100E0	
5.658333E0	1.478000E3	-1.200822E1	2.861378E0	
5.662500E0	1.479000E3	-1.203385E1	2.876234E0	
5.666667E0	1.480000E3	-1.203482E1	2.903926E0	
5.670833E0	1.481000E3	-1.203862E1	2.915391E0	
5.675000E0	1.482000E3	-1.203799E1	2.947517E0	
5.679167E0	1.483000E3	-1.204982E1	2.959337E0	
5.683333E0	1.484000E3	-1.205669E1	2.955422E0	
5.687500E0	1.485000E3	-1.205528E1	2.963291E0	
5.691667E0	1.486000E3	-1.205792E1	2.976680E0	
5.695833E0	1.487000E3	-1.206353E1	2.979692E0	
5.700000E0	1.488000E3	-1.205566E1	2.984327E0	
5.704167E0	1.489000E3	-1.206568E1	3.013823E0	
5.708333E0	1.490000E3	-1.205981E1	3.012758E0	
5.712500E0	1.491000E3	-1.207088E1	3.015029E0	
5.716667E0	1.492000E3	-1.206101E1	3.029486E0	
5.720833E0	1.493000E3	-1.207149E1	3.041519E0	
5.725000E0	1.494000E3	-1.208003E1	3.060460E0	
5.729167E0	1.495000E3	-1.208930E1	3.075068E0	
5.733333E0	1.496000E3	-1.209184E1	3.101644E0	
5.737500E0	1.497000E3	-1.210509E1	3.126062E0	
5.741667E0	1.498000E3	-1.210561E1	3.154972E0	
5.745833E0	1.499000E3	-1.211711E1	3.186926E0	
5.750000E0	1.500000E3	-1.213605E1	3.204411E0	
5.754167E0	1.501000E3	-1.213978E1	3.238814E0	
5.758333E0	1.502000E3	-1.215088E1	3.268937E0	
5.762500E0	1.503000E3	-1.214575E1	3.278651E0	
5.766667E0	1.504000E3	-1.217028E1	3.316567E0	
5.770833E0	1.505000E3	-1.216077E1	3.339157E0	
5.775000E0	1.506000E3	-1.219050E1	3.363741E0	
5.779167E0	1.507000E3	-1.220115E1	3.378807E0	
5.783333E0	1.508000E3	-1.219959E1	3.394210E0	
5.787500E0	1.509000E3	-1.220476E1	3.403027E0	
5.791667E0	1.510000E3	-1.221885E1	3.434108E0	
5.795833E0	1.511000E3	-1.221518E1	3.442101E0	
5.800000E0	1.512000E3	-1.221816E1	3.435165E0	
5.804167E0	1.513000E3	-1.222405E1	3.446253E0	
5.808333E0	1.514000E3	-1.223477E1	3.457121E0	
5.812500E0	1.515000E3	-1.223246E1	3.452687E0	
5.816667E0	1.516000E3	-1.222547E1	3.471921E0	
5.820833E0	1.517000E3	-1.224363E1	3.479245E0	
5.825000E0	1.518000E3	-1.224401E1	3.485233E0	
5.829167E0	1.519000E3	-1.225205E1	3.491644E0	
5.833333E0	1.520000E3	-1.225793E1	3.510720E0	
5.837500E0	1.521000E3	-1.226141E1	3.528962E0	
5.841667E0	1.522000E3	-1.228468E1	3.555212E0	
5.845833E0	1.523000E3	-1.230091E1	3.559747E0	
5.850000E0	1.524000E3	-1.231823E1	3.576034E0	
5.854167E0	1.525000E3	-1.232531E1	3.603710E0	
5.858333E0	1.526000E3	-1.234130E1	3.634250E0	
5.862500E0	1.527000E3	-1.236392E1	3.656788E0	
5.866667E0	1.528000E3	-1.237261E1	3.680723E0	
5.870833E0	1.529000E3	-1.240502E1	3.709377E0	
5.875000E0	1.530000E3	-1.240736E1	3.733369E0	
5.879167E0	1.531000E3	-1.242453E1	3.755996E0	
5.883333E0	1.532000E3	-1.243727E1	3.768900E0	
5.887500E0	1.533000E3	-1.244972E1	3.790435E0	
5.891667E0	1.534000E3	-1.246490E1	3.804857E0	
5.895833E0	1.535000E3	-1.246688E1	3.826689E0	
5.900000E0	1.536000E3	-1.247561E1	3.834560E0	
5.904167E0	1.537000E3	-1.247930E1	3.843477E0	
5.908333E0	1.538000E3	-1.250118E1	3.856018E0	
5.912500E0	1.539000E3	-1.249186E1	3.856896E0	
5.916667E0	1.540000E3	-1.251086E1	3.859258E0	
5.920833E0	1.541000E3	-1.250592E1	3.872593E0	
5.925000E0	1.542000E3	-1.250494E1	3.882125E0	
5.929167E0	1.543000E3	-1.251099E1	3.886938E0	
5.933333E0	1.544000E3	-1.252251E1	3.899012E0	
5.937500E0	1.545000E3	-1.252842E1	3.908608E0	
5.941667E0	1.546000E3	-1.254613E1	3.913218E0	
5.945833E0	1.547000E3	-1.254975E1	3.919557E0	
5.950000E0	1.548000E3	-1.256287E1	3.942176E0	
5.954167E0	1.549000E3	-1.257649E1	3.941004E0	
5.958333E0	1.550000E3	-1.259960E1	3.978383E0	
5.962500E0	1.551000E3	-1.262096E1	3.985022E0	
5.966667E0	1.552000E3	-1.264146E1	4.011966E0	
5.970833E0	1.553000E3	-1.266124E1	4.037513E0	
5.975000E0	1.554000E3	-1.267229E1	4.059024E0	
5.979167E0	1.555000E3	-1.269238E1	4.080419E0	
5.983333E0	1.556000E3	-1.271418E1	4.095285E0	
5.987500E0	1.557000E3	-1.271836E1	4.114635E0	
5.991667E0	1.558000E3	-1.274503E1	4.135375E0	
5.995833E0	1.559000E3	-1.276974E1	4.159415E0	
6.000000E0	1.560000E3	-1.278225E1	4.175119E0	
6.004167E0	1.561000E3	-1.279198E1	4.186642E0	
6.008333E0	1.562000E3	-1.281256E1	4.201317E0	
6.012500E0	1.563000E3	-1.282115E1	4.202223E0	
6.016667E0	1.564000E3	-1.282372E1	4.216058E0	
6.020833E0	1.565000E3	-1.283262E1	4.228848E0	
6.025000E0	1.566000E3	-1.284772E1	4.232329E0	
6.029167E0	1.567000E3	-1.284483E1	4.232067E0	
6.033333E0	1.568000E3	-1.285271E1	4.233172E0	
6.037500E0	1.569000E3	-1.284315E1	4.247939E0	
6.041667E0	1.570000E3	-1.285463E1	4.254543E0	
6.045833E0	1.571000E3	-1.285834E1	4.269807E0	
6.050000E0	1.572000E3	-1.288138E1	4.285707E0	
6.054167E0	1.573000E3	-1.288795E1	4.286850E0	
6.058333E0	1.574000E3	-1.290305E1	4.277568E0	
6.062500E0	1.575000E3	-1.292846E1	4.310385E0	
6.066667E0	1.576000E3	-1.293553E1	4.319493E0	
6.070833E0	1.577000E3	-1.293724E1	4.332996E0	
6.075000E0	1.578000E3	-1.296890E1	4.347740E0	
6.079167E0	1.579000E3	-1.299796E1	4.377224E0	
6.083333E0	1.580000E3	-1.301014E1	4.396812E0	
6.087500E0	1.581000E3	-1.303935E1	4.417095E0	
6.091667E0	1.582000E3	-1.305109E1	4.439208E0	
6.095833E0	1.583000E3	-1.306456E1	4.461694E0	
6.100000E0	1.584000E3	-1.309199E1	4.472282E0	
6.104167E0	1.585000E3	-1.311319E1	4.497766E0	
6.108333E0	1.586000E3	-1.311903E1	4.508088E0	
6.112500E0	1.587000E3	-1.313352E1	4.529828E0	
6.116667E0	1.588000E3	-1.316017E1	4.540181E0	
6.120833E0	1.589000E3	-1.316051E1	4.557870E0	
6.125000E0	1.590000E3	-1.316052E1	4.568776E0	
6.129167E0	1.591000E3	-1.319238E1	4.572288E0	
6.133333E0	1.592000E3	-1.319207E1	4.585043E0	
6.137500E0	1.593000E3	-1.318968E1	4.586215E0	
6.141667E0	1.594000E3	-1.318868E1	4.573160E0	
6.145833E0	1.595000E3	-1.320244E1	4.597820E0	
6.150000E0	1.596000E3	-1.320737E1	4.598793E0	
6.154167E0	1.597000E3	-1.321580E1	4.596372E0	
6.158333E0	1.598000E3	-1.321777E1	4.619584E0	
6.162500E0	1.599000E3	-1.324744E1	4.617996E0	
6.166667E0	1.600000E3	-1.326045E1	4.641642E0	
6.170833E0	1.601000E3	-1.326434E1	4.648376E0	
6.175000E0	1.602000E3	-1.329260E1	4.663200E0	
6.179167E0	1.603000E3	-1.328705E1	4.672029E0	
6.183333E0	1.604000E3	-1.332428E1	4.692823E0	
6.187500E0	1.605000E3	-1.333263E1	4.724012E0	
6.191667E0	1.606000E3	-1.335771E1	4.735354E0	
6.195833E0	1.607000E3	-1.336794E1	4.754373E0	
6.200000E0	1.608000E3	-1.337932E1	4.774077E0	
6.204167E0	1.609000E3	-1.342045E1	4.804777E0	
6.208333E0	1.610000E3	-1.343413E1	4.813512E0	
6.212500E0	1.611000E3	-1.344524E1	4.835228E0	
6.216667E0	1.612000E3	-1.347412E1	4.854278E0	
6.220833E0	1.613000E3	-1.348921E1	4.872429E0	
6.225000E0	1.614000E3	-1.349425E1	4.884000E0	
6.229167E0	1.615000E3	-1.350603E1	4.898988E0	
6.233333E0	1.616000E3	-1.351487E1	4.901544E0	
6.237500E0	1.617000E3	-1.353085E1	4.916370E0	
6.241667E0	1.618000E3	-1.353086E1	4.921111E0	
6.245833E0	1.619000E3	-1.353973E1	4.929565E0	
6.250000E0	1.620000E3	-1.354368E1	4.936618E0	
6.254167E0	1.621000E3	-1.356201E1	4.938812E0	
6.258333E0	1.622000E3	-1.356115E1	4.942497E0	
6.262500E0	1.623000E3	-1.357238E1	4.957007E0	
6.266667E0	1.624000E3	-1.357105E1	4.948973E0	
6.270833E0	1.625000E3	-1.358342E1	4.968101E0	
6.275000E0	1.626000E3	-1.360035E1	4.977325E0	
6.279167E0	1.627000E3	-1.359995E1	4.995174E0	
6.283333E0	1.628000E3	-1.362692E1	5.002766E0	
6.287500E0	1.629000E3	-1.362705E1	5.021469E0	
6.291667E0	1.630000E3	-1.365372E1	5.025035E0	
6.295833E0	1.631000E3	-1.367754E1	5.048476E0	
6.300000E0	1.632000E3	-1.368025E1	5.069915E0	
6.304167E0	1.633000E3	-1.372487E1	5.106744E0	
6.308333E0	1.634000E3	-1.374113E1	5.117101E0	
6.312500E0	1.635000E3	-1.375684E1	5.137782E0	
6.316667E0	1.636000E3	-1.376862E1	5.158249E0	
6.320833E0	1.637000E3	-1.379894E1	5.167800E0	
6.325000E0	1.638000E3	-1.381709E1	5.198293E0	
6.329167E0	1.639000E3	-1.383384E1	5.215589E0	
6.333333E0	1.640000E3	-1.383850E1	5.231939E0	
6.337500E0	1.641000E3	-1.385602E1	5.228424E0	
6.341667E0	1.642000E3	-1.386457E1	5.253563E0	
6.345833E0	1.643000E3	-1.386709E1	5.264242E0	
6.350000E0	1.644000E3	-1.388648E1	5.272188E0	
6.354167E0	1.645000E3	-1.388885E1	5.274918E0	
6.358333E0	1.646000E3	-1.391017E1	5.291863E0	
6.362500E0	1.647000E3	-1.390214E1	5.303752E0	
6.366667E0	1.648000E3	-1.390616E1	5.291243E0	
6.370833E0	1.649000E3	-1.391568E1	5.307883E0	
6.375000E0	1.650000E3	-1.392529E1	5.300706E0	
6.379167E0	1.651000E3	-1.392574E1	5.316981E0	
6.383333E0	1.652000E3	-1.392835E1	5.337504E0	
6.387500E0	1.653000E3	-1.395017E1	5.345314E0	
6.391667E0	1.654000E3	-1.396675E1	5.359888E0	
6.395833E0	1.655000E3	-1.397306E1	5.370160E0	
6.400000E0	1.656000E3	-1.398685E1	5.376168E0	
6.404167E0	1.657000E3	-1.397078E1	5.370342E0	
6.408333E0	1.658000E3	-1.395859E1	5.330257E0	
6.412500E0	1.659000E3	-1.393179E1	5.319412E0	
6.416667E0	1.660000E3	-1.391388E1	5.302613E0	
6.420833E0	1.661000E3	-1.388652E1	5.285583E0	
6.425000E0	1.662000E3	-1.387796E1	5.255604E0	
6.429167E0	1.663000E3	-1.385306E1	5.247897E0	
6.433333E0	1.664000E3	-1.382951E1	5.230392E0	
6.437500E0	1.665000E3	-1.381194E1	5.217816E0	
6.441667E0	1.666000E3	-1.379883E1	5.191599E0	
6.445833E0	1.667000E3	-1.378400E1	5.172017E0	
6.450000E0	1.668000E3	-1.377592E1	5.160512E0	
6.454167E0	1.669000E3	-1.374824E1	5.148428E0	
6.458333E0	1.670000E3	-1.374322E1	5.153586E0	
6.462500E0	1.671000E3	-1.373703E1	5.124586E0	
6.466667E0	1.672000E3	-1.374015E1	5.124843E0	
6.470833E0	1.673000E3	-1.373465E1	5.136786E0	
6.475000E0	1.674000E3	-1.372769E1	5.121808E0	
6.479167E0	1.675000E3	-1.370980E1	5.112876E0	
6.483333E0	1.676000E3	-1.370553E1	5.102735E0	
6.487500E0	1.677000E3	-1.370731E1	5.110608E0	
6.491667E0	1.678000E3	-1.368554E1	5.095828E0	
6.495833E0	1.679000E3	-1.367488E1	5.079215E0	
6.500000E0	1.680000E3	-1.367133E1	5.078558E0	
6.504167E0	1.681000E3	-1.364672E1	5.069994E0	
6.508333E0	1.682000E3	-1.364601E1	5.040996E0	
6.512500E0	1.683000E3	-1.362924E1	5.029752E0	
6.516667E0	1.684000E3	-1.361215E1	5.021715E0	
6.520833E0	1.685000E3	-1.358488E1	5.000090E0	
6.525000E0	1.686000E3	-1.356354E1	4.986531E0	
6.529167E0	1.687000E3	-1.353779E1	4.963048E0	
6.533333E0	1.688000E3	-1.351163E1	4.948050E0	
6.537500E0	1.689000E3	-1.348653E1	4.922643E0	
6.541667E0	1.690000E3	-1.346852E1	4.922165E0	
6.545833E0	1.691000E3	-1.343048E1	4.898422E0	
6.550000E0	1.692000E3	-1.342225E1	4.887856E0	
6.554167E0	1.693000E3	-1.340980E1	4.861955E0	
6.558333E0	1.694000E3	-1.337463E1	4.852785E0	
6.562500E0	1.695000E3	-1.338396E1	4.843720E0	
6.566667E0	1.696000E3	-1.335057E1	4.837950E0	
6.570833E0	1.697000E3	-1.334913E1	4.830968E0	
6.575000E0	1.698000E3	-1.333528E1	4.820717E0	
6.579167E0	1.699000E3	-1.333675E1	4.831984E0	
6.583333E0	1.700000E3	-1.333426E1	4.820415E0	
6.587500E0	1.701000E3	-1.332694E1	4.818168E0	
6.591667E0	1.702000E3	-1.331702E1	4.811113E0	
6.595833E0	1.703000E3	-1.332021E1	4.814003E0	
6.600000E0	1.704000E3	-1.331511E1	4.790323E0	
6.604167E0	1.705000E3	-1.329726E1	4.799396E0	
6.608333E0	1.706000E3	-1.327812E1	4.790310E0	
6.612500E0	1.707000E3	-1.326515E1	4.764185E0	
6.616667E0	1.708000E3	-1.323307E1	4.769991E0	
6.620833E0	1.709000E3	-1.323807E1	4.738866E0	
6.625000E0	1.710000E3	-1.320883E1	4.740543E0	
6.629167E0	1.711000E3	-1.318837E1	4.723503E0	
6.633333E0	1.712000E3	-1.317532E1	4.705952E0	
6.637500E0	1.713000E3	-1.314585E1	4.699713E0	
6.641667E0	1.714000E3	-1.310974E1	4.680485E0	
6.645833E0	1.715000E3	-1.308166E1	4.663612E0	
6.650000E0	1.716000E3	-1.306493E1	4.645163E0	
6.654167E0	1.717000E3	-1.303580E1	4.644894E0	
6.658333E0	1.718000E3	-1.301918E1	4.618327E0	
6.662500E0	1.719000E3	-1.299482E1	4.601887E0	
6.666667E0	1.720000E3	-1.297617E1	4.581237E0	
6.670833E0	1.721000E3	-1.296698E1	4.591942E0	
6.675000E0	1.722000E3	-1.294455E1	4.591176E0	
6.679167E0	1.723000E3	-1.292941E1	4.575917E0	
6.683333E0	1.724000E3	-1.292258E1	4.555649E0	
6.687500E0	1.725000E3	-1.292159E1	4.552368E0	
6.691667E0	1.726000E3	-1.290123E1	4.553028E0	
6.695833E0	1.727000E3	-1.289896E1	4.542043E0	
6.700000E0	1.728000E3	-1.289199E1	4.545952E0	
6.704167E0	1.729000E3	-1.289967E1	4.555218E0	
6.708333E0	1.730000E3	-1.288010E1	4.520587E0	
6.712500E0	1.731000E3	-1.286887E1	4.539094E0	
6.716667E0	1.732000E3	-1.286091E1	4.519612E0	
6.720833E0	1.733000E3	-1.285202E1	4.521961E0	
6.725000E0	1.734000E3	-1.282905E1	4.514647E0	
6.729167E0	1.735000E3	-1.281474E1	4.502760E0	
6.733333E0	1.736000E3	-1.280137E1	4.467325E0	
6.737500E0	1.737000E3	-1.277687E1	4.483578E0	
6.741667E0	1.738000E3	-1.275846E1	4.448997E0	
6.745833E0	1.739000E3	-1.272925E1	4.434079E0	
6.750000E0	1.740000E3	-1.270927E1	4.424527E0	
6.754167E0	1.741000E3	-1.268492E1	4.403397E0	
6.758333E0	1.742000E3	-1.265843E1	4.389638E0	
6.762500E0	1.743000E3	-1.263501E1	4.376390E0	
6.766667E0	1.744000E3	-1.261560E1	4.357376E0	
6.770833E0	1.745000E3	-1.258746E1	4.345564E0	
6.775000E0	1.746000E3	-1.256538E1	4.342725E0	
6.779167E0	1.747000E3	-1.254419E1	4.327254E0	
6.783333E0	1.748000E3	-1.254632E1	4.312416E0	
6.787500E0	1.749000E3	-1.252223E1	4.304625E0	
6.791667E0	1.750000E3	-1.250548E1	4.297044E0	
6.795833E0	1.751000E3	-1.250212E1	4.285949E0	
6.800000E0	1.752000E3	-1.249627E1	4.298758E0	
6.804167E0	1.753000E3	-1.248567E1	4.291139E0	
6.808333E0	1.754000E3	-1.247728E1	4.278120E0	
6.812500E0	1.755000E3	-1.247115E1	4.277510E0	
6.816667E0	1.756000E3	-1.247404E1	4.282615E0	
6.820833E0	1.757000E3	-1.245271E1	4.263395E0	
6.825000E0	1.758000E3	-1.244126E1	4.268728E0	
6.829167E0	1.759000E3	-1.244291E1	4.247377E0	
6.833333E0	1.760000E3	-1.242438E1	4.243523E0	
6.837500E0	1.761000E3	-1.241914E1	4.235741E0	
6.841667E0	1.762000E3	-1.238750E1	4.227032E0	
6.845833E0	1.763000E3	-1.236160E1	4.202855E0	
6.850000E0	1.764000E3	-1.234809E1	4.193867E0	
6.854167E0	1.765000E3	-1.231876E1	4.182889E0	
6.858333E0	1.766000E3	-1.229679E1	4.160240E0	
6.862500E0	1.767000E3	-1.226991E1	4.146716E0	
6.866667E0	1.768000E3	-1.224056E1	4.138271E0	
6.870833E0	1.769000E3	-1.222740E1	4.117605E0	
6.875000E0	1.770000E3	-1.219605E1	4.101101E0	
6.879167E0	1.771000E3	-1.218000E1	4.093858E0	
6.883333E0	1.772000E3	-1.215837E1	4.068779E0	
6.887500E0	1.773000E3	-1.213494E1	4.067332E0	
6.891667E0	1.774000E3	-1.212099E1	4.060260E0	
6.895833E0	1.775000E3	-1.210524E1	4.050278E0	
6.900000E0	1.776000E3	-1.209670E1	4.037274E0	
6.904167E0	1.777000E3	-1.208175E1	4.042290E0	
6.908333E0	1.778000E3	-1.207108E1	4.013329E0	
6.912500E0	1.779000E3	-1.207350E1	4.013315E0	
6.916667E0	1.780000E3	-1.206013E1	4.014002E0	
6.920833E0	1.781000E3	-1.205455E1	4.015583E0	
6.925000E0	1.782000E3	-1.203750E1	4.002395E0	
6.929167E0	1.783000E3	-1.204987E1	4.015761E0	
6.933333E0	1.784000E3	-1.202581E1	3.991682E0	
6.937500E0	1.785000E3	-1.202875E1	4.006270E0	
6.941667E0	1.786000E3	-1.200503E1	3.989820E0	
6.945833E0	1.787000E3	-1.198758E1	3.984394E0	
6.950000E0	1.788000E3	-1.197639E1	3.975456E0	
6.954167E0	1.789000E3	-1.195684E1	3.986744E0	
6.958333E0	1.790000E3	-1.194306E1	3.963208E0	
6.962500E0	1.791000E3	-1.189851E1	3.939103E0	
6.966667E0	1.792000E3	-1.188445E1	3.946381E0	
6.970833E0	1.793000E3	-1.184872E1	3.919405E0	
6.975000E0	1.794000E3	-1.182130E1	3.918064E0	
6.979167E0	1.795000E3	-1.180019E1	3.912510E0	
6.983333E0	1.796000E3	-1.176557E1	3.883349E0	
6.987500E0	1.797000E3	-1.174422E1	3.879512E0	
6.991667E0	1.798000E3	-1.172627E1	3.878922E0	
6.995833E0	1.799000E3	-1.170166E1	3.864789E0	
7.000000E0	1.800000E3	-1.168597E1	3.853761E0	
7.004167E0	1.801000E3	-1.165297E1	3.839225E0	
7.008333E0	1.802000E3	-1.164388E1	3.833497E0	
7.012500E0	1.803000E3	-1.163537E1	3.834399E0	
7.016667E0	1.804000E3	-1.163588E1	3.820247E0	
7.020833E0	1.805000E3	-1.161240E1	3.823302E0	
7.025000E0	1.806000E3	-1.162128E1	3.819055E0	
7.029167E0	1.807000E3	-1.159899E1	3.808893E0	
7.033333E0	1.808000E3	-1.158570E1	3.817645E0	
7.037500E0	1.809000E3	-1.158734E1	3.807610E0	
7.041667E0	1.810000E3	-1.156915E1	3.811201E0	
7.045833E0	1.811000E3	-1.157327E1	3.790587E0	
7.050000E0	1.812000E3	-1.155339E1	3.788886E0	
7.054167E0	1.813000E3	-1.154292E1	3.793499E0	
7.058333E0	1.814000E3	-1.152088E1	3.779168E0	
7.062500E0	1.815000E3	-1.151632E1	3.769513E0	
7.066667E0	1.816000E3	-1.148948E1	3.757656E0	
7.070833E0	1.817000E3	-1.146952E1	3.747574E0	
7.075000E0	1.818000E3	-1.144607E1	3.731954E0	
7.079167E0	1.819000E3	-1.141992E1	3.723923E0	
7.083333E0	1.820000E3	-1.139517E1	3.710043E0	
7.087500E0	1.821000E3	-1.137342E1	3.691321E0	
7.091667E0	1.822000E3	-1.133588E1	3.679406E0	
7.095833E0	1.823000E3	-1.130467E1	3.659427E0	
7.100000E0	1.824000E3	-1.128782E1	3.658072E0	
7.104167E0	1.825000E3	-1.126237E1	3.639225E0	
7.108333E0	1.826000E3	-1.124205E1	3.636002E0	
7.112500E0	1.827000E3	-1.123058E1	3.625451E0	
7.116667E0	1.828000E3	-1.120928E1	3.611529E0	
7.120833E0	1.829000E3	-1.119620E1	3.607013E0	
7.125000E0	1.830000E3	-1.119119E1	3.599869E0	
7.129167E0	1.831000E3	-1.117747E1	3.596728E0	
7.133333E0	1.832000E3	-1.116399E1	3.582266E0	
7.137500E0	1.833000E3	-1.116752E1	3.597503E0	
7.141667E0	1.834000E3	-1.115472E1	3.587017E0	
7.145833E0	1.835000E3	-1.113693E1	3.585114E0	
7.150000E0	1.836000E3	-1.112937E1	3.576225E0	
7.154167E0	1.837000E3	-1.112907E1	3.580081E0	
7.158333E0	1.838000E3	-1.111602E1	3.568399E0	
7.162500E0	1.839000E3	-1.111023E1	3.571544E0	
7.166667E0	1.840000E3	-1.109479E1	3.549474E0	
7.170833E0	1.841000E3	-1.107571E1	3.545678E0	
7.175000E0	1.842000E3	-1.105423E1	3.528975E0	
7.179167E0	1.843000E3	-1.104716E1	3.510437E0	
7.183333E0	1.844000E3	-1.102631E1	3.518139E0	
7.187500E0	1.845000E3	-1.100003E1	3.494641E0	
7.191667E0	1.846000E3	-1.096308E1	3.478089E0	
7.195833E0	1.847000E3	-1.094388E1	3.462721E0	
7.200000E0	1.848000E3	-1.091255E1	3.442365E0	
7.204167E0	1.849000E3	-1.089340E1	3.418476E0	
7.208333E0	1.850000E3	-1.086867E1	3.413760E0	
7.212500E0	1.851000E3	-1.084755E1	3.386820E0	
7.216667E0	1.852000E3	-1.083139E1	3.369669E0	
7.220833E0	1.853000E3	-1.081289E1	3.375222E0	
7.225000E0	1.854000E3	-1.079999E1	3.351900E0	
7.229167E0	1.855000E3	-1.077643E1	3.338832E0	
7.233333E0	1.856000E3	-1.077691E1	3.344020E0	
7.237500E0	1.857000E3	-1.076930E1	3.322525E0	
7.241667E0	1.858000E3	-1.074646E1	3.316208E0	
7.245833E0	1.859000E3	-1.075463E1	3.313479E0	
7.250000E0	1.860000E3	-1.073375E1	3.303480E0	
7.254167E0	1.861000E3	-1.073689E1	3.306135E0	
7.258333E0	1.862000E3	-1.073675E1	3.307410E0	
7.262500E0	1.863000E3	-1.072662E1	3.291618E0	
7.266667E0	1.864000E3	-1.071202E1	3.296994E0	
7.270833E0	1.865000E3	-1.070232E1	3.279609E0	
7.275000E0	1.866000E3	-1.069194E1	3.281923E0	
7.279167E0	1.867000E3	-1.069100E1	3.267055E0	
7.283333E0	1.868000E3	-1.066682E1	3.242536E0	
7.287500E0	1.869000E3	-1.064959E1	3.230206E0	
7.291667E0	1.870000E3	-1.063394E1	3.206921E0	
7.295833E0	1.871000E3	-1.062350E1	3.199281E0	
7.300000E0	1.872000E3	-1.059330E1	3.174947E0	
7.304167E0	1.873000E3	-1.057142E1	3.153200E0	
7.308333E0	1.874000E3	-1.055674E1	3.127817E0	
7.312500E0	1.875000E3	-1.053923E1	3.116259E0	
7.316667E0	1.876000E3	-1.051153E1	3.080081E0	
7.320833E0	1.877000E3	-1.050433E1	3.060273E0	
7.325000E0	1.878000E3	-1.046742E1	3.048884E0	
7.329167E0	1.879000E3	-1.045508E1	3.042490E0	
7.333333E0	1.880000E3	-1.043234E1	3.011749E0	
7.337500E0	1.881000E3	-1.042136E1	3.025970E0	
7.341667E0	1.882000E3	-1.042357E1	3.009440E0	
7.345833E0	1.883000E3	-1.040509E1	2.989675E0	
7.350000E0	1.884000E3	-1.038601E1	2.992169E0	
7.354167E0	1.885000E3	-1.038573E1	2.978415E0	
7.358333E0	1.886000E3	-1.038842E1	2.976732E0	
7.362500E0	1.887000E3	-1.036883E1	2.977502E0	
7.366667E0	1.888000E3	-1.037210E1	2.971408E0	
7.370833E0	1.889000E3	-1.037321E1	2.969355E0	
7.375000E0	1.890000E3	-1.035512E1	2.952627E0	
7.379167E0	1.891000E3	-1.035042E1	2.950904E0	
7.383333E0	1.892000E3	-1.034449E1	2.934802E0	
7.387500E0	1.893000E3	-1.032733E1	2.925710E0	
7.391667E0	1.894000E3	-1.031455E1	2.921890E0	
7.395833E0	1.895000E3	-1.029649E1	2.898948E0	
7.400000E0	1.896000E3	-1.028239E1	2.885499E0	
7.404167E0	1.897000E3	-1.025403E1	2.879358E0	
7.408333E0	1.898000E3	-1.024349E1	2.863467E0	
7.412500E0	1.899000E3	-1.020993E1	2.849737E0	
7.416667E0	1.900000E3	-1.018507E1	2.831899E0	
7.420833E0	1.901000E3	-1.016154E1	2.826769E0	
7.425000E0	1.902000E3	-1.013027E1	2.819168E0	
7.429167E0	1.903000E3	-1.010444E1	2.799665E0	
7.433333E0	1.904000E3	-1.008847E1	2.779949E0	
7.437500E0	1.905000E3	-1.004732E1	2.768775E0	
7.441667E0	1.906000E3	-1.004022E1	2.744614E0	
7.445833E0	1.907000E3	-1.002506E1	2.745074E0	
7.450000E0	1.908000E3	-1.000660E1	2.736163E0	
7.454167E0	1.909000E3	-9.995263E0	2.725551E0	
7.458333E0	1.910000E3	-9.981568E0	2.709272E0	
7.462500E0	1.911000E3	-9.971701E0	2.701679E0	
7.466667E0	1.912000E3	-9.964144E0	2.703740E0	
7.470833E0	1.913000E3	-9.972726E0	2.698879E0	
7.475000E0	1.914000E3	-9.956880E0	2.698494E0	
7.479167E0	1.915000E3	-9.952612E0	2.688761E0	
7.483333E0	1.916000E3	-9.943749E0	2.696990E0	
7.487500E0	1.917000E3	-9.938843E0	2.680852E0	
7.491667E0	1.918000E3	-9.933115E0	2.681162E0	
7.495833E0	1.919000E3	-9.906255E0	2.673382E0	
7.500000E0	1.920000E3	-9.904260E0	2.670763E0	
7.504167E0	1.921000E3	-9.872374E0	2.645179E0	
7.508333E0	1.922000E3	-9.865420E0	2.643781E0	
7.512500E0	1.923000E3	-9.847662E0	2.628786E0	
7.516667E0	1.924000E3	-9.815039E0	2.613289E0	
7.520833E0	1.925000E3	-9.810182E0	2.598663E0	
7.525000E0	1.926000E3	-9.778752E0	2.564600E0	
7.529167E0	1.927000E3	-9.751110E0	2.553531E0	
7.533333E0	1.928000E3	-9.734212E0	2.533243E0	
7.537500E0	1.929000E3	-9.706025E0	2.519859E0	
7.541667E0	1.930000E3	-9.683095E0	2.490771E0	
7.545833E0	1.931000E3	-9.653678E0	2.481082E0	
7.550000E0	1.932000E3	-9.650281E0	2.481225E0	
7.554167E0	1.933000E3	-9.623927E0	2.462126E0	
7.558333E0	1.934000E3	-9.619135E0	2.450427E0	
7.562500E0	1.935000E3	-9.594617E0	2.436010E0	
7.566667E0	1.936000E3	-9.590689E0	2.433383E0	
7.570833E0	1.937000E3	-9.569159E0	2.431432E0	
7.575000E0	1.938000E3	-9.565938E0	2.412563E0	
7.579167E0	1.939000E3	-9.553851E0	2.402395E0	
7.583333E0	1.940000E3	-9.546663E0	2.408993E0	
7.587500E0	1.941000E3	-9.548942E0	2.391832E0	
7.591667E0	1.942000E3	-9.550533E0	2.393005E0	
7.595833E0	1.943000E3	-9.544404E0	2.402283E0	
7.600000E0	1.944000E3	-9.537397E0	2.385026E0	
7.604167E0	1.945000E3	-9.519976E0	2.381242E0	
7.608333E0	1.946000E3	-9.512986E0	2.376719E0	
7.612500E0	1.947000E3	-9.487046E0	2.361593E0	
7.616667E0	1.948000E3	-9.467668E0	2.347300E0	
7.620833E0	1.949000E3	-9.441295E0	2.332109E0	
7.625000E0	1.950000E3	-9.442507E0	2.328995E0	
7.629167E0	1.951000E3	-9.403371E0	2.304471E0	
7.633333E0	1.952000E3	-9.390347E0	2.301008E0	
7.637500E0	1.953000E3	-9.360495E0	2.299335E0	
7.641667E0	1.954000E3	-9.345868E0	2.280542E0	
7.645833E0	1.955000E3	-9.305559E0	2.262026E0	
7.650000E0	1.956000E3	-9.278730E0	2.238447E0	
7.654167E0	1.957000E3	-9.257412E0	2.223587E0	
7.658333E0	1.958000E3	-9.232774E0	2.213185E0	
7.662500E0	1.959000E3	-9.213007E0	2.212421E0	
7.666667E0	1.960000E3	-9.193861E0	2.179731E0	
7.670833E0	1.961000E3	-9.180690E0	2.178094E0	
7.675000E0	1.962000E3	-9.169092E0	2.173850E0	
7.679167E0	1.963000E3	-9.148625E0	2.169891E0	
7.683333E0	1.964000E3	-9.140591E0	2.159137E0	
7.687500E0	1.965000E3	-9.126224E0	2.157760E0	
7.691667E0	1.966000E3	-9.124882E0	2.156878E0	
7.695833E0	1.967000E3	-9.114230E0	2.146827E0	
7.700000E0	1.968000E3	-9.118094E0	2.153764E0	
7.704167E0	1.969000E3	-9.112486E0	2.137086E0	
7.708333E0	1.970000E3	-9.097544E0	2.144656E0	
7.712500E0	1.971000E3	-9.086372E0	2.135946E0	
7.716667E0	1.972000E3	-9.080697E0	2.137717E0	
7.720833E0	1.973000E3	-9.065227E0	2.118387E0	
7.725000E0	1.974000E3	-9.058890E0	2.119171E0	
7.729167E0	1.975000E3	-9.026240E0	2.118262E0	
7.733333E0	1.976000E3	-8.995366E0	2.102033E0	
7.737500E0	1.977000E3	-8.968651E0	2.094040E0	
7.741667E0	1.978000E3	-8.958034E0	2.074298E0	
7.745833E0	1.979000E3	-8.936026E0	2.060721E0	
7.750000E0	1.980000E3	-8.909182E0	2.050322E0	
7.754167E0	1.981000E3	-8.881086E0	2.041767E0	
7.758333E0	1.982000E3	-8.849503E0	2.028558E0	
7.762500E0	1.983000E3	-8.821316E0	2.014829E0	
7.766667E0	1.984000E3	-8.804035E0	2.003084E0	
7.770833E0	1.985000E3	-8.781684E0	1.991827E0	
7.775000E0	1.986000E3	-8.766610E0	1.988502E0	
7.779167E0	1.987000E3	-8.722359E0	1.969113E0	
7.783333E0	1.988000E3	-8.731151E0	1.966180E0	
7.787500E0	1.989000E3	-8.712336E0	1.965478E0	
7.791667E0	1.990000E3	-8.692868E0	1.952928E0	
7.795833E0	1.991000E3	-8.684390E0	1.944550E0	
7.800000E0	1.992000E3	-8.683227E0	1.935048E0	
7.804167E0	1.993000E3	-8.682963E0	1.945167E0	
7.808333E0	1.994000E3	-8.660198E0	1.946552E0	
7.812500E0	1.995000E3	-8.655988E0	1.936760E0	
7.816667E0	1.996000E3	-8.651134E0	1.933883E0	
7.820833E0	1.997000E3	-8.641086E0	1.919341E0	
7.825000E0	1.998000E3	-8.641536E0	1.906665E0	
7.829167E0	1.999000E3	-8.627504E0	1.904942E0	
7.833333E0	2.000000E3	-8.606080E0	1.899175E0	
7.837500E0	2.001000E3	-8.588853E0	1.893780E0	
7.841667E0	2.002000E3	-8.576095E0	1.885492E0	
7.845833E0	2.003000E3	-8.550828E0	1.866343E0	
7.850000E0	2.004000E3	-8.537192E0	1.860494E0	
7.854167E0	2.005000E3	-8.506547E0	1.845475E0	
7.858333E0	2.006000E3	-8.482080E0	1.842956E0	
7.862500E0	2.007000E3	-8.446631E0	1.818396E0	
7.866667E0	2.008000E3	-8.433842E0	1.818092E0	
7.870833E0	2.009000E3	-8.405989E0	1.791219E0	
7.875000E0	2.010000E3	-8.384019E0	1.781300E0	
7.879167E0	2.011000E3	-8.352276E0	1.750556E0	
7.883333E0	2.012000E3	-8.332241E0	1.753680E0	
7.887500E0	2.013000E3	-8.316492E0	1.751930E0	
7.891667E0	2.014000E3	-8.292283E0	1.739386E0	
7.895833E0	2.015000E3	-8.283115E0	1.727849E0	
7.900000E0	2.016000E3	-8.252924E0	1.732627E0	
7.904167E0	2.017000E3	-8.248151E0	1.730934E0	
7.908333E0	2.018000E3	-8.235907E0	1.717653E0	
7.912500E0	2.019000E3	-8.223489E0	1.711075E0	
7.916667E0	2.020000E3	-8.235561E0	1.718557E0	
7.920833E0	2.021000E3	-8.226478E0	1.717384E0	
7.925000E0	2.022000E3	-8.208808E0	1.710396E0	
7.929167E0	2.023000E3	-8.197963E0	1.707936E0	
7.933333E0	2.024000E3	-8.196882E0	1.703062E0	
7.937500E0	2.025000E3	-8.177764E0	1.697480E0	
7.941667E0	2.026000E3	-8.163542E0	1.692966E0	
7.945833E0	2.027000E3	-8.158939E0	1.676750E0	
7.950000E0	2.028000E3	-8.143468E0	1.676240E0	
7.954167E0	2.029000E3	-8.112269E0	1.666256E0	
7.958333E0	2.030000E3	-8.080962E0	1.664449E0	
7.962500E0	2.031000E3	-8.067682E0	1.647887E0	
7.966667E0	2.032000E3	-8.049246E0	1.639284E0	
7.970833E0	2.033000E3	-8.007854E0	1.623302E0	
7.975000E0	2.034000E3	-7.988200E0	1.611912E0	
7.979167E0	2.035000E3	-7.968199E0	1.602532E0	
7.983333E0	2.036000E3	-7.938449E0	1.590210E0	
7.987500E0	2.037000E3	-7.906612E0	1.563972E0	
7.991667E0	2.038000E3	-7.899873E0	1.559249E0	
7.995833E0	2.039000E3	-7.856571E0	1.552375E0	
8.000000E0	2.040000E3	-7.841043E0	1.551440E0	
8.004167E0	2.041000E3	-7.830971E0	1.542042E0	
8.008333E0	2.042000E3	-7.815869E0	1.525707E0	
8.012500E0	2.043000E3	-7.799354E0	1.531106E0	
8.016667E0	2.044000E3	-7.799679E0	1.518964E0	
8.020833E0	2.045000E3	-7.777996E0	1.504450E0	
8.025000E0	2.046000E3	-7.777490E0	1.508347E0	
8.029167E0	2.047000E3	-7.770917E0	1.497697E0	
8.033333E0	2.048000E3	-7.755600E0	1.509830E0	
8.037500E0	2.049000E3	-7.750695E0	1.499494E0	
8.041667E0	2.050000E3	-7.751785E0	1.484762E0	
8.045833E0	2.051000E3	-7.751485E0	1.488272E0	
8.050000E0	2.052000E3	-7.724020E0	1.485014E0	
8.054167E0	2.053000E3	-7.712569E0	1.479911E0	
8.058333E0	2.054000E3	-7.692735E0	1.471493E0	
8.062500E0	2.055000E3	-7.676573E0	1.459899E0	
8.066667E0	2.056000E3	-7.659591E0	1.452931E0	
8.070833E0	2.057000E3	-7.634345E0	1.431763E0	
8.075000E0	2.058000E3	-7.615876E0	1.421312E0	
8.079167E0	2.059000E3	-7.585964E0	1.396237E0	
8.083333E0	2.060000E3	-7.566667E0	1.392577E0	
8.087500E0	2.061000E3	-7.540838E0	1.372677E0	
8.091667E0	2.062000E3	-7.508017E0	1.364541E0	
8.095833E0	2.063000E3	-7.486807E0	1.349600E0	
8.100000E0	2.064000E3	-7.470503E0	1.325029E0	
8.104167E0	2.065000E3	-7.445041E0	1.329098E0	
8.108333E0	2.066000E3	-7.428561E0	1.310643E0	
8.112500E0	2.067000E3	-7.406814E0	1.288825E0	
8.116667E0	2.068000E3	-7.404439E0	1.282754E0	
8.120833E0	2.069000E3	-7.381291E0	1.274341E0	
8.125000E0	2.070000E3	-7.365887E0	1.264623E0	
8.129167E0	2.071000E3	-7.359729E0	1.265391E0	
8.133333E0	2.072000E3	-7.351566E0	1.257632E0	
8.137500E0	2.073000E3	-7.353680E0	1.245032E0	
8.141667E0	2.074000E3	-7.350350E0	1.238794E0	
8.145833E0	2.075000E3	-7.342331E0	1.240689E0	
8.150000E0	2.076000E3	-7.322860E0	1.233206E0	
8.154167E0	2.077000E3	-7.314432E0	1.239564E0	
8.158333E0	2.078000E3	-7.311918E0	1.236356E0	
8.162500E0	2.079000E3	-7.293236E0	1.213934E0	
8.166667E0	2.080000E3	-7.287488E0	1.209767E0	
8.170833E0	2.081000E3	-7.262360E0	1.212783E0	
8.175000E0	2.082000E3	-7.255112E0	1.200150E0	
8.179167E0	2.083000E3	-7.225211E0	1.185165E0	
8.183333E0	2.084000E3	-7.206478E0	1.152594E0	
8.187500E0	2.085000E3	-7.180572E0	1.148257E0	
8.191667E0	2.086000E3	-7.152317E0	1.140003E0	
8.195833E0	2.087000E3	-7.128579E0	1.131538E0	
8.200000E0	2.088000E3	-7.096874E0	1.098150E0	
8.204167E0	2.089000E3	-7.077595E0	1.085897E0	
8.208333E0	2.090000E3	-7.043025E0	1.071954E0	
8.212500E0	2.091000E3	-7.031489E0	1.056201E0	
8.216667E0	2.092000E3	-7.002957E0	1.045122E0	
8.220833E0	2.093000E3	-6.990175E0	1.051859E0	
8.225000E0	2.094000E3	-6.972353E0	1.029566E0	
8.229167E0	2.095000E3	-6.961452E0	1.019325E0	
8.233333E0	2.096000E3	-6.940980E0	1.016898E0	
8.237500E0	2.097000E3	-6.934822E0	1.009901E0	
8.241667E0	2.098000E3	-6.914633E0	1.027007E0	
8.245833E0	2.099000E3	-6.911774E0	1.006486E0	
8.250000E0	2.100000E3	-6.903827E0	9.972235E-1	
8.254167E0	2.101000E3	-6.914966E0	9.972240E-1	
8.258333E0	2.102000E3	-6.889436E0	9.969997E-1	
8.262500E0	2.103000E3	-6.883564E0	9.913830E-1	
8.266667E0	2.104000E3	-6.893626E0	9.735659E-1	
8.270833E0	2.105000E3	-6.872964E0	9.733255E-1	
8.275000E0	2.106000E3	-6.865027E0	9.708609E-1	
8.279167E0	2.107000E3	-6.846152E0	9.506512E-1	
8.283333E0	2.108000E3	-6.817655E0	9.510019E-1	
8.287500E0	2.109000E3	-6.800519E0	9.243743E-1	
8.291667E0	2.110000E3	-6.785696E0	9.259500E-1	
8.295833E0	2.111000E3	-6.765537E0	9.060885E-1	
8.300000E0	2.112000E3	-6.736983E0	8.952417E-1	
8.304167E0	2.113000E3	-6.706594E0	8.692045E-1	
8.308333E0	2.114000E3	-6.689483E0	8.662760E-1	
8.312500E0	2.115000E3	-6.668200E0	8.594232E-1	
8.316667E0	2.116000E3	-6.636811E0	8.407400E-1	
8.320833E0	2.117000E3	-6.622911E0	8.239949E-1	
8.325000E0	2.118000E3	-6.592190E0	8.137533E-1	
8.329167E0	2.119000E3	-6.567345E0	8.002510E-1	
8.333333E0	2.120000E3	-6.556384E0	7.851344E-1	
8.337500E0	2.121000E3	-6.543615E0	7.780199E-1	
8.341667E0	2.122000E3	-6.518037E0	7.628550E-1	
8.345833E0	2.123000E3	-6.513031E0	7.619722E-1	
8.350000E0	2.124000E3	-6.504813E0	7.550193E-1	
8.354167E0	2.125000E3	-6.488683E0	7.514249E-1	
8.358333E0	2.126000E3	-6.489746E0	7.428190E-1	
8.362500E0	2.127000E3	-6.471512E0	7.432609E-1	
8.366667E0	2.128000E3	-6.485478E0	7.350037E-1	
8.370833E0	2.129000E3	-6.468473E0	7.322936E-1	
8.375000E0	2.130000E3	-6.457027E0	7.195822E-1	
8.379167E0	2.131000E3	-6.448344E0	7.116154E-1	
8.383333E0	2.132000E3	-6.426413E0	7.238407E-1	
8.387500E0	2.133000E3	-6.425145E0	7.092881E-1	
8.391667E0	2.134000E3	-6.406193E0	7.000143E-1	
8.395833E0	2.135000E3	-6.387574E0	6.854651E-1	
8.400000E0	2.136000E3	-6.375706E0	6.820324E-1	
8.404167E0	2.137000E3	-6.342743E0	6.628340E-1	
8.408333E0	2.138000E3	-6.322602E0	6.579302E-1	
8.412500E0	2.139000E3	-6.306696E0	6.320645E-1	
8.416667E0	2.140000E3	-6.280391E0	6.223707E-1	
8.420833E0	2.141000E3	-6.255457E0	6.190070E-1	
8.425000E0	2.142000E3	-6.227196E0	5.954410E-1	
8.429167E0	2.143000E3	-6.192060E0	5.581091E-1	
8.433333E0	2.144000E3	-6.175198E0	5.483834E-1	
8.437500E0	2.145000E3	-6.165619E0	5.301472E-1	
8.441667E0	2.146000E3	-6.138209E0	5.364202E-1	
8.445833E0	2.147000E3	-6.123626E0	5.143705E-1	
8.450000E0	2.148000E3	-6.113633E0	5.012976E-1	
8.454167E0	2.149000E3	-6.094936E0	5.044936E-1	
8.458333E0	2.150000E3	-6.083477E0	4.906638E-1	
8.462500E0	2.151000E3	-6.086361E0	4.841738E-1	
8.466667E0	2.152000E3	-6.056250E0	4.790379E-1	
8.470833E0	2.153000E3	-6.071642E0	4.666034E-1	
8.475000E0	2.154000E3	-6.063789E0	4.713638E-1	
8.479167E0	2.155000E3	-6.060245E0	4.669283E-1	
8.483333E0	2.156000E3	-6.044196E0	4.524403E-1	
8.487500E0	2.157000E3	-6.039668E0	4.545625E-1	
8.491667E0	2.158000E3	-6.031471E0	4.439304E-1	
8.495833E0	2.159000E3	-6.025462E0	4.380272E-1	
8.500000E0	2.160000E3	-6.007793E0	4.176821E-1	
8.504167E0	2.161000E3	-5.986620E0	4.246154E-1	
8.508333E0	2.162000E3	-5.973797E0	4.061090E-1	
8.512500E0	2.163000E3	-5.965755E0	3.889404E-1	
8.516667E0	2.164000E3	-5.930540E0	3.825650E-1	
8.520833E0	2.165000E3	-5.916798E0	3.639747E-1	
8.525000E0	2.166000E3	-5.873517E0	3.567087E-1	
8.529167E0	2.167000E3	-5.859808E0	3.387978E-1	
8.533333E0	2.168000E3	-5.840406E0	3.089571E-1	
8.537500E0	2.169000E3	-5.820332E0	2.916448E-1	
8.541667E0	2.170000E3	-5.782999E0	2.785013E-1	
8.545833E0	2.171000E3	-5.768559E0	2.555075E-1	
8.550000E0	2.172000E3	-5.749020E0	2.426333E-1	
8.554167E0	2.173000E3	-5.739245E0	2.314046E-1	
8.558333E0	2.174000E3	-5.704383E0	2.147127E-1	
8.562500E0	2.175000E3	-5.707297E0	2.036285E-1	
8.566667E0	2.176000E3	-5.687065E0	2.119006E-1	
8.570833E0	2.177000E3	-5.688652E0	1.811280E-1	
8.575000E0	2.178000E3	-5.671091E0	1.883149E-1	
8.579167E0	2.179000E3	-5.667275E0	1.860587E-1	
8.583333E0	2.180000E3	-5.642020E0	1.881345E-1	
8.587500E0	2.181000E3	-5.656851E0	1.749494E-1	
8.591667E0	2.182000E3	-5.637555E0	1.669056E-1	
8.595833E0	2.183000E3	-5.624552E0	1.632078E-1	
8.600000E0	2.184000E3	-5.621969E0	1.687386E-1	
8.604167E0	2.185000E3	-5.617238E0	1.621911E-1	
8.608333E0	2.186000E3	-5.594463E0	1.493028E-1	
8.612500E0	2.187000E3	-5.582528E0	1.408416E-1	
8.616667E0	2.188000E3	-5.570265E0	1.476345E-1	
8.620833E0	2.189000E3	-5.560903E0	1.247356E-1	
8.625000E0	2.190000E3	-5.523731E0	1.104239E-1	
8.629167E0	2.191000E3	-5.505211E0	9.588462E-2	
8.633333E0	2.192000E3	-5.469218E0	8.940803E-2	
8.637500E0	2.193000E3	-5.456653E0	6.791949E-2	
8.641667E0	2.194000E3	-5.419452E0	4.361447E-2	
8.645833E0	2.195000E3	-5.406965E0	2.596358E-2	
8.650000E0	2.196000E3	-5.384876E0	1.284686E-2	
8.654167E0	2.197000E3	-5.359047E0	-3.356385E-3	
8.658333E0	2.198000E3	-5.337953E0	-1.516789E-2	
8.662500E0	2.199000E3	-5.320284E0	-3.766218E-2	
8.666667E0	2.200000E3	-5.308815E0	-3.957994E-2	
8.670833E0	2.201000E3	-5.287343E0	-4.995561E-2	
8.675000E0	2.202000E3	-5.265517E0	-6.214174E-2	
8.679167E0	2.203000E3	-5.273793E0	-6.765231E-2	
8.683333E0	2.204000E3	-5.256470E0	-6.800987E-2	
8.687500E0	2.205000E3	-5.241641E0	-8.195929E-2	
8.691667E0	2.206000E3	-5.231197E0	-8.153650E-2	
8.695833E0	2.207000E3	-5.225500E0	-7.710139E-2	
8.700000E0	2.208000E3	-5.210150E0	-8.738057E-2	
8.704167E0	2.209000E3	-5.206885E0	-9.318766E-2	
8.708333E0	2.210000E3	-5.209254E0	-8.619624E-2	
8.712500E0	2.211000E3	-5.199013E0	-1.106228E-1	
8.716667E0	2.212000E3	-5.188538E0	-1.203740E-1	
8.720833E0	2.213000E3	-5.184669E0	-1.159563E-1	
8.725000E0	2.214000E3	-5.158605E0	-1.229415E-1	
8.729167E0	2.215000E3	-5.144377E0	-1.350050E-1	
8.733333E0	2.216000E3	-5.138186E0	-1.511747E-1	
8.737500E0	2.217000E3	-5.110072E0	-1.630011E-1	
8.741667E0	2.218000E3	-5.089839E0	-1.729011E-1	
8.745833E0	2.219000E3	-5.055397E0	-1.987496E-1	
8.750000E0	2.220000E3	-5.031732E0	-2.240468E-1	
8.754167E0	2.221000E3	-4.998488E0	-2.292480E-1	
8.758333E0	2.222000E3	-4.981097E0	-2.470182E-1	
8.762500E0	2.223000E3	-4.961018E0	-2.581738E-1	
8.766667E0	2.224000E3	-4.938573E0	-2.781094E-1	
8.770833E0	2.225000E3	-4.913119E0	-2.947111E-1	
8.775000E0	2.226000E3	-4.890751E0	-3.042078E-1	
8.779167E0	2.227000E3	-4.887513E0	-3.192235E-1	
8.783333E0	2.228000E3	-4.858451E0	-3.289490E-1	
8.787500E0	2.229000E3	-4.844326E0	-3.368846E-1	
8.791667E0	2.230000E3	-4.841181E0	-3.414518E-1	
8.795833E0	2.231000E3	-4.833664E0	-3.453006E-1	
8.800000E0	2.232000E3	-4.830784E0	-3.571362E-1	
8.804167E0	2.233000E3	-4.824355E0	-3.569839E-1	
8.808333E0	2.234000E3	-4.816734E0	-3.662267E-1	
8.812500E0	2.235000E3	-4.804512E0	-3.715899E-1	
8.816667E0	2.236000E3	-4.790671E0	-3.814849E-1	
8.820833E0	2.237000E3	-4.791022E0	-3.735097E-1	
8.825000E0	2.238000E3	-4.788272E0	-3.993467E-1	
8.829167E0	2.239000E3	-4.765656E0	-3.914858E-1	
8.833333E0	2.240000E3	-4.762069E0	-4.090846E-1	
8.837500E0	2.241000E3	-4.745045E0	-4.107509E-1	
8.841667E0	2.242000E3	-4.724183E0	-4.319792E-1	
8.845833E0	2.243000E3	-4.713364E0	-4.450794E-1	
8.850000E0	2.244000E3	-4.699058E0	-4.656822E-1	
8.854167E0	2.245000E3	-4.668724E0	-4.851925E-1	
8.858333E0	2.246000E3	-4.644220E0	-4.878126E-1	
8.862500E0	2.247000E3	-4.634293E0	-5.126015E-1	
8.866667E0	2.248000E3	-4.602210E0	-5.320720E-1	
8.870833E0	2.249000E3	-4.577217E0	-5.622619E-1	
8.875000E0	2.250000E3	-4.556201E0	-5.703447E-1	
8.879167E0	2.251000E3	-4.519538E0	-5.957023E-1	
8.883333E0	2.252000E3	-4.517999E0	-6.095540E-1	
8.887500E0	2.253000E3	-4.500526E0	-6.101731E-1	
8.891667E0	2.254000E3	-4.484449E0	-6.262104E-1	
8.895833E0	2.255000E3	-4.467361E0	-6.404220E-1	
8.900000E0	2.256000E3	-4.442021E0	-6.425865E-1	
8.904167E0	2.257000E3	-4.430766E0	-6.472239E-1	
8.908333E0	2.258000E3	-4.436613E0	-6.583760E-1	
8.912500E0	2.259000E3	-4.421270E0	-6.573535E-1	
8.916667E0	2.260000E3	-4.438851E0	-6.695331E-1	
8.920833E0	2.261000E3	-4.416432E0	-6.550498E-1	
8.925000E0	2.262000E3	-4.409346E0	-6.689831E-1	
8.929167E0	2.263000E3	-4.400767E0	-6.714877E-1	
8.933333E0	2.264000E3	-4.393979E0	-6.901153E-1	
8.937500E0	2.265000E3	-4.370988E0	-6.927029E-1	
8.941667E0	2.266000E3	-4.362297E0	-7.012169E-1	
8.945833E0	2.267000E3	-4.352233E0	-7.126429E-1	
8.950000E0	2.268000E3	-4.337752E0	-7.177569E-1	
8.954167E0	2.269000E3	-4.324229E0	-7.341113E-1	
8.958333E0	2.270000E3	-4.296056E0	-7.423071E-1	
8.962500E0	2.271000E3	-4.267916E0	-7.490889E-1	
8.966667E0	2.272000E3	-4.248524E0	-7.612861E-1	
8.970833E0	2.273000E3	-4.235255E0	-7.852782E-1	
8.975000E0	2.274000E3	-4.192034E0	-7.856009E-1	
8.979167E0	2.275000E3	-4.173422E0	-8.063041E-1	
8.983333E0	2.276000E3	-4.149307E0	-8.276313E-1	
8.987500E0	2.277000E3	-4.125989E0	-8.346986E-1	
8.991667E0	2.278000E3	-4.098471E0	-8.614427E-1	
8.995833E0	2.279000E3	-4.073447E0	-8.669262E-1	
9.000000E0	2.280000E3	-4.047445E0	-8.660618E-1	
9.004167E0	2.281000E3	-4.039918E0	-8.738219E-1	
9.008333E0	2.282000E3	-4.031778E0	-8.899984E-1	
9.012500E0	2.283000E3	-4.016441E0	-8.989688E-1	
9.016667E0	2.284000E3	-4.011188E0	-9.147539E-1	
9.020833E0	2.285000E3	-4.001469E0	-9.063486E-1	
9.025000E0	2.286000E3	-4.000191E0	-9.228235E-1	
9.029167E0	2.287000E3	-3.984133E0	-9.110089E-1	
9.033333E0	2.288000E3	-3.972174E0	-9.182941E-1	
9.037500E0	2.289000E3	-3.978220E0	-9.288333E-1	
9.041667E0	2.290000E3	-3.956020E0	-9.342155E-1	
9.045833E0	2.291000E3	-3.946452E0	-9.310660E-1	
9.050000E0	2.292000E3	-3.946806E0	-9.410697E-1	
9.054167E0	2.293000E3	-3.925278E0	-9.528578E-1	
9.058333E0	2.294000E3	-3.924336E0	-9.520281E-1	
9.062500E0	2.295000E3	-3.911873E0	-9.700348E-1	
9.066667E0	2.296000E3	-3.877232E0	-9.916696E-1	
9.070833E0	2.297000E3	-3.861023E0	-1.001163E0	
9.075000E0	2.298000E3	-3.840587E0	-1.019105E0	
9.079167E0	2.299000E3	-3.822724E0	-1.039764E0	
9.083333E0	2.300000E3	-3.791432E0	-1.055107E0	
9.087500E0	2.301000E3	-3.777309E0	-1.076674E0	
9.091667E0	2.302000E3	-3.756445E0	-1.105550E0	
9.095833E0	2.303000E3	-3.723122E0	-1.106287E0	
9.100000E0	2.304000E3	-3.703317E0	-1.114839E0	
9.104167E0	2.305000E3	-3.680736E0	-1.140874E0	
9.108333E0	2.306000E3	-3.675213E0	-1.156754E0	
9.112500E0	2.307000E3	-3.645342E0	-1.161159E0	
9.116667E0	2.308000E3	-3.629918E0	-1.175017E0	
9.120833E0	2.309000E3	-3.623198E0	-1.186979E0	
9.125000E0	2.310000E3	-3.612801E0	-1.194563E0	
9.129167E0	2.311000E3	-3.598043E0	-1.196777E0	
9.133333E0	2.312000E3	-3.590809E0	-1.206454E0	
9.137500E0	2.313000E3	-3.584432E0	-1.218626E0	
9.141667E0	2.314000E3	-3.585860E0	-1.215968E0	
9.145833E0	2.315000E3	-3.579848E0	-1.228725E0	
9.150000E0	2.316000E3	-3.562875E0	-1.221913E0	
9.154167E0	2.317000E3	-3.562116E0	-1.234004E0	
9.158333E0	2.318000E3	-3.554513E0	-1.235316E0	
9.162500E0	2.319000E3	-3.538893E0	-1.244489E0	
9.166667E0	2.320000E3	-3.518761E0	-1.257323E0	
9.170833E0	2.321000E3	-3.512953E0	-1.268026E0	
9.175000E0	2.322000E3	-3.500707E0	-1.271620E0	
9.179167E0	2.323000E3	-3.479817E0	-1.297566E0	
9.183333E0	2.324000E3	-3.454370E0	-1.310902E0	
9.187500E0	2.325000E3	-3.427751E0	-1.323798E0	
9.191667E0	2.326000E3	-3.399014E0	-1.342136E0	
9.195833E0	2.327000E3	-3.388271E0	-1.357817E0	
9.200000E0	2.328000E3	-3.357101E0	-1.385177E0	
9.204167E0	2.329000E3	-3.344834E0	-1.395959E0	
9.208333E0	2.330000E3	-3.309519E0	-1.418952E0	
9.212500E0	2.331000E3	-3.295769E0	-1.427498E0	
9.216667E0	2.332000E3	-3.269256E0	-1.441397E0	
9.220833E0	2.333000E3	-3.255456E0	-1.465394E0	
9.225000E0	2.334000E3	-3.246729E0	-1.475585E0	
9.229167E0	2.335000E3	-3.230648E0	-1.497217E0	
9.233333E0	2.336000E3	-3.218679E0	-1.506257E0	
9.237500E0	2.337000E3	-3.211093E0	-1.500058E0	
9.241667E0	2.338000E3	-3.208071E0	-1.517672E0	
9.245833E0	2.339000E3	-3.200746E0	-1.515686E0	
9.250000E0	2.340000E3	-3.187398E0	-1.522728E0	
9.254167E0	2.341000E3	-3.192648E0	-1.507789E0	
9.258333E0	2.342000E3	-3.184886E0	-1.530274E0	
9.262500E0	2.343000E3	-3.171140E0	-1.532418E0	
9.266667E0	2.344000E3	-3.169029E0	-1.534885E0	
9.270833E0	2.345000E3	-3.161014E0	-1.546164E0	
9.275000E0	2.346000E3	-3.126368E0	-1.553791E0	
9.279167E0	2.347000E3	-3.143312E0	-1.561733E0	
9.283333E0	2.348000E3	-3.119811E0	-1.582172E0	
9.287500E0	2.349000E3	-3.099595E0	-1.588065E0	
9.291667E0	2.350000E3	-3.069991E0	-1.607713E0	
9.295833E0	2.351000E3	-3.056321E0	-1.610582E0	
9.300000E0	2.352000E3	-3.033379E0	-1.639427E0	
9.304167E0	2.353000E3	-3.006794E0	-1.656935E0	
9.308333E0	2.354000E3	-2.984362E0	-1.679972E0	
9.312500E0	2.355000E3	-2.969245E0	-1.698796E0	
9.316667E0	2.356000E3	-2.934437E0	-1.707449E0	
9.320833E0	2.357000E3	-2.922706E0	-1.725492E0	
9.325000E0	2.358000E3	-2.903370E0	-1.739084E0	
9.329167E0	2.359000E3	-2.876483E0	-1.762060E0	
9.333333E0	2.360000E3	-2.853963E0	-1.769304E0	
9.337500E0	2.361000E3	-2.834033E0	-1.786784E0	
9.341667E0	2.362000E3	-2.827549E0	-1.796282E0	
9.345833E0	2.363000E3	-2.822298E0	-1.796269E0	
9.350000E0	2.364000E3	-2.818450E0	-1.802207E0	
9.354167E0	2.365000E3	-2.802689E0	-1.804553E0	
9.358333E0	2.366000E3	-2.795934E0	-1.816358E0	
9.362500E0	2.367000E3	-2.785139E0	-1.820720E0	
9.366667E0	2.368000E3	-2.781547E0	-1.842079E0	
9.370833E0	2.369000E3	-2.777017E0	-1.831382E0	
9.375000E0	2.370000E3	-2.765480E0	-1.849749E0	
9.379167E0	2.371000E3	-2.773156E0	-1.845414E0	
9.383333E0	2.372000E3	-2.751741E0	-1.863946E0	
9.387500E0	2.373000E3	-2.748206E0	-1.856646E0	
9.391667E0	2.374000E3	-2.737077E0	-1.873212E0	
9.395833E0	2.375000E3	-2.718658E0	-1.884022E0	
9.400000E0	2.376000E3	-2.689715E0	-1.904827E0	
9.404167E0	2.377000E3	-2.668027E0	-1.914334E0	
9.408333E0	2.378000E3	-2.646370E0	-1.944830E0	
9.412500E0	2.379000E3	-2.626184E0	-1.948328E0	
9.416667E0	2.380000E3	-2.606123E0	-1.963432E0	
9.420833E0	2.381000E3	-2.577972E0	-1.983695E0	
9.425000E0	2.382000E3	-2.555583E0	-1.995053E0	
9.429167E0	2.383000E3	-2.533424E0	-2.023751E0	
9.433333E0	2.384000E3	-2.511362E0	-2.048015E0	
9.437500E0	2.385000E3	-2.492142E0	-2.045874E0	
9.441667E0	2.386000E3	-2.473609E0	-2.074792E0	
9.445833E0	2.387000E3	-2.464014E0	-2.081508E0	
9.450000E0	2.388000E3	-2.442217E0	-2.092475E0	
9.454167E0	2.389000E3	-2.422802E0	-2.116503E0	
9.458333E0	2.390000E3	-2.421930E0	-2.109650E0	
9.462500E0	2.391000E3	-2.417335E0	-2.118590E0	
9.466667E0	2.392000E3	-2.417382E0	-2.127131E0	
9.470833E0	2.393000E3	-2.399036E0	-2.123823E0	
9.475000E0	2.394000E3	-2.392692E0	-2.135720E0	
9.479167E0	2.395000E3	-2.393358E0	-2.149994E0	
9.483333E0	2.396000E3	-2.377773E0	-2.135087E0	
9.487500E0	2.397000E3	-2.369483E0	-2.159467E0	
9.491667E0	2.398000E3	-2.374122E0	-2.154533E0	
9.495833E0	2.399000E3	-2.357655E0	-2.180432E0	
9.500000E0	2.400000E3	-2.340087E0	-2.175854E0	
9.504167E0	2.401000E3	-2.334447E0	-2.185038E0	
9.508333E0	2.402000E3	-2.324273E0	-2.203355E0	
9.512500E0	2.403000E3	-2.306241E0	-2.236717E0	
9.516667E0	2.404000E3	-2.289321E0	-2.242020E0	
9.520833E0	2.405000E3	-2.263306E0	-2.266676E0	
9.525000E0	2.406000E3	-2.239043E0	-2.280595E0	
9.529167E0	2.407000E3	-2.218288E0	-2.296074E0	
9.533333E0	2.408000E3	-2.192969E0	-2.325619E0	
9.537500E0	2.409000E3	-2.186946E0	-2.351092E0	
9.541667E0	2.410000E3	-2.159036E0	-2.368745E0	
9.545833E0	2.411000E3	-2.132731E0	-2.385500E0	
9.550000E0	2.412000E3	-2.142525E0	-2.398715E0	
9.554167E0	2.413000E3	-2.112297E0	-2.426321E0	
9.558333E0	2.414000E3	-2.099921E0	-2.441581E0	
9.562500E0	2.415000E3	-2.081809E0	-2.448847E0	
9.566667E0	2.416000E3	-2.080268E0	-2.462413E0	
9.570833E0	2.417000E3	-2.060557E0	-2.476693E0	
9.575000E0	2.418000E3	-2.059802E0	-2.463040E0	
9.579167E0	2.419000E3	-2.053822E0	-2.484400E0	
9.583333E0	2.420000E3	-2.043437E0	-2.487235E0	
9.587500E0	2.421000E3	-2.049545E0	-2.500799E0	
9.591667E0	2.422000E3	-2.043454E0	-2.492725E0	
9.595833E0	2.423000E3	-2.018701E0	-2.505498E0	
9.600000E0	2.424000E3	-2.024242E0	-2.496071E0	
9.604167E0	2.425000E3	-2.008107E0	-2.513661E0	
9.608333E0	2.426000E3	-1.994682E0	-2.532765E0	
9.612500E0	2.427000E3	-2.001799E0	-2.542661E0	
9.616667E0	2.428000E3	-1.986817E0	-2.549643E0	
9.620833E0	2.429000E3	-1.946489E0	-2.564132E0	
9.625000E0	2.430000E3	-1.929272E0	-2.575397E0	
9.629167E0	2.431000E3	-1.927303E0	-2.595690E0	
9.633333E0	2.432000E3	-1.903348E0	-2.621801E0	
9.637500E0	2.433000E3	-1.874075E0	-2.643096E0	
9.641667E0	2.434000E3	-1.851041E0	-2.656185E0	
9.645833E0	2.435000E3	-1.848908E0	-2.692586E0	
9.650000E0	2.436000E3	-1.816895E0	-2.707497E0	
9.654167E0	2.437000E3	-1.799317E0	-2.738003E0	
9.658333E0	2.438000E3	-1.781215E0	-2.737384E0	
9.662500E0	2.439000E3	-1.763540E0	-2.761831E0	
9.666667E0	2.440000E3	-1.756553E0	-2.794190E0	
9.670833E0	2.441000E3	-1.747911E0	-2.801626E0	
9.675000E0	2.442000E3	-1.741744E0	-2.808759E0	
9.679167E0	2.443000E3	-1.731179E0	-2.824172E0	
9.683333E0	2.444000E3	-1.723230E0	-2.827818E0	
9.687500E0	2.445000E3	-1.713277E0	-2.840646E0	
9.691667E0	2.446000E3	-1.716148E0	-2.839890E0	
9.695833E0	2.447000E3	-1.717856E0	-2.848362E0	
9.700000E0	2.448000E3	-1.712369E0	-2.865471E0	
9.704167E0	2.449000E3	-1.708474E0	-2.868782E0	
9.708333E0	2.450000E3	-1.697709E0	-2.872636E0	
9.712500E0	2.451000E3	-1.687949E0	-2.895148E0	
9.716667E0	2.452000E3	-1.683511E0	-2.895213E0	
9.720833E0	2.453000E3	-1.674880E0	-2.914138E0	
9.725000E0	2.454000E3	-1.664056E0	-2.925119E0	
9.729167E0	2.455000E3	-1.643392E0	-2.938056E0	
9.733333E0	2.456000E3	-1.630913E0	-2.945006E0	
9.737500E0	2.457000E3	-1.626500E0	-2.975079E0	
9.741667E0	2.458000E3	-1.608962E0	-2.993712E0	
9.745833E0	2.459000E3	-1.588506E0	-3.016556E0	
9.750000E0	2.460000E3	-1.559949E0	-3.050394E0	
9.754167E0	2.461000E3	-1.551249E0	-3.062198E0	
9.758333E0	2.462000E3	-1.532550E0	-3.091664E0	
9.762500E0	2.463000E3	-1.506131E0	-3.112625E0	
9.766667E0	2.464000E3	-1.489549E0	-3.135362E0	
9.770833E0	2.465000E3	-1.477576E0	-3.161235E0	
9.775000E0	2.466000E3	-1.458814E0	-3.173797E0	
9.779167E0	2.467000E3	-1.457983E0	-3.175897E0	
9.783333E0	2.468000E3	-1.436634E0	-3.198038E0	
9.787500E0	2.469000E3	-1.435946E0	-3.219129E0	
9.791667E0	2.470000E3	-1.418056E0	-3.221431E0	
9.795833E0	2.471000E3	-1.408275E0	-3.233767E0	
9.800000E0	2.472000E3	-1.417598E0	-3.242641E0	
9.804167E0	2.473000E3	-1.399525E0	-3.236129E0	
9.808333E0	2.474000E3	-1.394761E0	-3.253416E0	
9.812500E0	2.475000E3	-1.402543E0	-3.266570E0	
9.816667E0	2.476000E3	-1.387783E0	-3.274079E0	
9.820833E0	2.477000E3	-1.387713E0	-3.276432E0	
9.825000E0	2.478000E3	-1.383672E0	-3.283839E0	
9.829167E0	2.479000E3	-1.359559E0	-3.300185E0	
9.833333E0	2.480000E3	-1.351359E0	-3.305774E0	
9.837500E0	2.481000E3	-1.343457E0	-3.316492E0	
9.841667E0	2.482000E3	-1.344294E0	-3.332907E0	
9.845833E0	2.483000E3	-1.322939E0	-3.347404E0	
9.850000E0	2.484000E3	-1.286190E0	-3.368053E0	
9.854167E0	2.485000E3	-1.287712E0	-3.396244E0	
9.858333E0	2.486000E3	-1.260201E0	-3.407741E0	
9.862500E0	2.487000E3	-1.254808E0	-3.430998E0	
9.866667E0	2.488000E3	-1.214110E0	-3.464485E0	
9.870833E0	2.489000E3	-1.206315E0	-3.491460E0	
9.875000E0	2.490000E3	-1.206416E0	-3.506060E0	
9.879167E0	2.491000E3	-1.177986E0	-3.537809E0	
9.883333E0	2.492000E3	-1.169698E0	-3.554429E0	
9.887500E0	2.493000E3	-1.153728E0	-3.573586E0	
9.891667E0	2.494000E3	-1.147892E0	-3.591792E0	
9.895833E0	2.495000E3	-1.125819E0	-3.606525E0	
9.900000E0	2.496000E3	-1.121243E0	-3.613918E0	
9.904167E0	2.497000E3	-1.117141E0	-3.623770E0	
9.908333E0	2.498000E3	-1.107594E0	-3.631401E0	
9.912500E0	2.499000E3	-1.113824E0	-3.639717E0	
9.916667E0	2.500000E3	-1.102489E0	-3.644195E0	
9.920833E0	2.501000E3	-1.094374E0	-3.644514E0	
9.925000E0	2.502000E3	-1.085479E0	-3.652766E0	
9.929167E0	2.503000E3	-1.090053E0	-3.662725E0	
9.933333E0	2.504000E3	-1.078303E0	-3.665980E0	
9.937500E0	2.505000E3	-1.071893E0	-3.680263E0	
9.941667E0	2.506000E3	-1.071490E0	-3.700168E0	
9.945833E0	2.507000E3	-1.054008E0	-3.705168E0	
9.950000E0	2.508000E3	-1.041558E0	-3.719599E0	
9.954167E0	2.509000E3	-1.021859E0	-3.730397E0	
9.958333E0	2.510000E3	-1.009361E0	-3.758097E0	
9.962500E0	2.511000E3	-9.940198E-1	-3.778437E0	
9.966667E0	2.512000E3	-9.854093E-1	-3.798300E0	
9.970833E0	2.513000E3	-9.568772E-1	-3.826945E0	
9.975000E0	2.514000E3	-9.361236E-1	-3.846558E0	
9.979167E0	2.515000E3	-9.201912E-1	-3.868235E0	
9.983333E0	2.516000E3	-9.101132E-1	-3.880305E0	
9.987500E0	2.517000E3	-8.853738E-1	-3.914712E0	
9.991667E0	2.518000E3	-8.704873E-1	-3.921739E0	
9.995833E0	2.519000E3	-8.549570E-1	-3.954617E0	
1.000000E1	2.520000E3	-8.295452E-1	-3.974794E0	
1.000417E1	2.521000E3	-8.272395E-1	-3.984272E0	
1.000833E1	2.522000E3	-8.216718E-1	-3.998685E0	
1.001250E1	2.523000E3	-8.072954E-1	-4.004841E0	
1.001667E1	2.524000E3	-8.003402E-1	-4.016081E0	
1.002083E1	2.525000E3	-7.961290E-1	-4.023347E0	
1.002500E1	2.526000E3	-7.975560E-1	-4.035423E0	
1.002917E1	2.527000E3	-7.915279E-1	-4.030944E0	
1.003333E1	2.528000E3	-7.823181E-1	-4.045977E0	
1.003750E1	2.529000E3	-7.861538E-1	-4.057607E0	
1.004167E1	2.530000E3	-7.778296E-1	-4.057464E0	
1.004583E1	2.531000E3	-7.729455E-1	-4.063457E0	
1.005000E1	2.532000E3	-7.653133E-1	-4.067637E0	
1.005417E1	2.533000E3	-7.564674E-1	-4.092259E0	
1.005833E1	2.534000E3	-7.397993E-1	-4.100069E0	
1.006250E1	2.535000E3	-7.270559E-1	-4.113167E0	
1.006667E1	2.536000E3	-7.187443E-1	-4.152916E0	
1.007083E1	2.537000E3	-7.121223E-1	-4.159148E0	
1.007500E1	2.538000E3	-6.947232E-1	-4.186924E0	
1.007917E1	2.539000E3	-6.767900E-1	-4.206487E0	
1.008333E1	2.540000E3	-6.641295E-1	-4.247689E0	
1.008750E1	2.541000E3	-6.451695E-1	-4.268701E0	
1.009167E1	2.542000E3	-6.331669E-1	-4.296081E0	
1.009583E1	2.543000E3	-6.106351E-1	-4.308865E0	
1.010000E1	2.544000E3	-5.993106E-1	-4.332972E0	
1.010417E1	2.545000E3	-5.933326E-1	-4.366149E0	
1.010833E1	2.546000E3	-5.668100E-1	-4.373595E0	
1.011250E1	2.547000E3	-5.702209E-1	-4.390650E0	
1.011667E1	2.548000E3	-5.567496E-1	-4.405569E0	
1.012083E1	2.549000E3	-5.508956E-1	-4.432886E0	
1.012500E1	2.550000E3	-5.437040E-1	-4.432431E0	
1.012917E1	2.551000E3	-5.407263E-1	-4.436726E0	
1.013333E1	2.552000E3	-5.332953E-1	-4.442299E0	
1.013750E1	2.553000E3	-5.304569E-1	-4.451156E0	
1.014167E1	2.554000E3	-5.251681E-1	-4.467611E0	
1.014583E1	2.555000E3	-5.256085E-1	-4.473716E0	
1.015000E1	2.556000E3	-5.218269E-1	-4.468685E0	
1.015417E1	2.557000E3	-5.183272E-1	-4.482327E0	
1.015833E1	2.558000E3	-5.119752E-1	-4.497368E0	
1.016250E1	2.559000E3	-5.032752E-1	-4.516022E0	
1.016667E1	2.560000E3	-5.029312E-1	-4.521291E0	
1.017083E1	2.561000E3	-4.886969E-1	-4.537154E0	
1.017500E1	2.562000E3	-4.803454E-1	-4.562097E0	
1.017917E1	2.563000E3	-4.709090E-1	-4.576395E0	
1.018333E1	2.564000E3	-4.549694E-1	-4.604753E0	
1.018750E1	2.565000E3	-4.528435E-1	-4.626651E0	
1.019167E1	2.566000E3	-4.389530E-1	-4.646021E0	
1.019583E1	2.567000E3	-3.977876E-1	-4.676512E0	
1.020000E1	2.568000E3	-3.989814E-1	-4.711939E0	
1.020417E1	2.569000E3	-3.931871E-1	-4.744674E0	
1.020833E1	2.570000E3	-3.750824E-1	-4.756104E0	
1.021250E1	2.571000E3	-3.679061E-1	-4.792729E0	
1.021667E1	2.572000E3	-3.544728E-1	-4.805461E0	
1.022083E1	2.573000E3	-3.528156E-1	-4.834075E0	
1.022500E1	2.574000E3	-3.519002E-1	-4.844724E0	
1.022917E1	2.575000E3	-3.325793E-1	-4.867490E0	
1.023333E1	2.576000E3	-3.425965E-1	-4.880378E0	
1.023750E1	2.577000E3	-3.224377E-1	-4.899267E0	
1.024167E1	2.578000E3	-3.328989E-1	-4.887768E0	
1.024583E1	2.579000E3	-3.091853E-1	-4.902559E0	
1.025000E1	2.580000E3	-3.157651E-1	-4.908832E0	
1.025417E1	2.581000E3	-3.219424E-1	-4.919031E0	
1.025833E1	2.582000E3	-3.148709E-1	-4.925831E0	
1.026250E1	2.583000E3	-3.016532E-1	-4.931775E0	
1.026667E1	2.584000E3	-3.006099E-1	-4.948578E0	
1.027083E1	2.585000E3	-3.037127E-1	-4.957386E0	
1.027500E1	2.586000E3	-2.867421E-1	-4.966466E0	
1.027917E1	2.587000E3	-2.849708E-1	-4.992454E0	
1.028333E1	2.588000E3	-2.809789E-1	-5.004014E0	
1.028750E1	2.589000E3	-2.694099E-1	-5.020854E0	
1.029167E1	2.590000E3	-2.622840E-1	-5.043957E0	
1.029583E1	2.591000E3	-2.398239E-1	-5.063309E0	
1.030000E1	2.592000E3	-2.150646E-1	-5.082779E0	
1.030417E1	2.593000E3	-2.056368E-1	-5.116139E0	
1.030833E1	2.594000E3	-1.809099E-1	-5.144129E0	
1.031250E1	2.595000E3	-1.767329E-1	-5.161757E0	
1.031667E1	2.596000E3	-1.575812E-1	-5.185361E0	
1.032083E1	2.597000E3	-1.421283E-1	-5.205080E0	
1.032500E1	2.598000E3	-1.417007E-1	-5.236297E0	
1.032917E1	2.599000E3	-1.198862E-1	-5.264251E0	
1.033333E1	2.600000E3	-1.161314E-1	-5.277274E0	
1.033750E1	2.601000E3	-1.149647E-1	-5.288650E0	
1.034167E1	2.602000E3	-9.699528E-2	-5.308340E0	
1.034583E1	2.603000E3	-9.226643E-2	-5.318101E0	
1.035000E1	2.604000E3	-8.525416E-2	-5.318334E0	
1.035417E1	2.605000E3	-9.531157E-2	-5.345383E0	
1.035833E1	2.606000E3	-6.749770E-2	-5.347142E0	
1.036250E1	2.607000E3	-7.396712E-2	-5.355404E0	
1.036667E1	2.608000E3	-6.787660E-2	-5.372276E0	
1.037083E1	2.609000E3	-7.187080E-2	-5.386343E0	
1.037500E1	2.610000E3	-6.249134E-2	-5.380478E0	
1.037917E1	2.611000E3	-6.208317E-2	-5.376505E0	
1.038333E1	2.612000E3	-5.266280E-2	-5.399184E0	
1.038750E1	2.613000E3	-4.609072E-2	-5.417177E0	
1.039167E1	2.614000E3	-4.034446E-2	-5.421397E0	
1.039583E1	2.615000E3	-3.362460E-2	-5.437905E0	
1.040000E1	2.616000E3	-1.217250E-2	-5.460893E0	
1.040417E1	2.617000E3	-1.231919E-2	-5.473727E0	
1.040833E1	2.618000E3	6.443304E-5	-5.512272E0	
1.041250E1	2.619000E3	6.235267E-3	-5.544579E0	
1.041667E1	2.620000E3	1.033493E-2	-5.569649E0	
1.042083E1	2.621000E3	4.149483E-2	-5.602501E0	
1.042500E1	2.622000E3	5.278978E-2	-5.614082E0	
1.042917E1	2.623000E3	6.319332E-2	-5.646892E0	
1.043333E1	2.624000E3	7.538590E-2	-5.655241E0	
1.043750E1	2.625000E3	8.665334E-2	-5.682395E0	
1.044167E1	2.626000E3	1.064757E-1	-5.719165E0	
1.044583E1	2.627000E3	1.050950E-1	-5.728560E0	
1.045000E1	2.628000E3	1.140610E-1	-5.743060E0	
1.045417E1	2.629000E3	1.340182E-1	-5.758859E0	
1.045833E1	2.630000E3	1.414873E-1	-5.776710E0	
1.046250E1	2.631000E3	1.305357E-1	-5.779889E0	
1.046667E1	2.632000E3	1.363335E-1	-5.790617E0	
1.047083E1	2.633000E3	1.430139E-1	-5.797247E0	
1.047500E1	2.634000E3	1.390571E-1	-5.812124E0	
1.047917E1	2.635000E3	1.449953E-1	-5.804720E0	
1.048333E1	2.636000E3	1.512489E-1	-5.812997E0	
1.048750E1	2.637000E3	1.488251E-1	-5.824900E0	
1.049167E1	2.638000E3	1.549888E-1	-5.830185E0	
1.049583E1	2.639000E3	1.699994E-1	-5.856696E0	
1.050000E1	2.640000E3	1.735965E-1	-5.876655E0	
1.050417E1	2.641000E3	1.876249E-1	-5.898151E0	
1.050833E1	2.642000E3	1.981865E-1	-5.899861E0	
1.051250E1	2.643000E3	2.028036E-1	-5.931868E0	
1.051667E1	2.644000E3	2.058217E-1	-5.944834E0	
1.052083E1	2.645000E3	2.190271E-1	-5.972016E0	
1.052500E1	2.646000E3	2.379617E-1	-5.999832E0	
1.052917E1	2.647000E3	2.485650E-1	-6.028917E0	
1.053333E1	2.648000E3	2.615363E-1	-6.051639E0	
1.053750E1	2.649000E3	2.689409E-1	-6.078454E0	
1.054167E1	2.650000E3	2.859008E-1	-6.108120E0	
1.054583E1	2.651000E3	3.096008E-1	-6.119467E0	
1.055000E1	2.652000E3	3.285516E-1	-6.140950E0	
1.055417E1	2.653000E3	3.273502E-1	-6.166111E0	
1.055833E1	2.654000E3	3.318418E-1	-6.171097E0	
1.056250E1	2.655000E3	3.532562E-1	-6.193970E0	
1.056667E1	2.656000E3	3.468313E-1	-6.212245E0	
1.057083E1	2.657000E3	3.573781E-1	-6.215090E0	
1.057500E1	2.658000E3	3.549487E-1	-6.222380E0	
1.057917E1	2.659000E3	3.619988E-1	-6.245577E0	
1.058333E1	2.660000E3	3.717411E-1	-6.235954E0	
1.058750E1	2.661000E3	3.739218E-1	-6.249739E0	
1.059167E1	2.662000E3	3.768165E-1	-6.261391E0	
1.059583E1	2.663000E3	3.910350E-1	-6.257659E0	
1.060000E1	2.664000E3	3.959034E-1	-6.263691E0	
1.060417E1	2.665000E3	4.023828E-1	-6.287205E0	
1.060833E1	2.666000E3	4.191433E-1	-6.292140E0	
1.061250E1	2.667000E3	4.134528E-1	-6.316185E0	
1.061667E1	2.668000E3	4.343982E-1	-6.328162E0	
1.062083E1	2.669000E3	4.421631E-1	-6.340207E0	
1.062500E1	2.670000E3	4.501029E-1	-6.361788E0	
1.062917E1	2.671000E3	4.658056E-1	-6.391551E0	
1.063333E1	2.672000E3	4.961745E-1	-6.409042E0	
1.063750E1	2.673000E3	5.047607E-1	-6.426093E0	
1.064167E1	2.674000E3	5.351020E-1	-6.447333E0	
1.064583E1	2.675000E3	5.417204E-1	-6.471134E0	
1.065000E1	2.676000E3	5.743705E-1	-6.506845E0	
1.065417E1	2.677000E3	5.770496E-1	-6.516908E0	
1.065833E1	2.678000E3	6.093743E-1	-6.532838E0	
1.066250E1	2.679000E3	6.213810E-1	-6.550235E0	
1.066667E1	2.680000E3	6.250939E-1	-6.572578E0	
1.067083E1	2.681000E3	6.373605E-1	-6.580219E0	
1.067500E1	2.682000E3	6.460244E-1	-6.592638E0	
1.067917E1	2.683000E3	6.633842E-1	-6.602765E0	
1.068333E1	2.684000E3	6.694891E-1	-6.615596E0	
1.068750E1	2.685000E3	6.816861E-1	-6.621994E0	
1.069167E1	2.686000E3	6.821648E-1	-6.634785E0	
1.069583E1	2.687000E3	6.920831E-1	-6.636773E0	
1.070000E1	2.688000E3	6.907216E-1	-6.637481E0	
1.070417E1	2.689000E3	6.907218E-1	-6.649707E0	
1.070833E1	2.690000E3	7.082565E-1	-6.650544E0	
1.071250E1	2.691000E3	7.135572E-1	-6.673652E0	
1.071667E1	2.692000E3	7.107627E-1	-6.679716E0	
1.072083E1	2.693000E3	7.349561E-1	-6.681475E0	
1.072500E1	2.694000E3	7.337572E-1	-6.685758E0	
1.072917E1	2.695000E3	7.553430E-1	-6.722119E0	
1.073333E1	2.696000E3	7.724900E-1	-6.728557E0	
1.073750E1	2.697000E3	7.794975E-1	-6.756735E0	
1.074167E1	2.698000E3	7.884544E-1	-6.771690E0	
1.074583E1	2.699000E3	8.079248E-1	-6.794728E0	
1.075000E1	2.700000E3	8.216805E-1	-6.844383E0	
1.075417E1	2.701000E3	8.308229E-1	-6.849869E0	
1.075833E1	2.702000E3	8.600046E-1	-6.876138E0	
1.076250E1	2.703000E3	8.888798E-1	-6.885504E0	
1.076667E1	2.704000E3	8.958587E-1	-6.917100E0	
1.077083E1	2.705000E3	9.018223E-1	-6.939092E0	
1.077500E1	2.706000E3	9.146674E-1	-6.969812E0	
1.077917E1	2.707000E3	9.236750E-1	-6.987327E0	
1.078333E1	2.708000E3	9.391020E-1	-6.985275E0	
1.078750E1	2.709000E3	9.495615E-1	-6.999782E0	
1.079167E1	2.710000E3	9.480701E-1	-7.010894E0	
1.079583E1	2.711000E3	9.607522E-1	-7.026915E0	
1.080000E1	2.712000E3	9.678131E-1	-7.037051E0	
1.080417E1	2.713000E3	9.685797E-1	-7.040868E0	
1.080833E1	2.714000E3	9.646087E-1	-7.045016E0	
1.081250E1	2.715000E3	9.784420E-1	-7.063815E0	
1.081667E1	2.716000E3	9.849485E-1	-7.061409E0	
1.082083E1	2.717000E3	9.858309E-1	-7.067305E0	
1.082500E1	2.718000E3	1.000946E0	-7.078513E0	
1.082917E1	2.719000E3	1.006969E0	-7.091039E0	
1.083333E1	2.720000E3	1.007443E0	-7.101080E0	
1.083750E1	2.721000E3	1.008459E0	-7.127079E0	
1.084167E1	2.722000E3	1.035577E0	-7.134942E0	
1.084583E1	2.723000E3	1.046842E0	-7.166388E0	
1.085000E1	2.724000E3	1.069190E0	-7.174425E0	
1.085417E1	2.725000E3	1.079378E0	-7.202872E0	
1.085833E1	2.726000E3	1.094083E0	-7.234008E0	
1.086250E1	2.727000E3	1.120857E0	-7.242063E0	
1.086667E1	2.728000E3	1.129906E0	-7.266894E0	
1.087083E1	2.729000E3	1.138307E0	-7.301541E0	
1.087500E1	2.730000E3	1.158654E0	-7.307366E0	
1.087917E1	2.731000E3	1.173439E0	-7.349231E0	
1.088333E1	2.732000E3	1.178982E0	-7.363157E0	
1.088750E1	2.733000E3	1.198932E0	-7.384290E0	
1.089167E1	2.734000E3	1.213805E0	-7.406759E0	
1.089583E1	2.735000E3	1.221240E0	-7.407549E0	
1.090000E1	2.736000E3	1.225270E0	-7.429173E0	
1.090417E1	2.737000E3	1.226348E0	-7.429433E0	
1.090833E1	2.738000E3	1.231222E0	-7.444648E0	
1.091250E1	2.739000E3	1.235661E0	-7.454637E0	
1.091667E1	2.740000E3	1.254616E0	-7.452847E0	
1.092083E1	2.741000E3	1.255198E0	-7.474167E0	
1.092500E1	2.742000E3	1.247983E0	-7.481359E0	
1.092917E1	2.743000E3	1.243297E0	-7.472747E0	
1.093333E1	2.744000E3	1.260649E0	-7.491667E0	
1.093750E1	2.745000E3	1.264911E0	-7.492828E0	
1.094167E1	2.746000E3	1.269544E0	-7.510308E0	
1.094583E1	2.747000E3	1.285089E0	-7.527300E0	
1.095000E1	2.748000E3	1.294428E0	-7.543638E0	
1.095417E1	2.749000E3	1.297663E0	-7.567576E0	
1.095833E1	2.750000E3	1.312462E0	-7.593707E0	
1.096250E1	2.751000E3	1.327497E0	-7.613099E0	
1.096667E1	2.752000E3	1.327966E0	-7.633142E0	
1.097083E1	2.753000E3	1.358945E0	-7.663517E0	
1.097500E1	2.754000E3	1.376493E0	-7.692314E0	
1.097917E1	2.755000E3	1.375320E0	-7.720443E0	
1.098333E1	2.756000E3	1.400338E0	-7.740795E0	
1.098750E1	2.757000E3	1.417397E0	-7.764994E0	
1.099167E1	2.758000E3	1.419673E0	-7.790095E0	
1.099583E1	2.759000E3	1.437824E0	-7.790890E0	
1.100000E1	2.760000E3	1.438092E0	-7.824777E0	
1.100417E1	2.761000E3	1.448701E0	-7.842476E0	
1.100833E1	2.762000E3	1.468506E0	-7.854321E0	
1.101250E1	2.763000E3	1.479568E0	-7.867833E0	
1.101667E1	2.764000E3	1.474910E0	-7.876996E0	
1.102083E1	2.765000E3	1.479161E0	-7.880511E0	
1.102500E1	2.766000E3	1.486140E0	-7.889555E0	
1.102917E1	2.767000E3	1.487738E0	-7.898047E0	
1.103333E1	2.768000E3	1.491189E0	-7.905398E0	
1.103750E1	2.769000E3	1.499263E0	-7.906433E0	
1.104167E1	2.770000E3	1.501487E0	-7.924186E0	
1.104583E1	2.771000E3	1.508032E0	-7.927602E0	
1.105000E1	2.772000E3	1.515215E0	-7.945567E0	
1.105417E1	2.773000E3	1.522973E0	-7.954693E0	
1.105833E1	2.774000E3	1.533059E0	-7.966596E0	
1.106250E1	2.775000E3	1.545565E0	-7.983765E0	
1.106667E1	2.776000E3	1.551189E0	-8.013133E0	
1.107083E1	2.777000E3	1.558523E0	-8.024288E0	
1.107500E1	2.778000E3	1.573948E0	-8.057254E0	
1.107917E1	2.779000E3	1.594123E0	-8.072168E0	
1.108333E1	2.780000E3	1.612053E0	-8.102753E0	
1.108750E1	2.781000E3	1.619087E0	-8.123729E0	
1.109167E1	2.782000E3	1.641544E0	-8.151778E0	
1.109583E1	2.783000E3	1.658248E0	-8.172189E0	
1.110000E1	2.784000E3	1.663673E0	-8.205074E0	
1.110417E1	2.785000E3	1.688507E0	-8.231008E0	
1.110833E1	2.786000E3	1.700486E0	-8.242919E0	
1.111250E1	2.787000E3	1.709462E0	-8.269641E0	
1.111667E1	2.788000E3	1.705890E0	-8.275733E0	
1.112083E1	2.789000E3	1.720571E0	-8.286446E0	
1.112500E1	2.790000E3	1.721420E0	-8.304362E0	
1.112917E1	2.791000E3	1.733799E0	-8.307751E0	
1.113333E1	2.792000E3	1.734039E0	-8.318903E0	
1.113750E1	2.793000E3	1.750605E0	-8.317811E0	
1.114167E1	2.794000E3	1.738584E0	-8.337935E0	
1.114583E1	2.795000E3	1.751548E0	-8.349118E0	
1.115000E1	2.796000E3	1.746955E0	-8.352287E0	
1.115417E1	2.797000E3	1.751360E0	-8.352051E0	
1.115833E1	2.798000E3	1.768274E0	-8.354105E0	
1.116250E1	2.799000E3	1.770455E0	-8.376817E0	
1.116667E1	2.800000E3	1.778469E0	-8.389029E0	
1.117083E1	2.801000E3	1.791483E0	-8.396935E0	
1.117500E1	2.802000E3	1.796395E0	-8.425175E0	
1.117917E1	2.803000E3	1.814109E0	-8.452237E0	
1.118333E1	2.804000E3	1.820018E0	-8.470112E0	
1.118750E1	2.805000E3	1.849848E0	-8.483326E0	
1.119167E1	2.806000E3	1.854084E0	-8.514684E0	
1.119583E1	2.807000E3	1.875850E0	-8.536274E0	
1.120000E1	2.808000E3	1.897856E0	-8.554988E0	
1.120417E1	2.809000E3	1.912670E0	-8.595986E0	
1.120833E1	2.810000E3	1.927697E0	-8.608928E0	
1.121250E1	2.811000E3	1.946642E0	-8.635536E0	
1.121667E1	2.812000E3	1.957157E0	-8.651023E0	
1.122083E1	2.813000E3	1.964405E0	-8.673898E0	
1.122500E1	2.814000E3	1.967035E0	-8.682607E0	
1.122917E1	2.815000E3	1.981738E0	-8.706092E0	
1.123333E1	2.816000E3	1.987105E0	-8.710583E0	
1.123750E1	2.817000E3	1.992443E0	-8.715469E0	
1.124167E1	2.818000E3	2.000429E0	-8.734402E0	
1.124583E1	2.819000E3	2.006265E0	-8.741341E0	
1.125000E1	2.820000E3	2.009968E0	-8.749411E0	
1.125417E1	2.821000E3	2.015247E0	-8.756421E0	
1.125833E1	2.822000E3	2.022992E0	-8.767836E0	
1.126250E1	2.823000E3	2.012128E0	-8.776803E0	
1.126667E1	2.824000E3	2.018949E0	-8.792842E0	
1.127083E1	2.825000E3	2.033873E0	-8.780564E0	
1.127500E1	2.826000E3	2.043232E0	-8.804273E0	
1.127917E1	2.827000E3	2.044608E0	-8.814217E0	
1.128333E1	2.828000E3	2.052900E0	-8.833794E0	
1.128750E1	2.829000E3	2.064120E0	-8.854144E0	
1.129167E1	2.830000E3	2.071991E0	-8.874930E0	
1.129583E1	2.831000E3	2.081379E0	-8.903582E0	
1.130000E1	2.832000E3	2.099168E0	-8.918508E0	
1.130417E1	2.833000E3	2.102506E0	-8.952802E0	
1.130833E1	2.834000E3	2.126275E0	-8.983847E0	
1.131250E1	2.835000E3	2.131108E0	-9.016371E0	
1.131667E1	2.836000E3	2.147156E0	-9.030962E0	
1.132083E1	2.837000E3	2.160323E0	-9.051426E0	
1.132500E1	2.838000E3	2.166737E0	-9.094763E0	
1.132917E1	2.839000E3	2.176718E0	-9.106667E0	
1.133333E1	2.840000E3	2.179565E0	-9.135120E0	
1.133750E1	2.841000E3	2.183928E0	-9.147430E0	
1.134167E1	2.842000E3	2.200558E0	-9.163239E0	
1.134583E1	2.843000E3	2.186812E0	-9.169598E0	
1.135000E1	2.844000E3	2.196589E0	-9.190408E0	
1.135417E1	2.845000E3	2.201325E0	-9.192687E0	
1.135833E1	2.846000E3	2.220223E0	-9.192967E0	
1.136250E1	2.847000E3	2.218172E0	-9.211631E0	
1.136667E1	2.848000E3	2.216730E0	-9.217307E0	
1.137083E1	2.849000E3	2.205505E0	-9.217559E0	
1.137500E1	2.850000E3	2.215390E0	-9.244958E0	
1.137917E1	2.851000E3	2.239380E0	-9.246759E0	
1.138333E1	2.852000E3	2.240571E0	-9.255320E0	
1.138750E1	2.853000E3	2.236207E0	-9.264084E0	
1.139167E1	2.854000E3	2.236385E0	-9.280705E0	
1.139583E1	2.855000E3	2.251769E0	-9.308946E0	
1.140000E1	2.856000E3	2.258440E0	-9.310379E0	
1.140417E1	2.857000E3	2.251935E0	-9.347961E0	
1.140833E1	2.858000E3	2.276060E0	-9.373629E0	
1.141250E1	2.859000E3	2.287799E0	-9.406998E0	
1.141667E1	2.860000E3	2.291220E0	-9.436717E0	
1.142083E1	2.861000E3	2.314280E0	-9.459682E0	
1.142500E1	2.862000E3	2.318541E0	-9.486726E0	
1.142917E1	2.863000E3	2.329740E0	-9.518368E0	
1.143333E1	2.864000E3	2.335628E0	-9.539805E0	
1.143750E1	2.865000E3	2.338352E0	-9.556559E0	
1.144167E1	2.866000E3	2.348451E0	-9.578556E0	
1.144583E1	2.867000E3	2.356849E0	-9.609689E0	
1.145000E1	2.868000E3	2.362515E0	-9.623535E0	
1.145417E1	2.869000E3	2.364950E0	-9.629710E0	
1.145833E1	2.870000E3	2.363891E0	-9.649299E0	
1.146250E1	2.871000E3	2.370764E0	-9.665861E0	
1.146667E1	2.872000E3	2.381364E0	-9.668921E0	
1.147083E1	2.873000E3	2.365455E0	-9.684717E0	
1.147500E1	2.874000E3	2.385501E0	-9.677123E0	
1.147917E1	2.875000E3	2.376002E0	-9.697650E0	
1.148333E1	2.876000E3	2.379291E0	-9.717239E0	
1.148750E1	2.877000E3	2.380838E0	-9.715098E0	
1.149167E1	2.878000E3	2.393423E0	-9.722990E0	
1.149583E1	2.879000E3	2.391406E0	-9.732447E0	
1.150000E1	2.880000E3	2.405127E0	-9.748718E0	
1.150417E1	2.881000E3	2.399509E0	-9.762203E0	
1.150833E1	2.882000E3	2.408314E0	-9.795490E0	
1.151250E1	2.883000E3	2.407213E0	-9.814510E0	
1.151667E1	2.884000E3	2.426597E0	-9.840132E0	
1.152083E1	2.885000E3	2.416804E0	-9.858552E0	
1.152500E1	2.886000E3	2.420174E0	-9.893959E0	
1.152917E1	2.887000E3	2.428638E0	-9.924522E0	
1.153333E1	2.888000E3	2.427672E0	-9.961181E0	
1.153750E1	2.889000E3	2.436538E0	-9.977398E0	
1.154167E1	2.890000E3	2.442737E0	-1.001064E1	
1.154583E1	2.891000E3	2.457935E0	-1.003948E1	
1.155000E1	2.892000E3	2.462680E0	-1.005267E1	
1.155417E1	2.893000E3	2.461087E0	-1.007402E1	
1.155833E1	2.894000E3	2.481822E0	-1.011047E1	
1.156250E1	2.895000E3	2.470630E0	-1.011083E1	
1.156667E1	2.896000E3	2.475006E0	-1.013310E1	
1.157083E1	2.897000E3	2.466937E0	-1.013814E1	
1.157500E1	2.898000E3	2.471361E0	-1.014514E1	
1.157917E1	2.899000E3	2.473650E0	-1.016230E1	
1.158333E1	2.900000E3	2.475742E0	-1.017515E1	
1.158750E1	2.901000E3	2.487460E0	-1.018692E1	
1.159167E1	2.902000E3	2.478364E0	-1.018279E1	
1.159583E1	2.903000E3	2.485206E0	-1.019456E1	
1.160000E1	2.904000E3	2.480669E0	-1.019866E1	
1.160417E1	2.905000E3	2.481017E0	-1.021438E1	
1.160833E1	2.906000E3	2.484296E0	-1.022713E1	
1.161250E1	2.907000E3	2.483742E0	-1.024584E1	
1.161667E1	2.908000E3	2.487248E0	-1.027392E1	
1.162083E1	2.909000E3	2.487458E0	-1.028088E1	
1.162500E1	2.910000E3	2.503032E0	-1.031207E1	
1.162917E1	2.911000E3	2.501486E0	-1.034077E1	
1.163333E1	2.912000E3	2.507503E0	-1.036342E1	
1.163750E1	2.913000E3	2.510803E0	-1.039817E1	
1.164167E1	2.914000E3	2.513446E0	-1.042445E1	
1.164583E1	2.915000E3	2.512482E0	-1.045526E1	
1.165000E1	2.916000E3	2.515007E0	-1.047830E1	
1.165417E1	2.917000E3	2.524559E0	-1.051403E1	
1.165833E1	2.918000E3	2.512784E0	-1.054218E1	
1.166250E1	2.919000E3	2.523845E0	-1.055474E1	
1.166667E1	2.920000E3	2.519355E0	-1.058294E1	
1.167083E1	2.921000E3	2.517316E0	-1.060717E1	
1.167500E1	2.922000E3	2.524919E0	-1.061266E1	
1.167917E1	2.923000E3	2.535702E0	-1.063400E1	
1.168333E1	2.924000E3	2.520190E0	-1.064298E1	
1.168750E1	2.925000E3	2.517375E0	-1.064593E1	
1.169167E1	2.926000E3	2.524069E0	-1.065751E1	
1.169583E1	2.927000E3	2.519747E0	-1.067084E1	
1.170000E1	2.928000E3	2.527482E0	-1.068026E1	
1.170417E1	2.929000E3	2.519919E0	-1.068764E1	
1.170833E1	2.930000E3	2.530881E0	-1.069537E1	
1.171250E1	2.931000E3	2.520209E0	-1.071069E1	
1.171667E1	2.932000E3	2.506969E0	-1.072757E1	
1.172083E1	2.933000E3	2.516112E0	-1.074172E1	
1.172500E1	2.934000E3	2.512639E0	-1.074032E1	
1.172917E1	2.935000E3	2.515112E0	-1.076426E1	
1.173333E1	2.936000E3	2.515114E0	-1.077827E1	
1.173750E1	2.937000E3	2.508784E0	-1.081848E1	
1.174167E1	2.938000E3	2.499027E0	-1.085131E1	
1.174583E1	2.939000E3	2.510497E0	-1.088184E1	
1.175000E1	2.940000E3	2.499350E0	-1.090787E1	
1.175417E1	2.941000E3	2.510788E0	-1.092507E1	
1.175833E1	2.942000E3	2.503812E0	-1.096684E1	
1.176250E1	2.943000E3	2.508083E0	-1.099746E1	
1.176667E1	2.944000E3	2.514977E0	-1.101649E1	
1.177083E1	2.945000E3	2.500282E0	-1.104739E1	
1.177500E1	2.946000E3	2.516602E0	-1.107031E1	
1.177917E1	2.947000E3	2.498210E0	-1.109390E1	
1.178333E1	2.948000E3	2.506845E0	-1.110257E1	
1.178750E1	2.949000E3	2.495877E0	-1.112651E1	
1.179167E1	2.950000E3	2.507865E0	-1.113431E1	
1.179583E1	2.951000E3	2.498362E0	-1.114065E1	
1.180000E1	2.952000E3	2.503808E0	-1.115284E1	
1.180417E1	2.953000E3	2.496976E0	-1.116063E1	
1.180833E1	2.954000E3	2.498053E0	-1.118129E1	
1.181250E1	2.955000E3	2.502709E0	-1.117092E1	
1.181667E1	2.956000E3	2.498130E0	-1.118839E1	
1.182083E1	2.957000E3	2.498567E0	-1.120100E1	
1.182500E1	2.958000E3	2.494263E0	-1.119800E1	
1.182917E1	2.959000E3	2.489974E0	-1.122573E1	
1.183333E1	2.960000E3	2.475600E0	-1.123625E1	
1.183750E1	2.961000E3	2.484917E0	-1.125512E1	
1.184167E1	2.962000E3	2.489379E0	-1.127137E1	
1.184583E1	2.963000E3	2.490373E0	-1.129818E1	
1.185000E1	2.964000E3	2.471528E0	-1.132853E1	
1.185417E1	2.965000E3	2.476895E0	-1.135288E1	
1.185833E1	2.966000E3	2.463745E0	-1.137163E1	
1.186250E1	2.967000E3	2.459077E0	-1.141086E1	
1.186667E1	2.968000E3	2.460091E0	-1.143693E1	
1.187083E1	2.969000E3	2.457759E0	-1.146683E1	
1.187500E1	2.970000E3	2.458284E0	-1.149179E1	
1.187917E1	2.971000E3	2.440369E0	-1.151184E1	
1.188333E1	2.972000E3	2.445246E0	-1.155383E1	
1.188750E1	2.973000E3	2.435034E0	-1.157162E1	
1.189167E1	2.974000E3	2.440494E0	-1.159265E1	
1.189583E1	2.975000E3	2.440975E0	-1.161433E1	
1.190000E1	2.976000E3	2.441832E0	-1.162983E1	
1.190417E1	2.977000E3	2.434534E0	-1.163022E1	
1.190833E1	2.978000E3	2.438193E0	-1.163979E1	
1.191250E1	2.979000E3	2.437747E0	-1.163527E1	
1.191667E1	2.980000E3	2.430009E0	-1.165781E1	
1.192083E1	2.981000E3	2.429816E0	-1.167514E1	
1.192500E1	2.982000E3	2.428967E0	-1.167686E1	
1.192917E1	2.983000E3	2.424209E0	-1.167917E1	
1.193333E1	2.984000E3	2.427451E0	-1.168765E1	
1.193750E1	2.985000E3	2.427304E0	-1.170908E1	
1.194167E1	2.986000E3	2.427938E0	-1.172852E1	
1.194583E1	2.987000E3	2.428672E0	-1.173962E1	
1.195000E1	2.988000E3	2.429709E0	-1.175925E1	
1.195417E1	2.989000E3	2.423545E0	-1.177416E1	
1.195833E1	2.990000E3	2.425782E0	-1.180977E1	
1.196250E1	2.991000E3	2.431241E0	-1.182696E1	
1.196667E1	2.992000E3	2.429996E0	-1.186432E1	
1.197083E1	2.993000E3	2.419546E0	-1.188731E1	
1.197500E1	2.994000E3	2.429795E0	-1.192073E1	
1.197917E1	2.995000E3	2.438757E0	-1.195075E1	
1.198333E1	2.996000E3	2.419397E0	-1.197138E1	
1.198750E1	2.997000E3	2.420873E0	-1.199887E1	
1.199167E1	2.998000E3	2.433812E0	-1.204090E1	
1.199583E1	2.999000E3	2.430074E0	-1.205163E1	
