,mass F,,,
t,frame,x,y,
0.000000E0,1.200000E2,1.000356E0,9.929946E-1,
4.166667E-3,1.210000E2,9.732964E-1,9.916582E-1,
8.333333E-3,1.220000E2,9.503007E-1,9.780474E-1,
1.250000E-2,1.230000E2,9.324303E-1,9.561461E-1,
1.666667E-2,1.240000E2,8.990209E-1,9.414210E-1,
2.083333E-2,1.250000E2,8.716514E-1,9.346893E-1,
2.500000E-2,1.260000E2,8.391683E-1,9.201022E-1,
2.916667E-2,1.270000E2,8.004024E-1,9.066740E-1,
3.333333E-2,1.280000E2,7.816175E-1,8.818342E-1,
3.750000E-2,1.290000E2,7.416873E-1,8.837496E-1,
4.166667E-2,1.300000E2,7.207661E-1,8.606646E-1,
4.583333E-2,1.310000E2,6.806891E-1,8.438163E-1,
5.000000E-2,1.320000E2,6.563898E-1,8.319250E-1,
5.416667E-2,1.330000E2,6.368880E-1,8.144063E-1,
5.833333E-2,1.340000E2,6.209074E-1,8.048643E-1,
6.250000E-2,1.350000E2,6.102749E-1,7.947010E-1,
6.666667E-2,1.360000E2,5.947175E-1,7.995544E-1,
7.083333E-2,1.370000E2,5.941202E-1,7.931775E-1,
7.500000E-2,1.380000E2,5.748268E-1,7.959984E-1,
7.916667E-2,1.390000E2,5.756368E-1,7.808229E-1,
8.333333E-2,1.400000E2,5.638521E-1,7.769296E-1,
8.750000E-2,1.410000E2,5.442728E-1,7.698041E-1,
9.166667E-2,1.420000E2,5.352520E-1,7.686999E-1,
9.583333E-2,1.430000E2,5.147344E-1,7.682912E-1,
1.000000E-1,1.440000E2,5.131001E-1,7.617233E-1,
1.041667E-1,1.450000E2,4.789006E-1,7.444248E-1,
1.083333E-1,1.460000E2,4.678476E-1,7.340682E-1,
1.125000E-1,1.470000E2,4.296260E-1,7.278464E-1,
1.166667E-1,1.480000E2,4.133591E-1,7.134879E-1,
1.208333E-1,1.490000E2,3.797076E-1,6.957100E-1,
1.250000E-1,1.500000E2,3.445997E-1,6.844640E-1,
1.291667E-1,1.510000E2,3.033832E-1,6.614395E-1,
1.333333E-1,1.520000E2,2.795584E-1,6.461355E-1,
1.375000E-1,1.530000E2,2.433617E-1,6.371926E-1,
1.416667E-1,1.540000E2,2.126878E-1,6.212324E-1,
1.458333E-1,1.550000E2,1.911037E-1,6.019345E-1,
1.500000E-1,1.560000E2,1.645584E-1,5.997324E-1,
1.541667E-1,1.570000E2,1.340295E-1,5.927781E-1,
1.583333E-1,1.580000E2,1.244800E-1,5.745238E-1,
1.625000E-1,1.590000E2,1.132846E-1,5.643965E-1,
1.666667E-1,1.600000E2,1.010156E-1,5.581926E-1,
1.708333E-1,1.610000E2,8.534590E-2,5.585502E-1,
1.750000E-1,1.620000E2,7.808499E-2,5.493606E-1,
1.791667E-1,1.630000E2,8.128258E-2,5.522299E-1,
1.833333E-1,1.640000E2,6.753873E-2,5.449308E-1,
1.875000E-1,1.650000E2,5.115987E-2,5.405399E-1,
1.916667E-1,1.660000E2,3.490644E-2,5.264907E-1,
1.958333E-1,1.670000E2,2.538612E-2,5.331776E-1,
2.000000E-1,1.680000E2,1.689115E-2,5.071843E-1,
2.041667E-1,1.690000E2,-1.080471E-2,5.040772E-1,
2.083333E-1,1.700000E2,-2.187631E-2,4.798505E-1,
2.125000E-1,1.710000E2,-4.198525E-2,4.638090E-1,
2.166667E-1,1.720000E2,-7.616552E-2,4.579726E-1,
2.208333E-1,1.730000E2,-1.047092E-1,4.381208E-1,
2.250000E-1,1.740000E2,-1.449958E-1,4.129074E-1,
2.291667E-1,1.750000E2,-1.730736E-1,3.978698E-1,
2.333333E-1,1.760000E2,-1.957819E-1,3.703231E-1,
2.375000E-1,1.770000E2,-2.342846E-1,3.632276E-1,
2.416667E-1,1.780000E2,-2.606782E-1,3.452637E-1,
2.458333E-1,1.790000E2,-2.830674E-1,3.191168E-1,
2.500000E-1,1.800000E2,-3.085747E-1,3.083295E-1,
2.541667E-1,1.810000E2,-3.193787E-1,3.055822E-1,
2.583333E-1,1.820000E2,-3.449469E-1,2.887141E-1,
2.625000E-1,1.830000E2,-3.660011E-1,2.833647E-1,
2.666667E-1,1.840000E2,-3.599661E-1,2.738372E-1,
2.708333E-1,1.850000E2,-3.659042E-1,2.686947E-1,
2.750000E-1,1.860000E2,-3.859322E-1,2.652063E-1,
2.791667E-1,1.870000E2,-4.022194E-1,2.478899E-1,
2.833333E-1,1.880000E2,-3.914689E-1,2.662858E-1,
2.875000E-1,1.890000E2,-4.136960E-1,2.398839E-1,
2.916667E-1,1.900000E2,-4.141731E-1,2.395233E-1,
2.958333E-1,1.910000E2,-4.280895E-1,2.361185E-1,
3.000000E-1,1.920000E2,-4.581869E-1,2.292736E-1,
3.041667E-1,1.930000E2,-4.597574E-1,2.096594E-1,
3.083333E-1,1.940000E2,-4.878010E-1,1.926457E-1,
3.125000E-1,1.950000E2,-5.219414E-1,1.713899E-1,
3.166667E-1,1.960000E2,-5.314421E-1,1.436118E-1,
3.208333E-1,1.970000E2,-5.567241E-1,1.332959E-1,
3.250000E-1,1.980000E2,-5.951423E-1,1.171006E-1,
3.291667E-1,1.990000E2,-6.261544E-1,9.108210E-2,
3.333333E-1,2.000000E2,-6.587180E-1,7.789584E-2,
3.375000E-1,2.010000E2,-6.889261E-1,4.744273E-2,
3.416667E-1,2.020000E2,-6.933184E-1,3.188608E-2,
3.458333E-1,2.030000E2,-7.211388E-1,8.251592E-3,
3.500000E-1,2.040000E2,-7.618753E-1,5.666798E-4,
3.541667E-1,2.050000E2,-7.778381E-1,-2.107189E-2,
3.583333E-1,2.060000E2,-7.970302E-1,-2.622659E-2,
3.625000E-1,2.070000E2,-8.070960E-1,-4.381655E-2,
3.666667E-1,2.080000E2,-8.201861E-1,-5.912539E-2,
3.708333E-1,2.090000E2,-8.145593E-1,-5.410072E-2,
3.750000E-1,2.100000E2,-8.321706E-1,-5.916490E-2,
3.791667E-1,2.110000E2,-8.511736E-1,-6.900046E-2,
3.833333E-1,2.120000E2,-8.317175E-1,-6.857403E-2,
3.875000E-1,2.130000E2,-8.492031E-1,-8.491584E-2,
3.916667E-1,2.140000E2,-8.547679E-1,-8.658162E-2,
3.958333E-1,2.150000E2,-8.647043E-1,-9.294358E-2,
4.000000E-1,2.160000E2,-8.784074E-1,-1.136591E-1,
4.041667E-1,2.170000E2,-9.181175E-1,-1.329456E-1,
4.083333E-1,2.180000E2,-9.283879E-1,-1.494304E-1,
4.125000E-1,2.190000E2,-9.546936E-1,-1.602573E-1,
4.166667E-1,2.200000E2,-9.822924E-1,-1.690365E-1,
4.208333E-1,2.210000E2,-9.997350E-1,-1.863354E-1,
4.250000E-1,2.220000E2,-1.039597E0,-2.163847E-1,
4.291667E-1,2.230000E2,-1.071773E0,-2.236470E-1,
4.333333E-1,2.240000E2,-1.105805E0,-2.516965E-1,
4.375000E-1,2.250000E2,-1.135110E0,-2.662516E-1,
4.416667E-1,2.260000E2,-1.170198E0,-2.959733E-1,
4.458333E-1,2.270000E2,-1.194705E0,-3.125374E-1,
4.500000E-1,2.280000E2,-1.206142E0,-3.084805E-1,
4.541667E-1,2.290000E2,-1.226560E0,-3.342051E-1,
4.583333E-1,2.300000E2,-1.232708E0,-3.603422E-1,
4.625000E-1,2.310000E2,-1.246219E0,-3.578268E-1,
4.666667E-1,2.320000E2,-1.263461E0,-3.435804E-1,
4.708333E-1,2.330000E2,-1.269917E0,-3.702572E-1,
4.750000E-1,2.340000E2,-1.279721E0,-3.735364E-1,
4.791667E-1,2.350000E2,-1.287694E0,-3.741991E-1,
4.833333E-1,2.360000E2,-1.295690E0,-3.816887E-1,
4.875000E-1,2.370000E2,-1.295654E0,-3.851315E-1,
4.916667E-1,2.380000E2,-1.327846E0,-3.950997E-1,
4.958333E-1,2.390000E2,-1.328762E0,-4.034033E-1,
5.000000E-1,2.400000E2,-1.344166E0,-4.187916E-1,
5.041667E-1,2.410000E2,-1.357029E0,-4.372800E-1,
5.083333E-1,2.420000E2,-1.378987E0,-4.561666E-1,
5.125000E-1,2.430000E2,-1.400321E0,-4.704006E-1,
5.166667E-1,2.440000E2,-1.426011E0,-4.880550E-1,
5.208333E-1,2.450000E2,-1.470192E0,-5.055771E-1,
5.250000E-1,2.460000E2,-1.490057E0,-5.243002E-1,
5.291667E-1,2.470000E2,-1.524690E0,-5.385985E-1,
5.333333E-1,2.480000E2,-1.549097E0,-5.751219E-1,
5.375000E-1,2.490000E2,-1.589702E0,-5.818679E-1,
5.416667E-1,2.500000E2,-1.618618E0,-5.962837E-1,
5.458333E-1,2.510000E2,-1.642770E0,-6.104086E-1,
5.500000E-1,2.520000E2,-1.656485E0,-6.333663E-1,
5.541667E-1,2.530000E2,-1.683901E0,-6.425656E-1,
5.583333E-1,2.540000E2,-1.697664E0,-6.569547E-1,
5.625000E-1,2.550000E2,-1.699686E0,-6.535450E-1,
5.666667E-1,2.560000E2,-1.717990E0,-6.716666E-1,
5.708333E-1,2.570000E2,-1.731268E0,-6.750982E-1,
5.750000E-1,2.580000E2,-1.744521E0,-6.795342E-1,
5.791667E-1,2.590000E2,-1.741351E0,-6.873089E-1,
5.833333E-1,2.600000E2,-1.763403E0,-6.862998E-1,
5.875000E-1,2.610000E2,-1.759713E0,-6.856705E-1,
5.916667E-1,2.620000E2,-1.776961E0,-7.028515E-1,
5.958333E-1,2.630000E2,-1.789618E0,-7.014788E-1,
6.000000E-1,2.640000E2,-1.806375E0,-7.152408E-1,
6.041667E-1,2.650000E2,-1.837721E0,-7.212601E-1,
6.083333E-1,2.660000E2,-1.851319E0,-7.396120E-1,
6.125000E-1,2.670000E2,-1.881796E0,-7.598628E-1,
6.166667E-1,2.680000E2,-1.903762E0,-7.555966E-1,
6.208333E-1,2.690000E2,-1.947663E0,-7.766549E-1,
6.250000E-1,2.700000E2,-1.962336E0,-8.031056E-1,
6.291667E-1,2.710000E2,-2.000575E0,-8.169531E-1,
6.333333E-1,2.720000E2,-2.039573E0,-8.387158E-1,
6.375000E-1,2.730000E2,-2.062936E0,-8.544563E-1,
6.416667E-1,2.740000E2,-2.090308E0,-8.727951E-1,
6.458333E-1,2.750000E2,-2.123320E0,-8.871289E-1,
6.500000E-1,2.760000E2,-2.143548E0,-9.026787E-1,
6.541667E-1,2.770000E2,-2.168895E0,-8.999060E-1,
6.583333E-1,2.780000E2,-2.181117E0,-9.191267E-1,
6.625000E-1,2.790000E2,-2.194673E0,-9.169374E-1,
6.666667E-1,2.800000E2,-2.208245E0,-9.352872E-1,
6.708333E-1,2.810000E2,-2.211755E0,-9.391377E-1,
6.750000E-1,2.820000E2,-2.217452E0,-9.322674E-1,
6.791667E-1,2.830000E2,-2.238569E0,-9.364419E-1,
6.833333E-1,2.840000E2,-2.236612E0,-9.497224E-1,
6.875000E-1,2.850000E2,-2.247125E0,-9.436887E-1,
6.916667E-1,2.860000E2,-2.267327E0,-9.517346E-1,
6.958333E-1,2.870000E2,-2.265487E0,-9.541906E-1,
7.000000E-1,2.880000E2,-2.285066E0,-9.781200E-1,
7.041667E-1,2.890000E2,-2.309910E0,-9.903765E-1,
7.083333E-1,2.900000E2,-2.341892E0,-1.007386E0,
7.125000E-1,2.910000E2,-2.367280E0,-1.010564E0,
7.166667E-1,2.920000E2,-2.379014E0,-1.039758E0,
7.208333E-1,2.930000E2,-2.426742E0,-1.045769E0,
7.250000E-1,2.940000E2,-2.455687E0,-1.066770E0,
7.291667E-1,2.950000E2,-2.478326E0,-1.081827E0,
7.333333E-1,2.960000E2,-2.518793E0,-1.100996E0,
7.375000E-1,2.970000E2,-2.544534E0,-1.129955E0,
7.416667E-1,2.980000E2,-2.575767E0,-1.138605E0,
7.458333E-1,2.990000E2,-2.596495E0,-1.162519E0,
7.500000E-1,3.000000E2,-2.617706E0,-1.165720E0,
7.541667E-1,3.010000E2,-2.649674E0,-1.160328E0,
7.583333E-1,3.020000E2,-2.658135E0,-1.189704E0,
7.625000E-1,3.030000E2,-2.680650E0,-1.193041E0,
7.666667E-1,3.040000E2,-2.685332E0,-1.210764E0,
7.708333E-1,3.050000E2,-2.694018E0,-1.196446E0,
7.750000E-1,3.060000E2,-2.694054E0,-1.210626E0,
7.791667E-1,3.070000E2,-2.711591E0,-1.217992E0,
7.833333E-1,3.080000E2,-2.720616E0,-1.219110E0,
7.875000E-1,3.090000E2,-2.723864E0,-1.218272E0,
7.916667E-1,3.100000E2,-2.749353E0,-1.226280E0,
7.958333E-1,3.110000E2,-2.760523E0,-1.235788E0,
8.000000E-1,3.120000E2,-2.765977E0,-1.232830E0,
8.041667E-1,3.130000E2,-2.788767E0,-1.265868E0,
8.083333E-1,3.140000E2,-2.809322E0,-1.270727E0,
8.125000E-1,3.150000E2,-2.840176E0,-1.281914E0,
8.166667E-1,3.160000E2,-2.864658E0,-1.297832E0,
8.208333E-1,3.170000E2,-2.904137E0,-1.309155E0,
8.250000E-1,3.180000E2,-2.929025E0,-1.318580E0,
8.291667E-1,3.190000E2,-2.964084E0,-1.341670E0,
8.333333E-1,3.200000E2,-2.996363E0,-1.368313E0,
8.375000E-1,3.210000E2,-3.020582E0,-1.376152E0,
8.416667E-1,3.220000E2,-3.067286E0,-1.404784E0,
8.458333E-1,3.230000E2,-3.076053E0,-1.417858E0,
8.500000E-1,3.240000E2,-3.096959E0,-1.437383E0,
8.541667E-1,3.250000E2,-3.112991E0,-1.446575E0,
8.583333E-1,3.260000E2,-3.129472E0,-1.447942E0,
8.625000E-1,3.270000E2,-3.155732E0,-1.458804E0,
8.666667E-1,3.280000E2,-3.162600E0,-1.474638E0,
8.708333E-1,3.290000E2,-3.173896E0,-1.469112E0,
8.750000E-1,3.300000E2,-3.177424E0,-1.476836E0,
8.791667E-1,3.310000E2,-3.191051E0,-1.499141E0,
8.833333E-1,3.320000E2,-3.197559E0,-1.504450E0,
8.875000E-1,3.330000E2,-3.201682E0,-1.508130E0,
8.916667E-1,3.340000E2,-3.209826E0,-1.511559E0,
8.958333E-1,3.350000E2,-3.224268E0,-1.520865E0,
9.000000E-1,3.360000E2,-3.240900E0,-1.522789E0,
9.041667E-1,3.370000E2,-3.258134E0,-1.548268E0,
9.083333E-1,3.380000E2,-3.271724E0,-1.562477E0,
9.125000E-1,3.390000E2,-3.312312E0,-1.579367E0,
9.166667E-1,3.400000E2,-3.330540E0,-1.589662E0,
9.208333E-1,3.410000E2,-3.362292E0,-1.618896E0,
9.250000E-1,3.420000E2,-3.388066E0,-1.643669E0,
9.291667E-1,3.430000E2,-3.411250E0,-1.661995E0,
9.333333E-1,3.440000E2,-3.451081E0,-1.679568E0,
9.375000E-1,3.450000E2,-3.480353E0,-1.702601E0,
9.416667E-1,3.460000E2,-3.494356E0,-1.716192E0,
9.458333E-1,3.470000E2,-3.516643E0,-1.737302E0,
9.500000E-1,3.480000E2,-3.556389E0,-1.759255E0,
9.541667E-1,3.490000E2,-3.562262E0,-1.775480E0,
9.583333E-1,3.500000E2,-3.575688E0,-1.778028E0,
9.625000E-1,3.510000E2,-3.578744E0,-1.797205E0,
9.666667E-1,3.520000E2,-3.602382E0,-1.804293E0,
9.708333E-1,3.530000E2,-3.603707E0,-1.802395E0,
9.750000E-1,3.540000E2,-3.613416E0,-1.815624E0,
9.791667E-1,3.550000E2,-3.621198E0,-1.823008E0,
9.833333E-1,3.560000E2,-3.633888E0,-1.833068E0,
9.875000E-1,3.570000E2,-3.635431E0,-1.836434E0,
9.916667E-1,3.580000E2,-3.646665E0,-1.843336E0,
9.958333E-1,3.590000E2,-3.660101E0,-1.854064E0,
1.000000E0,3.600000E2,-3.691135E0,-1.857328E0,
1.004167E0,3.610000E2,-3.701672E0,-1.874084E0,
1.008333E0,3.620000E2,-3.721503E0,-1.887230E0,
1.012500E0,3.630000E2,-3.745156E0,-1.910907E0,
1.016667E0,3.640000E2,-3.766479E0,-1.932800E0,
1.020833E0,3.650000E2,-3.796871E0,-1.952660E0,
1.025000E0,3.660000E2,-3.823415E0,-1.971641E0,
1.029167E0,3.670000E2,-3.849407E0,-1.993102E0,
1.033333E0,3.680000E2,-3.875339E0,-2.031687E0,
1.037500E0,3.690000E2,-3.904001E0,-2.032072E0,
1.041667E0,3.700000E2,-3.934285E0,-2.062133E0,
1.045833E0,3.710000E2,-3.960597E0,-2.082415E0,
1.050000E0,3.720000E2,-3.973300E0,-2.101914E0,
1.054167E0,3.730000E2,-3.992560E0,-2.109408E0,
1.058333E0,3.740000E2,-4.016803E0,-2.122274E0,
1.062500E0,3.750000E2,-4.019233E0,-2.123405E0,
1.066667E0,3.760000E2,-4.031580E0,-2.137481E0,
1.070833E0,3.770000E2,-4.053467E0,-2.145074E0,
1.075000E0,3.780000E2,-4.048308E0,-2.146556E0,
1.079167E0,3.790000E2,-4.068140E0,-2.162788E0,
1.083333E0,3.800000E2,-4.062657E0,-2.149230E0,
1.087500E0,3.810000E2,-4.087693E0,-2.164203E0,
1.091667E0,3.820000E2,-4.083529E0,-2.166646E0,
1.095833E0,3.830000E2,-4.101915E0,-2.182855E0,
1.100000E0,3.840000E2,-4.119672E0,-2.191807E0,
1.104167E0,3.850000E2,-4.141994E0,-2.215245E0,
1.108333E0,3.860000E2,-4.162028E0,-2.228454E0,
1.112500E0,3.870000E2,-4.183092E0,-2.237201E0,
1.116667E0,3.880000E2,-4.218135E0,-2.258447E0,
1.120833E0,3.890000E2,-4.245001E0,-2.269571E0,
1.125000E0,3.900000E2,-4.284467E0,-2.276958E0,
1.129167E0,3.910000E2,-4.306357E0,-2.299475E0,
1.133333E0,3.920000E2,-4.340038E0,-2.316008E0,
1.137500E0,3.930000E2,-4.367431E0,-2.341983E0,
1.141667E0,3.940000E2,-4.381424E0,-2.363739E0,
1.145833E0,3.950000E2,-4.420267E0,-2.361734E0,
1.150000E0,3.960000E2,-4.442325E0,-2.384903E0,
1.154167E0,3.970000E2,-4.458277E0,-2.391675E0,
1.158333E0,3.980000E2,-4.482863E0,-2.409028E0,
1.162500E0,3.990000E2,-4.496384E0,-2.413730E0,
1.166667E0,4.000000E2,-4.500237E0,-2.417650E0,
1.170833E0,4.010000E2,-4.521584E0,-2.423467E0,
1.175000E0,4.020000E2,-4.537491E0,-2.427651E0,
1.179167E0,4.030000E2,-4.531191E0,-2.438483E0,
1.183333E0,4.040000E2,-4.533976E0,-2.440149E0,
1.187500E0,4.050000E2,-4.548458E0,-2.446820E0,
1.191667E0,4.060000E2,-4.574925E0,-2.437614E0,
1.195833E0,4.070000E2,-4.572494E0,-2.457257E0,
1.200000E0,4.080000E2,-4.594296E0,-2.468071E0,
1.204167E0,4.090000E2,-4.615370E0,-2.465522E0,
1.208333E0,4.100000E2,-4.629620E0,-2.494703E0,
1.212500E0,4.110000E2,-4.682562E0,-2.503430E0,
1.216667E0,4.120000E2,-4.697974E0,-2.518910E0,
1.220833E0,4.130000E2,-4.729894E0,-2.533655E0,
1.225000E0,4.140000E2,-4.754064E0,-2.552922E0,
1.229167E0,4.150000E2,-4.793939E0,-2.558149E0,
1.233333E0,4.160000E2,-4.826258E0,-2.573591E0,
1.237500E0,4.170000E2,-4.849422E0,-2.591152E0,
1.241667E0,4.180000E2,-4.889701E0,-2.601362E0,
1.245833E0,4.190000E2,-4.911251E0,-2.624074E0,
1.250000E0,4.200000E2,-4.943392E0,-2.636865E0,
1.254167E0,4.210000E2,-4.947804E0,-2.632711E0,
1.258333E0,4.220000E2,-4.972310E0,-2.643596E0,
1.262500E0,4.230000E2,-4.988384E0,-2.648519E0,
1.266667E0,4.240000E2,-5.000889E0,-2.639484E0,
1.270833E0,4.250000E2,-5.015625E0,-2.663962E0,
1.275000E0,4.260000E2,-5.017434E0,-2.659512E0,
1.279167E0,4.270000E2,-5.041342E0,-2.655999E0,
1.283333E0,4.280000E2,-5.041510E0,-2.667344E0,
1.287500E0,4.290000E2,-5.059905E0,-2.677016E0,
1.291667E0,4.300000E2,-5.062932E0,-2.678639E0,
1.295833E0,4.310000E2,-5.085537E0,-2.678429E0,
1.300000E0,4.320000E2,-5.106569E0,-2.680663E0,
1.304167E0,4.330000E2,-5.121503E0,-2.686443E0,
1.308333E0,4.340000E2,-5.144802E0,-2.700792E0,
1.312500E0,4.350000E2,-5.173497E0,-2.704535E0,
1.316667E0,4.360000E2,-5.207137E0,-2.729951E0,
1.320833E0,4.370000E2,-5.233977E0,-2.737179E0,
1.325000E0,4.380000E2,-5.276045E0,-2.745823E0,
1.329167E0,4.390000E2,-5.298948E0,-2.741946E0,
1.333333E0,4.400000E2,-5.341408E0,-2.761184E0,
1.337500E0,4.410000E2,-5.366559E0,-2.770119E0,
1.341667E0,4.420000E2,-5.409226E0,-2.777435E0,
1.345833E0,4.430000E2,-5.428956E0,-2.797843E0,
1.350000E0,4.440000E2,-5.457146E0,-2.799941E0,
1.354167E0,4.450000E2,-5.478912E0,-2.806560E0,
1.358333E0,4.460000E2,-5.492713E0,-2.816528E0,
1.362500E0,4.470000E2,-5.518054E0,-2.818541E0,
1.366667E0,4.480000E2,-5.519084E0,-2.836713E0,
1.370833E0,4.490000E2,-5.524461E0,-2.841221E0,
1.375000E0,4.500000E2,-5.541370E0,-2.844396E0,
1.379167E0,4.510000E2,-5.562970E0,-2.829691E0,
1.383333E0,4.520000E2,-5.560929E0,-2.837991E0,
1.387500E0,4.530000E2,-5.577579E0,-2.837896E0,
1.391667E0,4.540000E2,-5.584153E0,-2.843336E0,
1.395833E0,4.550000E2,-5.598735E0,-2.847421E0,
1.400000E0,4.560000E2,-5.627975E0,-2.854906E0,
1.404167E0,4.570000E2,-5.627480E0,-2.843464E0,
1.408333E0,4.580000E2,-5.676108E0,-2.862051E0,
1.412500E0,4.590000E2,-5.698827E0,-2.861011E0,
1.416667E0,4.600000E2,-5.739068E0,-2.856167E0,
1.420833E0,4.610000E2,-5.771027E0,-2.858845E0,
1.425000E0,4.620000E2,-5.812536E0,-2.882145E0,
1.429167E0,4.630000E2,-5.845664E0,-2.871711E0,
1.433333E0,4.640000E2,-5.878949E0,-2.885894E0,
1.437500E0,4.650000E2,-5.908764E0,-2.895257E0,
1.441667E0,4.660000E2,-5.939444E0,-2.900774E0,
1.445833E0,4.670000E2,-5.977619E0,-2.905190E0,
1.450000E0,4.680000E2,-5.995224E0,-2.905575E0,
1.454167E0,4.690000E2,-6.018720E0,-2.914681E0,
1.458333E0,4.700000E2,-6.041102E0,-2.916953E0,
1.462500E0,4.710000E2,-6.056569E0,-2.915506E0,
1.466667E0,4.720000E2,-6.059802E0,-2.917655E0,
1.470833E0,4.730000E2,-6.064499E0,-2.909730E0,
1.475000E0,4.740000E2,-6.096228E0,-2.920728E0,
1.479167E0,4.750000E2,-6.089316E0,-2.911010E0,
1.483333E0,4.760000E2,-6.099631E0,-2.922952E0,
1.487500E0,4.770000E2,-6.119072E0,-2.913856E0,
1.491667E0,4.780000E2,-6.127968E0,-2.913534E0,
1.495833E0,4.790000E2,-6.147322E0,-2.915728E0,
1.500000E0,4.800000E2,-6.162154E0,-2.919425E0,
1.504167E0,4.810000E2,-6.193505E0,-2.913005E0,
1.508333E0,4.820000E2,-6.226392E0,-2.918970E0,
1.512500E0,4.830000E2,-6.252667E0,-2.913955E0,
1.516667E0,4.840000E2,-6.273373E0,-2.924129E0,
1.520833E0,4.850000E2,-6.310125E0,-2.915974E0,
1.525000E0,4.860000E2,-6.345100E0,-2.918455E0,
1.529167E0,4.870000E2,-6.385989E0,-2.920375E0,
1.533333E0,4.880000E2,-6.424167E0,-2.926419E0,
1.537500E0,4.890000E2,-6.454619E0,-2.912654E0,
1.541667E0,4.900000E2,-6.499611E0,-2.929297E0,
1.545833E0,4.910000E2,-6.519368E0,-2.931767E0,
1.550000E0,4.920000E2,-6.540138E0,-2.942617E0,
1.554167E0,4.930000E2,-6.566807E0,-2.922750E0,
1.558333E0,4.940000E2,-6.595457E0,-2.929125E0,
1.562500E0,4.950000E2,-6.613680E0,-2.932840E0,
1.566667E0,4.960000E2,-6.620675E0,-2.926922E0,
1.570833E0,4.970000E2,-6.637839E0,-2.936747E0,
1.575000E0,4.980000E2,-6.634269E0,-2.932557E0,
1.579167E0,4.990000E2,-6.642670E0,-2.934776E0,
1.583333E0,5.000000E2,-6.649061E0,-2.923130E0,
1.587500E0,5.010000E2,-6.666194E0,-2.926194E0,
1.591667E0,5.020000E2,-6.684160E0,-2.934963E0,
1.595833E0,5.030000E2,-6.689757E0,-2.940766E0,
1.600000E0,5.040000E2,-6.711816E0,-2.924355E0,
1.604167E0,5.050000E2,-6.730384E0,-2.943051E0,
1.608333E0,5.060000E2,-6.776109E0,-2.936895E0,
1.612500E0,5.070000E2,-6.799292E0,-2.944023E0,
1.616667E0,5.080000E2,-6.840267E0,-2.935238E0,
1.620833E0,5.090000E2,-6.854291E0,-2.947148E0,
1.625000E0,5.100000E2,-6.894779E0,-2.947396E0,
1.629167E0,5.110000E2,-6.942670E0,-2.944521E0,
1.633333E0,5.120000E2,-6.971008E0,-2.948391E0,
1.637500E0,5.130000E2,-7.018307E0,-2.955849E0,
1.641667E0,5.140000E2,-7.038763E0,-2.953085E0,
1.645833E0,5.150000E2,-7.076652E0,-2.952201E0,
1.650000E0,5.160000E2,-7.089964E0,-2.968318E0,
1.654167E0,5.170000E2,-7.119425E0,-2.962325E0,
1.658333E0,5.180000E2,-7.139900E0,-2.974753E0,
1.662500E0,5.190000E2,-7.148762E0,-2.967413E0,
1.666667E0,5.200000E2,-7.168553E0,-2.971084E0,
1.670833E0,5.210000E2,-7.182082E0,-2.977051E0,
1.675000E0,5.220000E2,-7.184069E0,-2.967983E0,
1.679167E0,5.230000E2,-7.205641E0,-2.971965E0,
1.683333E0,5.240000E2,-7.204694E0,-2.956138E0,
1.687500E0,5.250000E2,-7.218303E0,-2.968690E0,
1.691667E0,5.260000E2,-7.224607E0,-2.973625E0,
1.695833E0,5.270000E2,-7.242950E0,-2.967626E0,
1.700000E0,5.280000E2,-7.267592E0,-2.977465E0,
1.704167E0,5.290000E2,-7.288145E0,-2.973075E0,
1.708333E0,5.300000E2,-7.304855E0,-2.979477E0,
1.712500E0,5.310000E2,-7.331676E0,-2.981748E0,
1.716667E0,5.320000E2,-7.382636E0,-2.980010E0,
1.720833E0,5.330000E2,-7.419174E0,-2.975185E0,
1.725000E0,5.340000E2,-7.449443E0,-2.970581E0,
1.729167E0,5.350000E2,-7.483429E0,-2.983246E0,
1.733333E0,5.360000E2,-7.514403E0,-2.972073E0,
1.737500E0,5.370000E2,-7.559749E0,-2.963723E0,
1.741667E0,5.380000E2,-7.591443E0,-2.961524E0,
1.745833E0,5.390000E2,-7.616342E0,-2.972437E0,
1.750000E0,5.400000E2,-7.650546E0,-2.976192E0,
1.754167E0,5.410000E2,-7.670707E0,-2.975798E0,
1.758333E0,5.420000E2,-7.686784E0,-2.962921E0,
1.762500E0,5.430000E2,-7.701759E0,-2.970123E0,
1.766667E0,5.440000E2,-7.711614E0,-2.970728E0,
1.770833E0,5.450000E2,-7.723396E0,-2.966940E0,
1.775000E0,5.460000E2,-7.742341E0,-2.965330E0,
1.779167E0,5.470000E2,-7.742447E0,-2.961464E0,
1.783333E0,5.480000E2,-7.753122E0,-2.959546E0,
1.787500E0,5.490000E2,-7.758179E0,-2.971819E0,
1.791667E0,5.500000E2,-7.781484E0,-2.962010E0,
1.795833E0,5.510000E2,-7.788460E0,-2.967599E0,
1.800000E0,5.520000E2,-7.811616E0,-2.958416E0,
1.804167E0,5.530000E2,-7.849321E0,-2.972864E0,
1.808333E0,5.540000E2,-7.858438E0,-2.968773E0,
1.812500E0,5.550000E2,-7.905340E0,-2.965341E0,
1.816667E0,5.560000E2,-7.924921E0,-2.970103E0,
1.820833E0,5.570000E2,-7.953582E0,-2.956215E0,
1.825000E0,5.580000E2,-8.006688E0,-2.966404E0,
1.829167E0,5.590000E2,-8.039565E0,-2.972001E0,
1.833333E0,5.600000E2,-8.079646E0,-2.960906E0,
1.837500E0,5.610000E2,-8.119653E0,-2.962441E0,
1.841667E0,5.620000E2,-8.143223E0,-2.963019E0,
1.845833E0,5.630000E2,-8.165114E0,-2.962154E0,
1.850000E0,5.640000E2,-8.187047E0,-2.959554E0,
1.854167E0,5.650000E2,-8.220622E0,-2.956517E0,
1.858333E0,5.660000E2,-8.237274E0,-2.945596E0,
1.862500E0,5.670000E2,-8.269490E0,-2.941412E0,
1.866667E0,5.680000E2,-8.248992E0,-2.941745E0,
1.870833E0,5.690000E2,-8.283599E0,-2.949306E0,
1.875000E0,5.700000E2,-8.285666E0,-2.942348E0,
1.879167E0,5.710000E2,-8.293259E0,-2.943724E0,
1.883333E0,5.720000E2,-8.304183E0,-2.938884E0,
1.887500E0,5.730000E2,-8.309643E0,-2.950183E0,
1.891667E0,5.740000E2,-8.325488E0,-2.933325E0,
1.895833E0,5.750000E2,-8.343554E0,-2.947757E0,
1.900000E0,5.760000E2,-8.376509E0,-2.938909E0,
1.904167E0,5.770000E2,-8.391546E0,-2.939178E0,
1.908333E0,5.780000E2,-8.407967E0,-2.933177E0,
1.912500E0,5.790000E2,-8.439644E0,-2.937099E0,
1.916667E0,5.800000E2,-8.477152E0,-2.944337E0,
1.920833E0,5.810000E2,-8.512166E0,-2.930067E0,
1.925000E0,5.820000E2,-8.550874E0,-2.926299E0,
1.929167E0,5.830000E2,-8.578075E0,-2.918114E0,
1.933333E0,5.840000E2,-8.615795E0,-2.932129E0,
1.937500E0,5.850000E2,-8.652971E0,-2.930315E0,
1.941667E0,5.860000E2,-8.685522E0,-2.920315E0,
1.945833E0,5.870000E2,-8.712311E0,-2.926874E0,
1.950000E0,5.880000E2,-8.742589E0,-2.918442E0,
1.954167E0,5.890000E2,-8.764135E0,-2.922984E0,
1.958333E0,5.900000E2,-8.780205E0,-2.904085E0,
1.962500E0,5.910000E2,-8.813157E0,-2.911066E0,
1.966667E0,5.920000E2,-8.812899E0,-2.913541E0,
1.970833E0,5.930000E2,-8.830781E0,-2.911690E0,
1.975000E0,5.940000E2,-8.833384E0,-2.913185E0,
1.979167E0,5.950000E2,-8.836504E0,-2.897952E0,
1.983333E0,5.960000E2,-8.848107E0,-2.912503E0,
1.987500E0,5.970000E2,-8.863919E0,-2.912603E0,
1.991667E0,5.980000E2,-8.876986E0,-2.913381E0,
1.995833E0,5.990000E2,-8.888767E0,-2.909056E0,
2.000000E0,6.000000E2,-8.906727E0,-2.900633E0,
2.004167E0,6.010000E2,-8.938685E0,-2.890612E0,
2.008333E0,6.020000E2,-8.956760E0,-2.918518E0,
2.012500E0,6.030000E2,-8.997175E0,-2.892881E0,
2.016667E0,6.040000E2,-9.025682E0,-2.902832E0,
2.020833E0,6.050000E2,-9.055760E0,-2.897433E0,
2.025000E0,6.060000E2,-9.094475E0,-2.890602E0,
2.029167E0,6.070000E2,-9.139563E0,-2.903056E0,
2.033333E0,6.080000E2,-9.166258E0,-2.896110E0,
2.037500E0,6.090000E2,-9.212967E0,-2.882694E0,
2.041667E0,6.100000E2,-9.238611E0,-2.895278E0,
2.045833E0,6.110000E2,-9.268001E0,-2.887626E0,
2.050000E0,6.120000E2,-9.291301E0,-2.881218E0,
2.054167E0,6.130000E2,-9.321589E0,-2.896817E0,
2.058333E0,6.140000E2,-9.333509E0,-2.880876E0,
2.062500E0,6.150000E2,-9.341384E0,-2.892088E0,
2.066667E0,6.160000E2,-9.365517E0,-2.886698E0,
2.070833E0,6.170000E2,-9.378211E0,-2.894293E0,
2.075000E0,6.180000E2,-9.394370E0,-2.880479E0,
2.079167E0,6.190000E2,-9.385770E0,-2.885810E0,
2.083333E0,6.200000E2,-9.399738E0,-2.900177E0,
2.087500E0,6.210000E2,-9.417385E0,-2.886457E0,
2.091667E0,6.220000E2,-9.425084E0,-2.896777E0,
2.095833E0,6.230000E2,-9.444439E0,-2.896271E0,
2.100000E0,6.240000E2,-9.454503E0,-2.898234E0,
2.104167E0,6.250000E2,-9.485642E0,-2.885534E0,
2.108333E0,6.260000E2,-9.511890E0,-2.896507E0,
2.112500E0,6.270000E2,-9.538015E0,-2.898575E0,
2.116667E0,6.280000E2,-9.574845E0,-2.890894E0,
2.120833E0,6.290000E2,-9.611072E0,-2.897448E0,
2.125000E0,6.300000E2,-9.638430E0,-2.911133E0,
2.129167E0,6.310000E2,-9.683419E0,-2.922155E0,
2.133333E0,6.320000E2,-9.716278E0,-2.914761E0,
2.137500E0,6.330000E2,-9.749026E0,-2.913694E0,
2.141667E0,6.340000E2,-9.777517E0,-2.925596E0,
2.145833E0,6.350000E2,-9.810685E0,-2.920967E0,
2.150000E0,6.360000E2,-9.837381E0,-2.931828E0,
2.154167E0,6.370000E2,-9.856728E0,-2.936097E0,
2.158333E0,6.380000E2,-9.874633E0,-2.938439E0,
2.162500E0,6.390000E2,-9.896688E0,-2.933953E0,
2.166667E0,6.400000E2,-9.907534E0,-2.933575E0,
2.170833E0,6.410000E2,-9.918593E0,-2.944691E0,
2.175000E0,6.420000E2,-9.934670E0,-2.934964E0,
2.179167E0,6.430000E2,-9.934538E0,-2.936948E0,
2.183333E0,6.440000E2,-9.957233E0,-2.936943E0,
2.187500E0,6.450000E2,-9.962182E0,-2.934416E0,
2.191667E0,6.460000E2,-9.980205E0,-2.936527E0,
2.195833E0,6.470000E2,-1.000379E1,-2.941151E0,
2.200000E0,6.480000E2,-1.000728E1,-2.941058E0,
2.204167E0,6.490000E2,-1.003025E1,-2.945391E0,
2.208333E0,6.500000E2,-1.006659E1,-2.944222E0,
2.212500E0,6.510000E2,-1.009248E1,-2.941812E0,
2.216667E0,6.520000E2,-1.012513E1,-2.929071E0,
2.220833E0,6.530000E2,-1.014935E1,-2.934226E0,
2.225000E0,6.540000E2,-1.018996E1,-2.926509E0,
2.229167E0,6.550000E2,-1.023440E1,-2.934472E0,
2.233333E0,6.560000E2,-1.026426E1,-2.939198E0,
2.237500E0,6.570000E2,-1.029855E1,-2.932449E0,
2.241667E0,6.580000E2,-1.032560E1,-2.932114E0,
2.245833E0,6.590000E2,-1.035915E1,-2.914296E0,
2.250000E0,6.600000E2,-1.038947E1,-2.923191E0,
2.254167E0,6.610000E2,-1.041833E1,-2.924008E0,
2.258333E0,6.620000E2,-1.044112E1,-2.924140E0,
2.262500E0,6.630000E2,-1.046194E1,-2.927152E0,
2.266667E0,6.640000E2,-1.046013E1,-2.919448E0,
2.270833E0,6.650000E2,-1.046698E1,-2.914983E0,
2.275000E0,6.660000E2,-1.047811E1,-2.918848E0,
2.279167E0,6.670000E2,-1.048994E1,-2.923757E0,
2.283333E0,6.680000E2,-1.049345E1,-2.931134E0,
2.287500E0,6.690000E2,-1.051392E1,-2.920888E0,
2.291667E0,6.700000E2,-1.051748E1,-2.914703E0,
2.295833E0,6.710000E2,-1.054307E1,-2.921729E0,
2.300000E0,6.720000E2,-1.055692E1,-2.913309E0,
2.304167E0,6.730000E2,-1.058152E1,-2.916711E0,
2.308333E0,6.740000E2,-1.060939E1,-2.911214E0,
2.312500E0,6.750000E2,-1.063873E1,-2.910323E0,
2.316667E0,6.760000E2,-1.066686E1,-2.900401E0,
2.320833E0,6.770000E2,-1.071167E1,-2.899552E0,
2.325000E0,6.780000E2,-1.073350E1,-2.901776E0,
2.329167E0,6.790000E2,-1.077027E1,-2.893973E0,
2.333333E0,6.800000E2,-1.080529E1,-2.888932E0,
2.337500E0,6.810000E2,-1.084539E1,-2.887303E0,
2.341667E0,6.820000E2,-1.089102E1,-2.874125E0,
2.345833E0,6.830000E2,-1.090544E1,-2.880280E0,
2.350000E0,6.840000E2,-1.094028E1,-2.875846E0,
2.354167E0,6.850000E2,-1.096057E1,-2.861039E0,
2.358333E0,6.860000E2,-1.097407E1,-2.858341E0,
2.362500E0,6.870000E2,-1.099294E1,-2.859850E0,
2.366667E0,6.880000E2,-1.100118E1,-2.859637E0,
2.370833E0,6.890000E2,-1.102379E1,-2.856991E0,
2.375000E0,6.900000E2,-1.102516E1,-2.858934E0,
2.379167E0,6.910000E2,-1.103709E1,-2.845240E0,
2.383333E0,6.920000E2,-1.104593E1,-2.850977E0,
2.387500E0,6.930000E2,-1.105343E1,-2.839346E0,
2.391667E0,6.940000E2,-1.107899E1,-2.846778E0,
2.395833E0,6.950000E2,-1.108239E1,-2.823328E0,
2.400000E0,6.960000E2,-1.110729E1,-2.832893E0,
2.404167E0,6.970000E2,-1.112414E1,-2.839279E0,
2.408333E0,6.980000E2,-1.116068E1,-2.834371E0,
2.412500E0,6.990000E2,-1.118155E1,-2.831846E0,
2.416667E0,7.000000E2,-1.120952E1,-2.836624E0,
2.420833E0,7.010000E2,-1.125446E1,-2.824412E0,
2.425000E0,7.020000E2,-1.128132E1,-2.823040E0,
2.429167E0,7.030000E2,-1.133008E1,-2.833468E0,
2.433333E0,7.040000E2,-1.136256E1,-2.817932E0,
2.437500E0,7.050000E2,-1.137965E1,-2.811850E0,
2.441667E0,7.060000E2,-1.142164E1,-2.822667E0,
2.445833E0,7.070000E2,-1.145166E1,-2.817058E0,
2.450000E0,7.080000E2,-1.148443E1,-2.809644E0,
2.454167E0,7.090000E2,-1.150186E1,-2.819793E0,
2.458333E0,7.100000E2,-1.151293E1,-2.817775E0,
2.462500E0,7.110000E2,-1.153348E1,-2.819612E0,
2.466667E0,7.120000E2,-1.155246E1,-2.804440E0,
2.470833E0,7.130000E2,-1.156834E1,-2.807600E0,
2.475000E0,7.140000E2,-1.157793E1,-2.805369E0,
2.479167E0,7.150000E2,-1.159125E1,-2.817487E0,
2.483333E0,7.160000E2,-1.159010E1,-2.807723E0,
2.487500E0,7.170000E2,-1.159892E1,-2.811538E0,
2.491667E0,7.180000E2,-1.162379E1,-2.812507E0,
2.495833E0,7.190000E2,-1.163339E1,-2.798090E0,
2.500000E0,7.200000E2,-1.165491E1,-2.810043E0,
2.504167E0,7.210000E2,-1.168165E1,-2.812903E0,
2.508333E0,7.220000E2,-1.170319E1,-2.801559E0,
2.512500E0,7.230000E2,-1.172703E1,-2.795559E0,
2.516667E0,7.240000E2,-1.176275E1,-2.803875E0,
2.520833E0,7.250000E2,-1.180331E1,-2.805065E0,
2.525000E0,7.260000E2,-1.183628E1,-2.803564E0,
2.529167E0,7.270000E2,-1.188024E1,-2.805733E0,
2.533333E0,7.280000E2,-1.191772E1,-2.800023E0,
2.537500E0,7.290000E2,-1.193179E1,-2.793963E0,
2.541667E0,7.300000E2,-1.197930E1,-2.785861E0,
2.545833E0,7.310000E2,-1.200561E1,-2.796177E0,
2.550000E0,7.320000E2,-1.203868E1,-2.788888E0,
2.554167E0,7.330000E2,-1.205827E1,-2.800820E0,
2.558333E0,7.340000E2,-1.207945E1,-2.803758E0,
2.562500E0,7.350000E2,-1.209550E1,-2.777548E0,
2.566667E0,7.360000E2,-1.210705E1,-2.797197E0,
2.570833E0,7.370000E2,-1.211501E1,-2.800735E0,
2.575000E0,7.380000E2,-1.212043E1,-2.793136E0,
2.579167E0,7.390000E2,-1.213511E1,-2.790591E0,
2.583333E0,7.400000E2,-1.213475E1,-2.810383E0,
2.587500E0,7.410000E2,-1.215127E1,-2.789935E0,
2.591667E0,7.420000E2,-1.216442E1,-2.792312E0,
2.595833E0,7.430000E2,-1.218691E1,-2.789646E0,
2.600000E0,7.440000E2,-1.219869E1,-2.792565E0,
2.604167E0,7.450000E2,-1.221782E1,-2.793274E0,
2.608333E0,7.460000E2,-1.225466E1,-2.793463E0,
2.612500E0,7.470000E2,-1.228710E1,-2.785787E0,
2.616667E0,7.480000E2,-1.230869E1,-2.803062E0,
2.620833E0,7.490000E2,-1.233509E1,-2.799556E0,
2.625000E0,7.500000E2,-1.239022E1,-2.812120E0,
2.629167E0,7.510000E2,-1.241233E1,-2.797580E0,
2.633333E0,7.520000E2,-1.245505E1,-2.792805E0,
2.637500E0,7.530000E2,-1.249708E1,-2.794050E0,
2.641667E0,7.540000E2,-1.253214E1,-2.788042E0,
2.645833E0,7.550000E2,-1.254258E1,-2.790343E0,
2.650000E0,7.560000E2,-1.257729E1,-2.810553E0,
2.654167E0,7.570000E2,-1.259330E1,-2.806597E0,
2.658333E0,7.580000E2,-1.263035E1,-2.810865E0,
2.662500E0,7.590000E2,-1.263494E1,-2.803957E0,
2.666667E0,7.600000E2,-1.265560E1,-2.807439E0,
2.670833E0,7.610000E2,-1.266745E1,-2.798329E0,
2.675000E0,7.620000E2,-1.266811E1,-2.803952E0,
2.679167E0,7.630000E2,-1.268107E1,-2.789712E0,
2.683333E0,7.640000E2,-1.270245E1,-2.802029E0,
2.687500E0,7.650000E2,-1.270328E1,-2.796814E0,
2.691667E0,7.660000E2,-1.271650E1,-2.790482E0,
2.695833E0,7.670000E2,-1.273354E1,-2.794260E0,
2.700000E0,7.680000E2,-1.275376E1,-2.794503E0,
2.704167E0,7.690000E2,-1.276976E1,-2.790653E0,
2.708333E0,7.700000E2,-1.280414E1,-2.792145E0,
2.712500E0,7.710000E2,-1.283163E1,-2.797111E0,
2.716667E0,7.720000E2,-1.287167E1,-2.787762E0,
2.720833E0,7.730000E2,-1.289414E1,-2.803080E0,
2.725000E0,7.740000E2,-1.293356E1,-2.805929E0,
2.729167E0,7.750000E2,-1.297291E1,-2.792481E0,
2.733333E0,7.760000E2,-1.301748E1,-2.778956E0,
2.737500E0,7.770000E2,-1.303469E1,-2.793964E0,
2.741667E0,7.780000E2,-1.308432E1,-2.780457E0,
2.745833E0,7.790000E2,-1.309430E1,-2.780767E0,
2.750000E0,7.800000E2,-1.311978E1,-2.779664E0,
2.754167E0,7.810000E2,-1.316202E1,-2.786144E0,
2.758333E0,7.820000E2,-1.317098E1,-2.780856E0,
2.762500E0,7.830000E2,-1.319304E1,-2.773775E0,
2.766667E0,7.840000E2,-1.320254E1,-2.769485E0,
2.770833E0,7.850000E2,-1.321741E1,-2.757097E0,
2.775000E0,7.860000E2,-1.321783E1,-2.766247E0,
2.779167E0,7.870000E2,-1.322952E1,-2.767044E0,
2.783333E0,7.880000E2,-1.323773E1,-2.768078E0,
2.787500E0,7.890000E2,-1.324919E1,-2.756238E0,
2.791667E0,7.900000E2,-1.326125E1,-2.762740E0,
2.795833E0,7.910000E2,-1.328026E1,-2.755552E0,
2.800000E0,7.920000E2,-1.329912E1,-2.756098E0,
2.804167E0,7.930000E2,-1.331902E1,-2.754658E0,
2.808333E0,7.940000E2,-1.334748E1,-2.756850E0,
2.812500E0,7.950000E2,-1.338230E1,-2.761024E0,
2.816667E0,7.960000E2,-1.341666E1,-2.751049E0,
2.820833E0,7.970000E2,-1.343476E1,-2.744876E0,
2.825000E0,7.980000E2,-1.348072E1,-2.733637E0,
2.829167E0,7.990000E2,-1.351926E1,-2.743937E0,
2.833333E0,8.000000E2,-1.355931E1,-2.736203E0,
2.837500E0,8.010000E2,-1.359186E1,-2.731999E0,
2.841667E0,8.020000E2,-1.362285E1,-2.728624E0,
2.845833E0,8.030000E2,-1.365095E1,-2.724552E0,
2.850000E0,8.040000E2,-1.368593E1,-2.718020E0,
2.854167E0,8.050000E2,-1.370310E1,-2.725671E0,
2.858333E0,8.060000E2,-1.371255E1,-2.731918E0,
2.862500E0,8.070000E2,-1.373289E1,-2.727601E0,
2.866667E0,8.080000E2,-1.375183E1,-2.724861E0,
2.870833E0,8.090000E2,-1.376602E1,-2.718654E0,
2.875000E0,8.100000E2,-1.376680E1,-2.732611E0,
2.879167E0,8.110000E2,-1.378333E1,-2.720986E0,
2.883333E0,8.120000E2,-1.378821E1,-2.719976E0,
2.887500E0,8.130000E2,-1.379339E1,-2.727094E0,
2.891667E0,8.140000E2,-1.381777E1,-2.714012E0,
2.895833E0,8.150000E2,-1.383083E1,-2.725070E0,
2.900000E0,8.160000E2,-1.384093E1,-2.715167E0,
2.904167E0,8.170000E2,-1.386965E1,-2.734128E0,
2.908333E0,8.180000E2,-1.389934E1,-2.706853E0,
2.912500E0,8.190000E2,-1.393441E1,-2.715583E0,
2.916667E0,8.200000E2,-1.396389E1,-2.717684E0,
2.920833E0,8.210000E2,-1.400957E1,-2.727106E0,
2.925000E0,8.220000E2,-1.404076E1,-2.716927E0,
2.929167E0,8.230000E2,-1.406903E1,-2.720847E0,
2.933333E0,8.240000E2,-1.411032E1,-2.726230E0,
2.937500E0,8.250000E2,-1.413406E1,-2.715361E0,
2.941667E0,8.260000E2,-1.417006E1,-2.712379E0,
2.945833E0,8.270000E2,-1.421037E1,-2.726821E0,
2.950000E0,8.280000E2,-1.422220E1,-2.708350E0,
2.954167E0,8.290000E2,-1.424407E1,-2.717484E0,
2.958333E0,8.300000E2,-1.427334E1,-2.721815E0,
2.962500E0,8.310000E2,-1.427641E1,-2.717843E0,
2.966667E0,8.320000E2,-1.429600E1,-2.720447E0,
2.970833E0,8.330000E2,-1.431370E1,-2.721678E0,
2.975000E0,8.340000E2,-1.431796E1,-2.712908E0,
2.979167E0,8.350000E2,-1.433023E1,-2.709859E0,
2.983333E0,8.360000E2,-1.434718E1,-2.720061E0,
2.987500E0,8.370000E2,-1.434298E1,-2.719709E0,
2.991667E0,8.380000E2,-1.435551E1,-2.707422E0,
2.995833E0,8.390000E2,-1.438617E1,-2.710408E0,
3.000000E0,8.400000E2,-1.438995E1,-2.718265E0,
3.004167E0,8.410000E2,-1.441062E1,-2.710467E0,
3.008333E0,8.420000E2,-1.444538E1,-2.712087E0,
3.012500E0,8.430000E2,-1.447468E1,-2.718442E0,
3.016667E0,8.440000E2,-1.450618E1,-2.704516E0,
3.020833E0,8.450000E2,-1.455373E1,-2.696411E0,
3.025000E0,8.460000E2,-1.457279E1,-2.707050E0,
3.029167E0,8.470000E2,-1.461156E1,-2.694152E0,
3.033333E0,8.480000E2,-1.466438E1,-2.693839E0,
3.037500E0,8.490000E2,-1.468469E1,-2.693367E0,
3.041667E0,8.500000E2,-1.471840E1,-2.685094E0,
3.045833E0,8.510000E2,-1.473924E1,-2.695707E0,
3.050000E0,8.520000E2,-1.471518E1,-2.686703E0,
3.054167E0,8.530000E2,-1.470384E1,-2.691578E0,
3.058333E0,8.540000E2,-1.469696E1,-2.678110E0,
3.062500E0,8.550000E2,-1.466632E1,-2.691420E0,
3.066667E0,8.560000E2,-1.464568E1,-2.691185E0,
3.070833E0,8.570000E2,-1.464455E1,-2.689171E0,
3.075000E0,8.580000E2,-1.462465E1,-2.694038E0,
3.079167E0,8.590000E2,-1.463353E1,-2.696922E0,
3.083333E0,8.600000E2,-1.461435E1,-2.701938E0,
3.087500E0,8.610000E2,-1.460427E1,-2.703454E0,
3.091667E0,8.620000E2,-1.458849E1,-2.704793E0,
3.095833E0,8.630000E2,-1.458697E1,-2.705268E0,
3.100000E0,8.640000E2,-1.454715E1,-2.717632E0,
3.104167E0,8.650000E2,-1.453121E1,-2.719398E0,
3.108333E0,8.660000E2,-1.449344E1,-2.720271E0,
3.112500E0,8.670000E2,-1.447511E1,-2.724955E0,
3.116667E0,8.680000E2,-1.444497E1,-2.722896E0,
3.120833E0,8.690000E2,-1.440604E1,-2.733951E0,
3.125000E0,8.700000E2,-1.437452E1,-2.734915E0,
3.129167E0,8.710000E2,-1.433687E1,-2.744666E0,
3.133333E0,8.720000E2,-1.431472E1,-2.748588E0,
3.137500E0,8.730000E2,-1.427394E1,-2.756849E0,
3.141667E0,8.740000E2,-1.423556E1,-2.761718E0,
3.145833E0,8.750000E2,-1.420177E1,-2.768643E0,
3.150000E0,8.760000E2,-1.418947E1,-2.771089E0,
3.154167E0,8.770000E2,-1.415837E1,-2.780937E0,
3.158333E0,8.780000E2,-1.413596E1,-2.790116E0,
3.162500E0,8.790000E2,-1.411543E1,-2.780745E0,
3.166667E0,8.800000E2,-1.411470E1,-2.775691E0,
3.170833E0,8.810000E2,-1.409835E1,-2.779012E0,
3.175000E0,8.820000E2,-1.408862E1,-2.786031E0,
3.179167E0,8.830000E2,-1.407819E1,-2.787199E0,
3.183333E0,8.840000E2,-1.406655E1,-2.785565E0,
3.187500E0,8.850000E2,-1.406042E1,-2.806306E0,
3.191667E0,8.860000E2,-1.405061E1,-2.793964E0,
3.195833E0,8.870000E2,-1.403400E1,-2.796176E0,
3.200000E0,8.880000E2,-1.400920E1,-2.801688E0,
3.204167E0,8.890000E2,-1.399341E1,-2.803665E0,
3.208333E0,8.900000E2,-1.396735E1,-2.807039E0,
3.212500E0,8.910000E2,-1.392251E1,-2.803833E0,
3.216667E0,8.920000E2,-1.390029E1,-2.809495E0,
3.220833E0,8.930000E2,-1.387126E1,-2.816237E0,
3.225000E0,8.940000E2,-1.383037E1,-2.806128E0,
3.229167E0,8.950000E2,-1.379544E1,-2.814820E0,
3.233333E0,8.960000E2,-1.375405E1,-2.817926E0,
3.237500E0,8.970000E2,-1.372361E1,-2.833271E0,
3.241667E0,8.980000E2,-1.369050E1,-2.825216E0,
3.245833E0,8.990000E2,-1.364701E1,-2.815829E0,
3.250000E0,9.000000E2,-1.363534E1,-2.824680E0,
3.254167E0,9.010000E2,-1.360780E1,-2.840585E0,
3.258333E0,9.020000E2,-1.359694E1,-2.833441E0,
3.262500E0,9.030000E2,-1.357567E1,-2.830651E0,
3.266667E0,9.040000E2,-1.357136E1,-2.820567E0,
3.270833E0,9.050000E2,-1.355082E1,-2.836808E0,
3.275000E0,9.060000E2,-1.354861E1,-2.831164E0,
3.279167E0,9.070000E2,-1.352578E1,-2.832806E0,
3.283333E0,9.080000E2,-1.351888E1,-2.814776E0,
3.287500E0,9.090000E2,-1.351475E1,-2.833653E0,
3.291667E0,9.100000E2,-1.350341E1,-2.832896E0,
3.295833E0,9.110000E2,-1.348171E1,-2.827705E0,
3.300000E0,9.120000E2,-1.346091E1,-2.828571E0,
3.304167E0,9.130000E2,-1.345049E1,-2.829790E0,
3.308333E0,9.140000E2,-1.341173E1,-2.844979E0,
3.312500E0,9.150000E2,-1.339069E1,-2.852154E0,
3.316667E0,9.160000E2,-1.336656E1,-2.841058E0,
3.320833E0,9.170000E2,-1.331216E1,-2.845799E0,
3.325000E0,9.180000E2,-1.328534E1,-2.854203E0,
3.329167E0,9.190000E2,-1.324033E1,-2.859548E0,
3.333333E0,9.200000E2,-1.321606E1,-2.856141E0,
3.337500E0,9.210000E2,-1.317599E1,-2.848370E0,
3.341667E0,9.220000E2,-1.314625E1,-2.851098E0,
3.345833E0,9.230000E2,-1.311203E1,-2.861538E0,
3.350000E0,9.240000E2,-1.308356E1,-2.864896E0,
3.354167E0,9.250000E2,-1.306553E1,-2.864564E0,
3.358333E0,9.260000E2,-1.305007E1,-2.862464E0,
3.362500E0,9.270000E2,-1.303527E1,-2.862680E0,
3.366667E0,9.280000E2,-1.300973E1,-2.862389E0,
3.370833E0,9.290000E2,-1.300499E1,-2.868336E0,
3.375000E0,9.300000E2,-1.297423E1,-2.864662E0,
3.379167E0,9.310000E2,-1.298456E1,-2.863315E0,
3.383333E0,9.320000E2,-1.298473E1,-2.867998E0,
3.387500E0,9.330000E2,-1.294973E1,-2.869189E0,
3.391667E0,9.340000E2,-1.294999E1,-2.858203E0,
3.395833E0,9.350000E2,-1.292924E1,-2.854233E0,
3.400000E0,9.360000E2,-1.291359E1,-2.861987E0,
3.404167E0,9.370000E2,-1.289332E1,-2.864056E0,
3.408333E0,9.380000E2,-1.287154E1,-2.858736E0,
3.412500E0,9.390000E2,-1.284333E1,-2.865003E0,
3.416667E0,9.400000E2,-1.281253E1,-2.857850E0,
3.420833E0,9.410000E2,-1.277366E1,-2.874767E0,
3.425000E0,9.420000E2,-1.273055E1,-2.859361E0,
3.429167E0,9.430000E2,-1.268567E1,-2.868166E0,
3.433333E0,9.440000E2,-1.265632E1,-2.859614E0,
3.437500E0,9.450000E2,-1.261544E1,-2.864568E0,
3.441667E0,9.460000E2,-1.258991E1,-2.865507E0,
3.445833E0,9.470000E2,-1.255541E1,-2.861728E0,
3.450000E0,9.480000E2,-1.253740E1,-2.872702E0,
3.454167E0,9.490000E2,-1.251163E1,-2.868480E0,
3.458333E0,9.500000E2,-1.249921E1,-2.871507E0,
3.462500E0,9.510000E2,-1.248254E1,-2.867833E0,
3.466667E0,9.520000E2,-1.246803E1,-2.873136E0,
3.470833E0,9.530000E2,-1.244358E1,-2.874746E0,
3.475000E0,9.540000E2,-1.244403E1,-2.878697E0,
3.479167E0,9.550000E2,-1.242835E1,-2.880342E0,
3.483333E0,9.560000E2,-1.242455E1,-2.875429E0,
3.487500E0,9.570000E2,-1.241718E1,-2.885103E0,
3.491667E0,9.580000E2,-1.238743E1,-2.877065E0,
3.495833E0,9.590000E2,-1.239587E1,-2.876042E0,
3.500000E0,9.600000E2,-1.236875E1,-2.881012E0,
3.504167E0,9.610000E2,-1.233735E1,-2.872398E0,
3.508333E0,9.620000E2,-1.231070E1,-2.883147E0,
3.512500E0,9.630000E2,-1.227685E1,-2.884311E0,
3.516667E0,9.640000E2,-1.223985E1,-2.881938E0,
3.520833E0,9.650000E2,-1.221572E1,-2.883720E0,
3.525000E0,9.660000E2,-1.218517E1,-2.887818E0,
3.529167E0,9.670000E2,-1.214611E1,-2.872864E0,
3.533333E0,9.680000E2,-1.212122E1,-2.894371E0,
3.537500E0,9.690000E2,-1.207995E1,-2.889215E0,
3.541667E0,9.700000E2,-1.204302E1,-2.906065E0,
3.545833E0,9.710000E2,-1.201491E1,-2.907270E0,
3.550000E0,9.720000E2,-1.198418E1,-2.898907E0,
3.554167E0,9.730000E2,-1.196755E1,-2.920991E0,
3.558333E0,9.740000E2,-1.195421E1,-2.902386E0,
3.562500E0,9.750000E2,-1.193092E1,-2.903957E0,
3.566667E0,9.760000E2,-1.192347E1,-2.905451E0,
3.570833E0,9.770000E2,-1.190110E1,-2.911693E0,
3.575000E0,9.780000E2,-1.189582E1,-2.906961E0,
3.579167E0,9.790000E2,-1.188456E1,-2.916430E0,
3.583333E0,9.800000E2,-1.188400E1,-2.911576E0,
3.587500E0,9.810000E2,-1.186552E1,-2.911131E0,
3.591667E0,9.820000E2,-1.184954E1,-2.910110E0,
3.595833E0,9.830000E2,-1.183473E1,-2.908486E0,
3.600000E0,9.840000E2,-1.181073E1,-2.919985E0,
3.604167E0,9.850000E2,-1.179292E1,-2.904153E0,
3.608333E0,9.860000E2,-1.177103E1,-2.907477E0,
3.612500E0,9.870000E2,-1.174014E1,-2.894459E0,
3.616667E0,9.880000E2,-1.169415E1,-2.897838E0,
3.620833E0,9.890000E2,-1.165977E1,-2.899563E0,
3.625000E0,9.900000E2,-1.163414E1,-2.912749E0,
3.629167E0,9.910000E2,-1.160219E1,-2.906689E0,
3.633333E0,9.920000E2,-1.155926E1,-2.917974E0,
3.637500E0,9.930000E2,-1.153427E1,-2.920340E0,
3.641667E0,9.940000E2,-1.150804E1,-2.912721E0,
3.645833E0,9.950000E2,-1.147015E1,-2.922348E0,
3.650000E0,9.960000E2,-1.144671E1,-2.926187E0,
3.654167E0,9.970000E2,-1.141142E1,-2.925379E0,
3.658333E0,9.980000E2,-1.139726E1,-2.924732E0,
3.662500E0,9.990000E2,-1.138677E1,-2.921954E0,
3.666667E0,1.000000E3,-1.136264E1,-2.935115E0,
3.670833E0,1.001000E3,-1.135215E1,-2.932304E0,
3.675000E0,1.002000E3,-1.134388E1,-2.917655E0,
3.679167E0,1.003000E3,-1.133999E1,-2.934207E0,
3.683333E0,1.004000E3,-1.131297E1,-2.924803E0,
3.687500E0,1.005000E3,-1.131362E1,-2.932514E0,
3.691667E0,1.006000E3,-1.130735E1,-2.939101E0,
3.695833E0,1.007000E3,-1.129113E1,-2.942873E0,
3.700000E0,1.008000E3,-1.126646E1,-2.932282E0,
3.704167E0,1.009000E3,-1.124053E1,-2.947245E0,
3.708333E0,1.010000E3,-1.121731E1,-2.941022E0,
3.712500E0,1.011000E3,-1.118947E1,-2.942427E0,
3.716667E0,1.012000E3,-1.115884E1,-2.945435E0,
3.720833E0,1.013000E3,-1.112467E1,-2.935574E0,
3.725000E0,1.014000E3,-1.107921E1,-2.942466E0,
3.729167E0,1.015000E3,-1.104542E1,-2.944960E0,
3.733333E0,1.016000E3,-1.101088E1,-2.945086E0,
3.737500E0,1.017000E3,-1.096829E1,-2.944954E0,
3.741667E0,1.018000E3,-1.094497E1,-2.951173E0,
3.745833E0,1.019000E3,-1.091215E1,-2.949003E0,
3.750000E0,1.020000E3,-1.088960E1,-2.942531E0,
3.754167E0,1.021000E3,-1.085993E1,-2.964427E0,
3.758333E0,1.022000E3,-1.084401E1,-2.962297E0,
3.762500E0,1.023000E3,-1.083082E1,-2.960196E0,
3.766667E0,1.024000E3,-1.080789E1,-2.964262E0,
3.770833E0,1.025000E3,-1.080499E1,-2.952078E0,
3.775000E0,1.026000E3,-1.080992E1,-2.975048E0,
3.779167E0,1.027000E3,-1.079605E1,-2.958952E0,
3.783333E0,1.028000E3,-1.078001E1,-2.969276E0,
3.787500E0,1.029000E3,-1.076824E1,-2.966024E0,
3.791667E0,1.030000E3,-1.075052E1,-2.964349E0,
3.795833E0,1.031000E3,-1.073226E1,-2.958506E0,
3.800000E0,1.032000E3,-1.071868E1,-2.963311E0,
3.804167E0,1.033000E3,-1.069566E1,-2.967478E0,
3.808333E0,1.034000E3,-1.066824E1,-2.962697E0,
3.812500E0,1.035000E3,-1.063339E1,-2.958560E0,
3.816667E0,1.036000E3,-1.060598E1,-2.958638E0,
3.820833E0,1.037000E3,-1.057393E1,-2.968744E0,
3.825000E0,1.038000E3,-1.053736E1,-2.974728E0,
3.829167E0,1.039000E3,-1.050886E1,-2.982087E0,
3.833333E0,1.040000E3,-1.045602E1,-2.974606E0,
3.837500E0,1.041000E3,-1.042307E1,-2.978896E0,
3.841667E0,1.042000E3,-1.039925E1,-2.986686E0,
3.845833E0,1.043000E3,-1.036077E1,-2.985393E0,
3.850000E0,1.044000E3,-1.034007E1,-2.990260E0,
3.854167E0,1.045000E3,-1.031615E1,-2.988616E0,
3.858333E0,1.046000E3,-1.029952E1,-2.979413E0,
3.862500E0,1.047000E3,-1.028158E1,-2.994374E0,
3.866667E0,1.048000E3,-1.026516E1,-2.987682E0,
3.870833E0,1.049000E3,-1.025747E1,-2.997437E0,
3.875000E0,1.050000E3,-1.025044E1,-3.001352E0,
3.879167E0,1.051000E3,-1.023655E1,-2.989959E0,
3.883333E0,1.052000E3,-1.023343E1,-2.994231E0,
3.887500E0,1.053000E3,-1.021378E1,-2.990464E0,
3.891667E0,1.054000E3,-1.021014E1,-2.994117E0,
3.895833E0,1.055000E3,-1.018743E1,-2.991800E0,
3.900000E0,1.056000E3,-1.016439E1,-2.995179E0,
3.904167E0,1.057000E3,-1.014299E1,-3.001669E0,
3.908333E0,1.058000E3,-1.013253E1,-3.014195E0,
3.912500E0,1.059000E3,-1.009017E1,-3.014835E0,
3.916667E0,1.060000E3,-1.006319E1,-3.021471E0,
3.920833E0,1.061000E3,-1.002758E1,-3.022611E0,
3.925000E0,1.062000E3,-9.982222E0,-3.028585E0,
3.929167E0,1.063000E3,-9.959130E0,-3.031668E0,
3.933333E0,1.064000E3,-9.917817E0,-3.040338E0,
3.937500E0,1.065000E3,-9.885780E0,-3.042224E0,
3.941667E0,1.066000E3,-9.851868E0,-3.042279E0,
3.945833E0,1.067000E3,-9.820743E0,-3.049878E0,
3.950000E0,1.068000E3,-9.801024E0,-3.049880E0,
3.954167E0,1.069000E3,-9.762483E0,-3.045831E0,
3.958333E0,1.070000E3,-9.757425E0,-3.067748E0,
3.962500E0,1.071000E3,-9.725776E0,-3.057609E0,
3.966667E0,1.072000E3,-9.720484E0,-3.054865E0,
3.970833E0,1.073000E3,-9.714116E0,-3.072692E0,
3.975000E0,1.074000E3,-9.704751E0,-3.065979E0,
3.979167E0,1.075000E3,-9.694944E0,-3.065252E0,
3.983333E0,1.076000E3,-9.691470E0,-3.073115E0,
3.987500E0,1.077000E3,-9.679729E0,-3.060247E0,
3.991667E0,1.078000E3,-9.660705E0,-3.074624E0,
3.995833E0,1.079000E3,-9.649870E0,-3.074825E0,
4.000000E0,1.080000E3,-9.620954E0,-3.067361E0,
4.004167E0,1.081000E3,-9.598054E0,-3.067919E0,
4.008333E0,1.082000E3,-9.565164E0,-3.073717E0,
4.012500E0,1.083000E3,-9.542108E0,-3.073840E0,
4.016667E0,1.084000E3,-9.515424E0,-3.077251E0,
4.020833E0,1.085000E3,-9.476436E0,-3.068576E0,
4.025000E0,1.086000E3,-9.448628E0,-3.067199E0,
4.029167E0,1.087000E3,-9.408489E0,-3.071564E0,
4.033333E0,1.088000E3,-9.365896E0,-3.082466E0,
4.037500E0,1.089000E3,-9.341356E0,-3.088700E0,
4.041667E0,1.090000E3,-9.301280E0,-3.084107E0,
4.045833E0,1.091000E3,-9.275433E0,-3.075522E0,
4.050000E0,1.092000E3,-9.244575E0,-3.087411E0,
4.054167E0,1.093000E3,-9.216059E0,-3.083809E0,
4.058333E0,1.094000E3,-9.198950E0,-3.087356E0,
4.062500E0,1.095000E3,-9.202480E0,-3.082309E0,
4.066667E0,1.096000E3,-9.167921E0,-3.084045E0,
4.070833E0,1.097000E3,-9.160446E0,-3.073739E0,
4.075000E0,1.098000E3,-9.147591E0,-3.078749E0,
4.079167E0,1.099000E3,-9.144990E0,-3.079350E0,
4.083333E0,1.100000E3,-9.131608E0,-3.082466E0,
4.087500E0,1.101000E3,-9.131707E0,-3.078423E0,
4.091667E0,1.102000E3,-9.106198E0,-3.078819E0,
4.095833E0,1.103000E3,-9.090349E0,-3.070607E0,
4.100000E0,1.104000E3,-9.064460E0,-3.081702E0,
4.104167E0,1.105000E3,-9.057341E0,-3.082340E0,
4.108333E0,1.106000E3,-9.019529E0,-3.083443E0,
4.112500E0,1.107000E3,-9.001295E0,-3.088069E0,
4.116667E0,1.108000E3,-8.966180E0,-3.083272E0,
4.120833E0,1.109000E3,-8.930374E0,-3.087718E0,
4.125000E0,1.110000E3,-8.893398E0,-3.087740E0,
4.129167E0,1.111000E3,-8.848806E0,-3.099959E0,
4.133333E0,1.112000E3,-8.825800E0,-3.090919E0,
4.137500E0,1.113000E3,-8.783745E0,-3.089397E0,
4.141667E0,1.114000E3,-8.747387E0,-3.091830E0,
4.145833E0,1.115000E3,-8.724726E0,-3.091682E0,
4.150000E0,1.116000E3,-8.694733E0,-3.102895E0,
4.154167E0,1.117000E3,-8.670089E0,-3.107302E0,
4.158333E0,1.118000E3,-8.654571E0,-3.094143E0,
4.162500E0,1.119000E3,-8.636962E0,-3.096228E0,
4.166667E0,1.120000E3,-8.627409E0,-3.097032E0,
4.170833E0,1.121000E3,-8.612901E0,-3.098077E0,
4.175000E0,1.122000E3,-8.598336E0,-3.100424E0,
4.179167E0,1.123000E3,-8.593521E0,-3.094610E0,
4.183333E0,1.124000E3,-8.586781E0,-3.090869E0,
4.187500E0,1.125000E3,-8.572654E0,-3.092900E0,
4.191667E0,1.126000E3,-8.557370E0,-3.095528E0,
4.195833E0,1.127000E3,-8.545478E0,-3.101260E0,
4.200000E0,1.128000E3,-8.529982E0,-3.083922E0,
4.204167E0,1.129000E3,-8.506923E0,-3.093312E0,
4.208333E0,1.130000E3,-8.483453E0,-3.082341E0,
4.212500E0,1.131000E3,-8.449009E0,-3.096218E0,
4.216667E0,1.132000E3,-8.409866E0,-3.099442E0,
4.220833E0,1.133000E3,-8.378436E0,-3.086399E0,
4.225000E0,1.134000E3,-8.343773E0,-3.088593E0,
4.229167E0,1.135000E3,-8.310067E0,-3.086231E0,
4.233333E0,1.136000E3,-8.277743E0,-3.085867E0,
4.237500E0,1.137000E3,-8.235614E0,-3.087430E0,
4.241667E0,1.138000E3,-8.200290E0,-3.076322E0,
4.245833E0,1.139000E3,-8.170258E0,-3.082594E0,
4.250000E0,1.140000E3,-8.138244E0,-3.067631E0,
4.254167E0,1.141000E3,-8.127023E0,-3.077052E0,
4.258333E0,1.142000E3,-8.103052E0,-3.075432E0,
4.262500E0,1.143000E3,-8.105332E0,-3.071384E0,
4.266667E0,1.144000E3,-8.071745E0,-3.085097E0,
4.270833E0,1.145000E3,-8.056608E0,-3.081604E0,
4.275000E0,1.146000E3,-8.060710E0,-3.078098E0,
4.279167E0,1.147000E3,-8.046120E0,-3.090297E0,
4.283333E0,1.148000E3,-8.026473E0,-3.077502E0,
4.287500E0,1.149000E3,-8.024652E0,-3.082719E0,
4.291667E0,1.150000E3,-8.012979E0,-3.083896E0,
4.295833E0,1.151000E3,-7.985486E0,-3.071875E0,
4.300000E0,1.152000E3,-7.963952E0,-3.066661E0,
4.304167E0,1.153000E3,-7.954212E0,-3.072352E0,
4.308333E0,1.154000E3,-7.925620E0,-3.082119E0,
4.312500E0,1.155000E3,-7.891784E0,-3.072250E0,
4.316667E0,1.156000E3,-7.859492E0,-3.084307E0,
4.320833E0,1.157000E3,-7.813799E0,-3.077971E0,
4.325000E0,1.158000E3,-7.777817E0,-3.075413E0,
4.329167E0,1.159000E3,-7.763146E0,-3.078954E0,
4.333333E0,1.160000E3,-7.724458E0,-3.085183E0,
4.337500E0,1.161000E3,-7.694653E0,-3.080883E0,
4.341667E0,1.162000E3,-7.640168E0,-3.084954E0,
4.345833E0,1.163000E3,-7.612602E0,-3.090419E0,
4.350000E0,1.164000E3,-7.596438E0,-3.102265E0,
4.354167E0,1.165000E3,-7.571564E0,-3.088436E0,
4.358333E0,1.166000E3,-7.556370E0,-3.107283E0,
4.362500E0,1.167000E3,-7.544195E0,-3.112213E0,
4.366667E0,1.168000E3,-7.519706E0,-3.109945E0,
4.370833E0,1.169000E3,-7.511800E0,-3.100539E0,
4.375000E0,1.170000E3,-7.505510E0,-3.110527E0,
4.379167E0,1.171000E3,-7.496741E0,-3.110385E0,
4.383333E0,1.172000E3,-7.472199E0,-3.112506E0,
4.387500E0,1.173000E3,-7.480974E0,-3.110483E0,
4.391667E0,1.174000E3,-7.465801E0,-3.114143E0,
4.395833E0,1.175000E3,-7.453791E0,-3.120547E0,
4.400000E0,1.176000E3,-7.439652E0,-3.127082E0,
4.404167E0,1.177000E3,-7.404894E0,-3.136977E0,
4.408333E0,1.178000E3,-7.384642E0,-3.135544E0,
4.412500E0,1.179000E3,-7.358589E0,-3.139123E0,
4.416667E0,1.180000E3,-7.320418E0,-3.152319E0,
4.420833E0,1.181000E3,-7.277320E0,-3.162327E0,
4.425000E0,1.182000E3,-7.258526E0,-3.156744E0,
4.429167E0,1.183000E3,-7.216372E0,-3.171366E0,
4.433333E0,1.184000E3,-7.192395E0,-3.168215E0,
4.437500E0,1.185000E3,-7.142175E0,-3.176743E0,
4.441667E0,1.186000E3,-7.104059E0,-3.185365E0,
4.445833E0,1.187000E3,-7.097213E0,-3.190385E0,
4.450000E0,1.188000E3,-7.056375E0,-3.207985E0,
4.454167E0,1.189000E3,-7.031176E0,-3.206567E0,
4.458333E0,1.190000E3,-7.017743E0,-3.202288E0,
4.462500E0,1.191000E3,-6.997892E0,-3.200982E0,
4.466667E0,1.192000E3,-6.989106E0,-3.212252E0,
4.470833E0,1.193000E3,-6.978360E0,-3.223490E0,
4.475000E0,1.194000E3,-6.960398E0,-3.230516E0,
4.479167E0,1.195000E3,-6.962237E0,-3.232984E0,
4.483333E0,1.196000E3,-6.958571E0,-3.228710E0,
4.487500E0,1.197000E3,-6.932564E0,-3.234309E0,
4.491667E0,1.198000E3,-6.922574E0,-3.235100E0,
4.495833E0,1.199000E3,-6.917976E0,-3.244390E0,
4.500000E0,1.200000E3,-6.901582E0,-3.241244E0,
4.504167E0,1.201000E3,-6.880588E0,-3.248757E0,
4.508333E0,1.202000E3,-6.849303E0,-3.259363E0,
4.512500E0,1.203000E3,-6.814105E0,-3.275311E0,
4.516667E0,1.204000E3,-6.777680E0,-3.273493E0,
4.520833E0,1.205000E3,-6.750331E0,-3.290877E0,
4.525000E0,1.206000E3,-6.719843E0,-3.296791E0,
4.529167E0,1.207000E3,-6.693680E0,-3.316031E0,
4.533333E0,1.208000E3,-6.647315E0,-3.320076E0,
4.537500E0,1.209000E3,-6.614483E0,-3.336210E0,
4.541667E0,1.210000E3,-6.595564E0,-3.349815E0,
4.545833E0,1.211000E3,-6.562848E0,-3.357671E0,
4.550000E0,1.212000E3,-6.548645E0,-3.375991E0,
4.554167E0,1.213000E3,-6.516288E0,-3.379692E0,
4.558333E0,1.214000E3,-6.498028E0,-3.399212E0,
4.562500E0,1.215000E3,-6.487463E0,-3.408008E0,
4.566667E0,1.216000E3,-6.477688E0,-3.395651E0,
4.570833E0,1.217000E3,-6.460529E0,-3.408587E0,
4.575000E0,1.218000E3,-6.443939E0,-3.412000E0,
4.579167E0,1.219000E3,-6.436807E0,-3.410953E0,
4.583333E0,1.220000E3,-6.434074E0,-3.418150E0,
4.587500E0,1.221000E3,-6.432205E0,-3.426159E0,
4.591667E0,1.222000E3,-6.414458E0,-3.425469E0,
4.595833E0,1.223000E3,-6.398683E0,-3.437123E0,
4.600000E0,1.224000E3,-6.377847E0,-3.442376E0,
4.604167E0,1.225000E3,-6.363442E0,-3.453485E0,
4.608333E0,1.226000E3,-6.333665E0,-3.458461E0,
4.612500E0,1.227000E3,-6.301684E0,-3.468983E0,
4.616667E0,1.228000E3,-6.284843E0,-3.493357E0,
4.620833E0,1.229000E3,-6.241014E0,-3.502122E0,
4.625000E0,1.230000E3,-6.217336E0,-3.521455E0,
4.629167E0,1.231000E3,-6.181855E0,-3.531955E0,
4.633333E0,1.232000E3,-6.148410E0,-3.539068E0,
4.637500E0,1.233000E3,-6.111146E0,-3.565880E0,
4.641667E0,1.234000E3,-6.077455E0,-3.570695E0,
4.645833E0,1.235000E3,-6.051133E0,-3.591690E0,
4.650000E0,1.236000E3,-6.030473E0,-3.603528E0,
4.654167E0,1.237000E3,-6.015339E0,-3.611957E0,
4.658333E0,1.238000E3,-6.009466E0,-3.610438E0,
4.662500E0,1.239000E3,-5.984579E0,-3.620808E0,
4.666667E0,1.240000E3,-5.963762E0,-3.618502E0,
4.670833E0,1.241000E3,-5.961933E0,-3.637870E0,
4.675000E0,1.242000E3,-5.951845E0,-3.638987E0,
4.679167E0,1.243000E3,-5.945853E0,-3.634076E0,
4.683333E0,1.244000E3,-5.945077E0,-3.646225E0,
4.687500E0,1.245000E3,-5.922259E0,-3.649250E0,
4.691667E0,1.246000E3,-5.909117E0,-3.651639E0,
4.695833E0,1.247000E3,-5.886378E0,-3.658612E0,
4.700000E0,1.248000E3,-5.873182E0,-3.669504E0,
4.704167E0,1.249000E3,-5.863794E0,-3.683277E0,
4.708333E0,1.250000E3,-5.833828E0,-3.687967E0,
4.712500E0,1.251000E3,-5.806706E0,-3.688661E0,
4.716667E0,1.252000E3,-5.775942E0,-3.713497E0,
4.720833E0,1.253000E3,-5.743488E0,-3.724824E0,
4.725000E0,1.254000E3,-5.707360E0,-3.733866E0,
4.729167E0,1.255000E3,-5.680793E0,-3.751825E0,
4.733333E0,1.256000E3,-5.643003E0,-3.773441E0,
4.737500E0,1.257000E3,-5.610625E0,-3.781255E0,
4.741667E0,1.258000E3,-5.583682E0,-3.796867E0,
4.745833E0,1.259000E3,-5.548572E0,-3.798302E0,
4.750000E0,1.260000E3,-5.540982E0,-3.821147E0,
4.754167E0,1.261000E3,-5.508198E0,-3.827743E0,
4.758333E0,1.262000E3,-5.482102E0,-3.841028E0,
4.762500E0,1.263000E3,-5.465701E0,-3.830208E0,
4.766667E0,1.264000E3,-5.460061E0,-3.835724E0,
4.770833E0,1.265000E3,-5.453451E0,-3.851512E0,
4.775000E0,1.266000E3,-5.446668E0,-3.855549E0,
4.779167E0,1.267000E3,-5.437954E0,-3.846199E0,
4.783333E0,1.268000E3,-5.420906E0,-3.862592E0,
4.787500E0,1.269000E3,-5.417637E0,-3.862958E0,
4.791667E0,1.270000E3,-5.406841E0,-3.860664E0,
4.795833E0,1.271000E3,-5.386688E0,-3.868971E0,
4.800000E0,1.272000E3,-5.373215E0,-3.884393E0,
4.804167E0,1.273000E3,-5.349513E0,-3.897195E0,
4.808333E0,1.274000E3,-5.331373E0,-3.899550E0,
4.812500E0,1.275000E3,-5.295305E0,-3.920435E0,
4.816667E0,1.276000E3,-5.271619E0,-3.932999E0,
4.820833E0,1.277000E3,-5.235481E0,-3.933829E0,
4.825000E0,1.278000E3,-5.206213E0,-3.963876E0,
4.829167E0,1.279000E3,-5.167794E0,-3.959828E0,
4.833333E0,1.280000E3,-5.125471E0,-3.971981E0,
4.837500E0,1.281000E3,-5.098639E0,-3.988893E0,
4.841667E0,1.282000E3,-5.078511E0,-4.005229E0,
4.845833E0,1.283000E3,-5.046934E0,-4.020282E0,
4.850000E0,1.284000E3,-5.033642E0,-4.026274E0,
4.854167E0,1.285000E3,-5.003715E0,-4.036986E0,
4.858333E0,1.286000E3,-4.971087E0,-4.049651E0,
4.862500E0,1.287000E3,-4.964670E0,-4.045529E0,
4.866667E0,1.288000E3,-4.957744E0,-4.055025E0,
4.870833E0,1.289000E3,-4.945638E0,-4.064272E0,
4.875000E0,1.290000E3,-4.934240E0,-4.069676E0,
4.879167E0,1.291000E3,-4.931094E0,-4.084172E0,
4.883333E0,1.292000E3,-4.921715E0,-4.083378E0,
4.887500E0,1.293000E3,-4.907743E0,-4.077010E0,
4.891667E0,1.294000E3,-4.905255E0,-4.085538E0,
4.895833E0,1.295000E3,-4.884355E0,-4.105477E0,
4.900000E0,1.296000E3,-4.880063E0,-4.105612E0,
4.904167E0,1.297000E3,-4.852834E0,-4.124232E0,
4.908333E0,1.298000E3,-4.829303E0,-4.130230E0,
4.912500E0,1.299000E3,-4.789849E0,-4.132565E0,
4.916667E0,1.300000E3,-4.770135E0,-4.149864E0,
4.920833E0,1.301000E3,-4.741294E0,-4.170805E0,
4.925000E0,1.302000E3,-4.717574E0,-4.161801E0,
4.929167E0,1.303000E3,-4.667297E0,-4.194150E0,
4.933333E0,1.304000E3,-4.630142E0,-4.213824E0,
4.937500E0,1.305000E3,-4.600926E0,-4.225144E0,
4.941667E0,1.306000E3,-4.571995E0,-4.232519E0,
4.945833E0,1.307000E3,-4.537059E0,-4.251901E0,
4.950000E0,1.308000E3,-4.520888E0,-4.248929E0,
4.954167E0,1.309000E3,-4.499526E0,-4.255187E0,
4.958333E0,1.310000E3,-4.476556E0,-4.268142E0,
4.962500E0,1.311000E3,-4.467072E0,-4.272598E0,
4.966667E0,1.312000E3,-4.461372E0,-4.281601E0,
4.970833E0,1.313000E3,-4.443942E0,-4.263439E0,
4.975000E0,1.314000E3,-4.431731E0,-4.286917E0,
4.979167E0,1.315000E3,-4.429468E0,-4.286412E0,
4.983333E0,1.316000E3,-4.426739E0,-4.289326E0,
4.987500E0,1.317000E3,-4.405318E0,-4.284223E0,
4.991667E0,1.318000E3,-4.399744E0,-4.305786E0,
4.995833E0,1.319000E3,-4.364227E0,-4.292674E0,
5.000000E0,1.320000E3,-4.353318E0,-4.306888E0,
5.004167E0,1.321000E3,-4.341329E0,-4.313684E0,
5.008333E0,1.322000E3,-4.310721E0,-4.326877E0,
5.012500E0,1.323000E3,-4.287974E0,-4.324338E0,
5.016667E0,1.324000E3,-4.251372E0,-4.337178E0,
5.020833E0,1.325000E3,-4.229656E0,-4.353337E0,
5.025000E0,1.326000E3,-4.182884E0,-4.355931E0,
5.029167E0,1.327000E3,-4.150996E0,-4.374468E0,
5.033333E0,1.328000E3,-4.118663E0,-4.380738E0,
5.037500E0,1.329000E3,-4.078344E0,-4.391638E0,
5.041667E0,1.330000E3,-4.049756E0,-4.403807E0,
5.045833E0,1.331000E3,-4.036489E0,-4.417918E0,
5.050000E0,1.332000E3,-4.001364E0,-4.436484E0,
5.054167E0,1.333000E3,-3.978307E0,-4.432054E0,
5.058333E0,1.334000E3,-3.957080E0,-4.441759E0,
5.062500E0,1.335000E3,-3.943886E0,-4.458108E0,
5.066667E0,1.336000E3,-3.938011E0,-4.450516E0,
5.070833E0,1.337000E3,-3.925489E0,-4.446030E0,
5.075000E0,1.338000E3,-3.916760E0,-4.448633E0,
5.079167E0,1.339000E3,-3.914313E0,-4.456879E0,
5.083333E0,1.340000E3,-3.888728E0,-4.469412E0,
5.087500E0,1.341000E3,-3.890743E0,-4.457311E0,
5.091667E0,1.342000E3,-3.867874E0,-4.468543E0,
5.095833E0,1.343000E3,-3.847792E0,-4.462178E0,
5.100000E0,1.344000E3,-3.833387E0,-4.481758E0,
5.104167E0,1.345000E3,-3.822438E0,-4.478539E0,
5.108333E0,1.346000E3,-3.789614E0,-4.491677E0,
5.112500E0,1.347000E3,-3.761219E0,-4.500023E0,
5.116667E0,1.348000E3,-3.728584E0,-4.508070E0,
5.120833E0,1.349000E3,-3.693576E0,-4.525091E0,
5.125000E0,1.350000E3,-3.666252E0,-4.545451E0,
5.129167E0,1.351000E3,-3.622200E0,-4.549444E0,
5.133333E0,1.352000E3,-3.584806E0,-4.571533E0,
5.137500E0,1.353000E3,-3.559563E0,-4.570853E0,
5.141667E0,1.354000E3,-3.540098E0,-4.567298E0,
5.145833E0,1.355000E3,-3.505112E0,-4.591806E0,
5.150000E0,1.356000E3,-3.486899E0,-4.587886E0,
5.154167E0,1.357000E3,-3.463277E0,-4.604016E0,
5.158333E0,1.358000E3,-3.437079E0,-4.605477E0,
5.162500E0,1.359000E3,-3.409017E0,-4.608909E0,
5.166667E0,1.360000E3,-3.401134E0,-4.609987E0,
5.170833E0,1.361000E3,-3.401939E0,-4.604862E0,
5.175000E0,1.362000E3,-3.381692E0,-4.615776E0,
5.179167E0,1.363000E3,-3.383333E0,-4.618576E0,
5.183333E0,1.364000E3,-3.360336E0,-4.618823E0,
5.187500E0,1.365000E3,-3.355625E0,-4.629941E0,
5.191667E0,1.366000E3,-3.334888E0,-4.626103E0,
5.195833E0,1.367000E3,-3.336214E0,-4.624315E0,
5.200000E0,1.368000E3,-3.311847E0,-4.627089E0,
5.204167E0,1.369000E3,-3.288171E0,-4.636113E0,
5.208333E0,1.370000E3,-3.250201E0,-4.640187E0,
5.212500E0,1.371000E3,-3.232293E0,-4.649595E0,
5.216667E0,1.372000E3,-3.196568E0,-4.655490E0,
5.220833E0,1.373000E3,-3.174886E0,-4.658115E0,
5.225000E0,1.374000E3,-3.125702E0,-4.667640E0,
5.229167E0,1.375000E3,-3.092636E0,-4.672788E0,
5.233333E0,1.376000E3,-3.060569E0,-4.677095E0,
5.237500E0,1.377000E3,-3.026018E0,-4.698037E0,
5.241667E0,1.378000E3,-2.996906E0,-4.705312E0,
5.245833E0,1.379000E3,-2.960100E0,-4.698631E0,
5.250000E0,1.380000E3,-2.941903E0,-4.708420E0,
5.254167E0,1.381000E3,-2.921508E0,-4.703239E0,
5.258333E0,1.382000E3,-2.904373E0,-4.708680E0,
5.262500E0,1.383000E3,-2.881903E0,-4.724027E0,
5.266667E0,1.384000E3,-2.870571E0,-4.725224E0,
5.270833E0,1.385000E3,-2.861550E0,-4.722693E0,
5.275000E0,1.386000E3,-2.853528E0,-4.735236E0,
5.279167E0,1.387000E3,-2.832742E0,-4.727573E0,
5.283333E0,1.388000E3,-2.830130E0,-4.722966E0,
5.287500E0,1.389000E3,-2.827382E0,-4.732353E0,
5.291667E0,1.390000E3,-2.810419E0,-4.740050E0,
5.295833E0,1.391000E3,-2.787005E0,-4.741613E0,
5.300000E0,1.392000E3,-2.756117E0,-4.734923E0,
5.304167E0,1.393000E3,-2.744407E0,-4.743432E0,
5.308333E0,1.394000E3,-2.713825E0,-4.749907E0,
5.312500E0,1.395000E3,-2.697559E0,-4.753994E0,
5.316667E0,1.396000E3,-2.660455E0,-4.755147E0,
5.320833E0,1.397000E3,-2.629655E0,-4.765466E0,
5.325000E0,1.398000E3,-2.586696E0,-4.764391E0,
5.329167E0,1.399000E3,-2.567125E0,-4.777132E0,
5.333333E0,1.400000E3,-2.523591E0,-4.781467E0,
5.337500E0,1.401000E3,-2.486075E0,-4.787793E0,
5.341667E0,1.402000E3,-2.452836E0,-4.797937E0,
5.345833E0,1.403000E3,-2.416066E0,-4.811748E0,
5.350000E0,1.404000E3,-2.400812E0,-4.809812E0,
5.354167E0,1.405000E3,-2.378883E0,-4.811343E0,
5.358333E0,1.406000E3,-2.344716E0,-4.815682E0,
5.362500E0,1.407000E3,-2.338046E0,-4.829826E0,
5.366667E0,1.408000E3,-2.320537E0,-4.820417E0,
5.370833E0,1.409000E3,-2.321954E0,-4.823574E0,
5.375000E0,1.410000E3,-2.302226E0,-4.820841E0,
5.379167E0,1.411000E3,-2.293614E0,-4.824825E0,
5.383333E0,1.412000E3,-2.281686E0,-4.834991E0,
5.387500E0,1.413000E3,-2.281818E0,-4.841757E0,
5.391667E0,1.414000E3,-2.259279E0,-4.831802E0,
5.395833E0,1.415000E3,-2.261960E0,-4.841242E0,
5.400000E0,1.416000E3,-2.234522E0,-4.847354E0,
5.404167E0,1.417000E3,-2.203740E0,-4.851911E0,
5.408333E0,1.418000E3,-2.184837E0,-4.863747E0,
5.412500E0,1.419000E3,-2.148590E0,-4.850997E0,
5.416667E0,1.420000E3,-2.115824E0,-4.867191E0,
5.420833E0,1.421000E3,-2.094757E0,-4.855656E0,
5.425000E0,1.422000E3,-2.048917E0,-4.879347E0,
5.429167E0,1.423000E3,-2.025345E0,-4.896274E0,
5.433333E0,1.424000E3,-1.989264E0,-4.880712E0,
5.437500E0,1.425000E3,-1.949208E0,-4.908857E0,
5.441667E0,1.426000E3,-1.920814E0,-4.906343E0,
5.445833E0,1.427000E3,-1.891067E0,-4.915925E0,
5.450000E0,1.428000E3,-1.863465E0,-4.922474E0,
5.454167E0,1.429000E3,-1.826592E0,-4.932224E0,
5.458333E0,1.430000E3,-1.820885E0,-4.921593E0,
5.462500E0,1.431000E3,-1.806286E0,-4.927728E0,
5.466667E0,1.432000E3,-1.792648E0,-4.932389E0,
5.470833E0,1.433000E3,-1.778608E0,-4.943082E0,
5.475000E0,1.434000E3,-1.762348E0,-4.928122E0,
5.479167E0,1.435000E3,-1.755644E0,-4.939431E0,
5.483333E0,1.436000E3,-1.753396E0,-4.955817E0,
5.487500E0,1.437000E3,-1.736708E0,-4.936070E0,
5.491667E0,1.438000E3,-1.730971E0,-4.958285E0,
5.495833E0,1.439000E3,-1.710605E0,-4.953741E0,
5.500000E0,1.440000E3,-1.695479E0,-4.954073E0,
5.504167E0,1.441000E3,-1.675686E0,-4.968837E0,
5.508333E0,1.442000E3,-1.640512E0,-4.979599E0,
5.512500E0,1.443000E3,-1.613804E0,-4.974765E0,
5.516667E0,1.444000E3,-1.582867E0,-4.994321E0,
5.520833E0,1.445000E3,-1.558343E0,-5.009408E0,
5.525000E0,1.446000E3,-1.517189E0,-5.018987E0,
5.529167E0,1.447000E3,-1.478582E0,-5.014414E0,
5.533333E0,1.448000E3,-1.429593E0,-5.019907E0,
5.537500E0,1.449000E3,-1.414096E0,-5.027331E0,
5.541667E0,1.450000E3,-1.375859E0,-5.043236E0,
5.545833E0,1.451000E3,-1.365994E0,-5.046185E0,
5.550000E0,1.452000E3,-1.339576E0,-5.059051E0,
5.554167E0,1.453000E3,-1.306359E0,-5.058571E0,
5.558333E0,1.454000E3,-1.273561E0,-5.074164E0,
5.562500E0,1.455000E3,-1.262428E0,-5.063433E0,
5.566667E0,1.456000E3,-1.255694E0,-5.080803E0,
5.570833E0,1.457000E3,-1.240970E0,-5.082603E0,
5.575000E0,1.458000E3,-1.228867E0,-5.083668E0,
5.579167E0,1.459000E3,-1.231692E0,-5.079788E0,
5.583333E0,1.460000E3,-1.219881E0,-5.092670E0,
5.587500E0,1.461000E3,-1.211026E0,-5.082445E0,
5.591667E0,1.462000E3,-1.189996E0,-5.100375E0,
5.595833E0,1.463000E3,-1.183522E0,-5.093445E0,
5.600000E0,1.464000E3,-1.169439E0,-5.099619E0,
5.604167E0,1.465000E3,-1.142110E0,-5.095520E0,
5.608333E0,1.466000E3,-1.121000E0,-5.095030E0,
5.612500E0,1.467000E3,-1.076118E0,-5.102022E0,
5.616667E0,1.468000E3,-1.040553E0,-5.111197E0,
5.620833E0,1.469000E3,-1.018922E0,-5.118718E0,
5.625000E0,1.470000E3,-9.687913E-1,-5.131269E0,
5.629167E0,1.471000E3,-9.454090E-1,-5.132005E0,
5.633333E0,1.472000E3,-9.119101E-1,-5.153298E0,
5.637500E0,1.473000E3,-8.743053E-1,-5.156231E0,
5.641667E0,1.474000E3,-8.466430E-1,-5.162988E0,
5.645833E0,1.475000E3,-8.240214E-1,-5.170895E0,
5.650000E0,1.476000E3,-7.891300E-1,-5.181370E0,
5.654167E0,1.477000E3,-7.718197E-1,-5.185976E0,
5.658333E0,1.478000E3,-7.542276E-1,-5.184715E0,
5.662500E0,1.479000E3,-7.344896E-1,-5.186955E0,
5.666667E0,1.480000E3,-7.206612E-1,-5.203245E0,
5.670833E0,1.481000E3,-7.030015E-1,-5.195783E0,
5.675000E0,1.482000E3,-6.975745E-1,-5.216943E0,
5.679167E0,1.483000E3,-6.926097E-1,-5.214171E0,
5.683333E0,1.484000E3,-6.780428E-1,-5.199784E0,
5.687500E0,1.485000E3,-6.768242E-1,-5.206141E0,
5.691667E0,1.486000E3,-6.558410E-1,-5.205727E0,
5.695833E0,1.487000E3,-6.441125E-1,-5.230765E0,
5.700000E0,1.488000E3,-6.269113E-1,-5.221482E0,
5.704167E0,1.489000E3,-6.072243E-1,-5.226873E0,
5.708333E0,1.490000E3,-5.754494E-1,-5.229557E0,
5.712500E0,1.491000E3,-5.468685E-1,-5.242342E0,
5.716667E0,1.492000E3,-5.090205E-1,-5.261409E0,
5.720833E0,1.493000E3,-4.910103E-1,-5.257579E0,
5.725000E0,1.494000E3,-4.448288E-1,-5.268460E0,
5.729167E0,1.495000E3,-4.254757E-1,-5.285242E0,
5.733333E0,1.496000E3,-3.783542E-1,-5.283693E0,
5.737500E0,1.497000E3,-3.413261E-1,-5.307678E0,
5.741667E0,1.498000E3,-3.150718E-1,-5.300859E0,
5.745833E0,1.499000E3,-2.897710E-1,-5.319440E0,
5.750000E0,1.500000E3,-2.608183E-1,-5.315760E0,
5.754167E0,1.501000E3,-2.360903E-1,-5.328355E0,
5.758333E0,1.502000E3,-2.278519E-1,-5.328573E0,
5.762500E0,1.503000E3,-1.958475E-1,-5.331040E0,
5.766667E0,1.504000E3,-1.983572E-1,-5.341634E0,
5.770833E0,1.505000E3,-1.838063E-1,-5.347019E0,
5.775000E0,1.506000E3,-1.707848E-1,-5.339219E0,
5.779167E0,1.507000E3,-1.756687E-1,-5.343961E0,
5.783333E0,1.508000E3,-1.567463E-1,-5.350625E0,
5.787500E0,1.509000E3,-1.529246E-1,-5.363743E0,
5.791667E0,1.510000E3,-1.302372E-1,-5.367060E0,
5.795833E0,1.511000E3,-1.212985E-1,-5.369029E0,
5.800000E0,1.512000E3,-9.419278E-2,-5.368542E0,
5.804167E0,1.513000E3,-6.821921E-2,-5.379254E0,
5.808333E0,1.514000E3,-3.403459E-2,-5.379310E0,
5.812500E0,1.515000E3,-3.128989E-2,-5.385832E0,
5.816667E0,1.516000E3,2.624555E-3,-5.397872E0,
5.820833E0,1.517000E3,5.955459E-2,-5.405396E0,
5.825000E0,1.518000E3,9.586472E-2,-5.413607E0,
5.829167E0,1.519000E3,1.136636E-1,-5.425938E0,
5.833333E0,1.520000E3,1.491063E-1,-5.424082E0,
5.837500E0,1.521000E3,1.782281E-1,-5.444823E0,
5.841667E0,1.522000E3,2.077923E-1,-5.441681E0,
5.845833E0,1.523000E3,2.464294E-1,-5.460559E0,
5.850000E0,1.524000E3,2.682270E-1,-5.457837E0,
5.854167E0,1.525000E3,2.918537E-1,-5.470176E0,
5.858333E0,1.526000E3,3.175261E-1,-5.455816E0,
5.862500E0,1.527000E3,3.213056E-1,-5.482711E0,
5.866667E0,1.528000E3,3.341942E-1,-5.480023E0,
5.870833E0,1.529000E3,3.563294E-1,-5.478395E0,
5.875000E0,1.530000E3,3.526038E-1,-5.486493E0,
5.879167E0,1.531000E3,3.676310E-1,-5.481954E0,
5.883333E0,1.532000E3,3.812486E-1,-5.479467E0,
5.887500E0,1.533000E3,3.813713E-1,-5.482794E0,
5.891667E0,1.534000E3,4.136479E-1,-5.492548E0,
5.895833E0,1.535000E3,4.102589E-1,-5.498993E0,
5.900000E0,1.536000E3,4.432132E-1,-5.519042E0,
5.904167E0,1.537000E3,4.742598E-1,-5.510966E0,
5.908333E0,1.538000E3,4.802341E-1,-5.517990E0,
5.912500E0,1.539000E3,5.115481E-1,-5.532745E0,
5.916667E0,1.540000E3,5.509273E-1,-5.524489E0,
5.920833E0,1.541000E3,5.860752E-1,-5.547051E0,
5.925000E0,1.542000E3,6.204277E-1,-5.550055E0,
5.929167E0,1.543000E3,6.532849E-1,-5.550381E0,
5.933333E0,1.544000E3,6.848751E-1,-5.571037E0,
5.937500E0,1.545000E3,7.162907E-1,-5.570690E0,
5.941667E0,1.546000E3,7.435811E-1,-5.582139E0,
5.945833E0,1.547000E3,7.830798E-1,-5.584256E0,
5.950000E0,1.548000E3,8.080109E-1,-5.583104E0,
5.954167E0,1.549000E3,8.269526E-1,-5.577720E0,
5.958333E0,1.550000E3,8.489517E-1,-5.597474E0,
5.962500E0,1.551000E3,8.695587E-1,-5.603829E0,
5.966667E0,1.552000E3,8.892905E-1,-5.605963E0,
5.970833E0,1.553000E3,8.970637E-1,-5.597626E0,
5.975000E0,1.554000E3,8.865307E-1,-5.609476E0,
5.979167E0,1.555000E3,9.005265E-1,-5.616598E0,
5.983333E0,1.556000E3,9.203801E-1,-5.593225E0,
5.987500E0,1.557000E3,9.295004E-1,-5.610641E0,
5.991667E0,1.558000E3,9.323525E-1,-5.618696E0,
5.995833E0,1.559000E3,9.600248E-1,-5.612987E0,
6.000000E0,1.560000E3,9.731653E-1,-5.613029E0,
6.004167E0,1.561000E3,9.877338E-1,-5.604642E0,
6.008333E0,1.562000E3,1.026675E0,-5.611948E0,
6.012500E0,1.563000E3,1.054485E0,-5.612856E0,
6.016667E0,1.564000E3,1.081194E0,-5.621484E0,
6.020833E0,1.565000E3,1.131600E0,-5.616505E0,
6.025000E0,1.566000E3,1.149488E0,-5.610474E0,
6.029167E0,1.567000E3,1.199926E0,-5.615112E0,
6.033333E0,1.568000E3,1.219065E0,-5.623043E0,
6.037500E0,1.569000E3,1.268733E0,-5.618640E0,
6.041667E0,1.570000E3,1.308603E0,-5.622291E0,
6.045833E0,1.571000E3,1.339234E0,-5.618888E0,
6.050000E0,1.572000E3,1.355447E0,-5.616526E0,
6.054167E0,1.573000E3,1.373045E0,-5.623100E0,
6.058333E0,1.574000E3,1.391214E0,-5.627405E0,
6.062500E0,1.575000E3,1.422711E0,-5.617204E0,
6.066667E0,1.576000E3,1.426210E0,-5.618361E0,
6.070833E0,1.577000E3,1.431842E0,-5.619007E0,
6.075000E0,1.578000E3,1.455862E0,-5.628602E0,
6.079167E0,1.579000E3,1.453507E0,-5.623482E0,
6.083333E0,1.580000E3,1.459474E0,-5.621272E0,
6.087500E0,1.581000E3,1.471410E0,-5.619970E0,
6.091667E0,1.582000E3,1.484995E0,-5.622513E0,
6.095833E0,1.583000E3,1.515479E0,-5.624235E0,
6.100000E0,1.584000E3,1.528136E0,-5.602779E0,
6.104167E0,1.585000E3,1.542519E0,-5.615749E0,
6.108333E0,1.586000E3,1.575374E0,-5.606777E0,
6.112500E0,1.587000E3,1.609607E0,-5.620294E0,
6.116667E0,1.588000E3,1.641486E0,-5.625459E0,
6.120833E0,1.589000E3,1.669648E0,-5.622411E0,
6.125000E0,1.590000E3,1.706693E0,-5.624785E0,
6.129167E0,1.591000E3,1.747035E0,-5.623601E0,
6.133333E0,1.592000E3,1.776339E0,-5.633191E0,
6.137500E0,1.593000E3,1.810729E0,-5.635284E0,
6.141667E0,1.594000E3,1.847457E0,-5.638327E0,
6.145833E0,1.595000E3,1.872710E0,-5.637508E0,
6.150000E0,1.596000E3,1.910843E0,-5.639959E0,
6.154167E0,1.597000E3,1.918652E0,-5.633775E0,
6.158333E0,1.598000E3,1.949456E0,-5.635148E0,
6.162500E0,1.599000E3,1.961807E0,-5.637121E0,
6.166667E0,1.600000E3,1.975738E0,-5.638729E0,
6.170833E0,1.601000E3,1.983996E0,-5.643784E0,
6.175000E0,1.602000E3,1.978950E0,-5.642665E0,
6.179167E0,1.603000E3,2.011700E0,-5.650231E0,
6.183333E0,1.604000E3,2.021729E0,-5.634912E0,
6.187500E0,1.605000E3,2.016815E0,-5.649634E0,
6.191667E0,1.606000E3,2.032053E0,-5.660653E0,
6.195833E0,1.607000E3,2.050906E0,-5.658554E0,
6.200000E0,1.608000E3,2.068618E0,-5.652299E0,
6.204167E0,1.609000E3,2.096229E0,-5.667628E0,
6.208333E0,1.610000E3,2.126363E0,-5.649358E0,
6.212500E0,1.611000E3,2.150937E0,-5.666368E0,
6.216667E0,1.612000E3,2.182506E0,-5.671913E0,
6.220833E0,1.613000E3,2.221704E0,-5.684174E0,
6.225000E0,1.614000E3,2.260364E0,-5.688020E0,
6.229167E0,1.615000E3,2.288688E0,-5.681707E0,
6.233333E0,1.616000E3,2.326117E0,-5.703154E0,
6.237500E0,1.617000E3,2.366016E0,-5.708812E0,
6.241667E0,1.618000E3,2.381481E0,-5.721479E0,
6.245833E0,1.619000E3,2.418614E0,-5.726481E0,
6.250000E0,1.620000E3,2.439743E0,-5.716489E0,
6.254167E0,1.621000E3,2.463720E0,-5.728921E0,
6.258333E0,1.622000E3,2.483536E0,-5.741244E0,
6.262500E0,1.623000E3,2.491446E0,-5.744077E0,
6.266667E0,1.624000E3,2.511890E0,-5.744297E0,
6.270833E0,1.625000E3,2.526853E0,-5.745458E0,
6.275000E0,1.626000E3,2.543973E0,-5.739206E0,
6.279167E0,1.627000E3,2.539384E0,-5.757702E0,
6.283333E0,1.628000E3,2.555759E0,-5.753248E0,
6.287500E0,1.629000E3,2.562825E0,-5.750053E0,
6.291667E0,1.630000E3,2.570013E0,-5.759739E0,
6.295833E0,1.631000E3,2.594814E0,-5.757959E0,
6.300000E0,1.632000E3,2.626193E0,-5.762258E0,
6.304167E0,1.633000E3,2.637853E0,-5.763153E0,
6.308333E0,1.634000E3,2.651439E0,-5.785734E0,
6.312500E0,1.635000E3,2.689363E0,-5.790978E0,
6.316667E0,1.636000E3,2.712939E0,-5.792336E0,
6.320833E0,1.637000E3,2.750446E0,-5.810732E0,
6.325000E0,1.638000E3,2.793433E0,-5.811031E0,
6.329167E0,1.639000E3,2.821377E0,-5.812890E0,
6.333333E0,1.640000E3,2.858084E0,-5.832604E0,
6.337500E0,1.641000E3,2.887376E0,-5.840679E0,
6.341667E0,1.642000E3,2.924144E0,-5.848682E0,
6.345833E0,1.643000E3,2.963186E0,-5.856724E0,
6.350000E0,1.644000E3,2.980935E0,-5.865969E0,
6.354167E0,1.645000E3,2.996601E0,-5.881996E0,
6.358333E0,1.646000E3,3.021740E0,-5.876488E0,
6.362500E0,1.647000E3,3.028260E0,-5.881367E0,
6.366667E0,1.648000E3,3.050310E0,-5.886838E0,
6.370833E0,1.649000E3,3.060478E0,-5.896598E0,
6.375000E0,1.650000E3,3.061422E0,-5.891502E0,
6.379167E0,1.651000E3,3.084408E0,-5.887568E0,
6.383333E0,1.652000E3,3.081295E0,-5.895498E0,
6.387500E0,1.653000E3,3.100166E0,-5.893973E0,
6.391667E0,1.654000E3,3.105594E0,-5.905375E0,
6.395833E0,1.655000E3,3.124560E0,-5.920054E0,
6.400000E0,1.656000E3,3.135059E0,-5.924198E0,
6.404167E0,1.657000E3,3.161950E0,-5.938477E0,
6.408333E0,1.658000E3,3.179023E0,-5.944272E0,
6.412500E0,1.659000E3,3.200145E0,-5.948103E0,
6.416667E0,1.660000E3,3.244383E0,-5.965892E0,
6.420833E0,1.661000E3,3.278299E0,-5.980182E0,
6.425000E0,1.662000E3,3.303974E0,-5.993793E0,
6.429167E0,1.663000E3,3.345302E0,-5.995646E0,
6.433333E0,1.664000E3,3.379896E0,-6.009995E0,
6.437500E0,1.665000E3,3.397881E0,-6.030997E0,
6.441667E0,1.666000E3,3.431213E0,-6.052755E0,
6.445833E0,1.667000E3,3.452583E0,-6.065399E0,
6.450000E0,1.668000E3,3.487052E0,-6.083422E0,
6.454167E0,1.669000E3,3.499096E0,-6.091308E0,
6.458333E0,1.670000E3,3.520282E0,-6.102809E0,
6.462500E0,1.671000E3,3.538448E0,-6.106478E0,
6.466667E0,1.672000E3,3.554268E0,-6.110718E0,
6.470833E0,1.673000E3,3.546192E0,-6.114146E0,
6.475000E0,1.674000E3,3.578314E0,-6.105700E0,
6.479167E0,1.675000E3,3.565938E0,-6.125526E0,
6.483333E0,1.676000E3,3.583028E0,-6.132303E0,
6.487500E0,1.677000E3,3.594307E0,-6.136582E0,
6.491667E0,1.678000E3,3.599712E0,-6.133203E0,
6.495833E0,1.679000E3,3.614849E0,-6.152725E0,
6.500000E0,1.680000E3,3.631481E0,-6.153264E0,
6.504167E0,1.681000E3,3.658189E0,-6.166438E0,
6.508333E0,1.682000E3,3.687269E0,-6.186253E0,
6.512500E0,1.683000E3,3.699856E0,-6.193823E0,
6.516667E0,1.684000E3,3.736189E0,-6.216461E0,
6.520833E0,1.685000E3,3.760841E0,-6.224183E0,
6.525000E0,1.686000E3,3.795663E0,-6.229525E0,
6.529167E0,1.687000E3,3.832674E0,-6.260043E0,
6.533333E0,1.688000E3,3.857519E0,-6.279190E0,
6.537500E0,1.689000E3,3.881609E0,-6.295430E0,
6.541667E0,1.690000E3,3.931477E0,-6.304387E0,
6.545833E0,1.691000E3,3.952668E0,-6.318591E0,
6.550000E0,1.692000E3,3.979103E0,-6.336015E0,
6.554167E0,1.693000E3,3.988282E0,-6.348801E0,
6.558333E0,1.694000E3,4.001558E0,-6.357436E0,
6.562500E0,1.695000E3,4.019023E0,-6.359335E0,
6.566667E0,1.696000E3,4.028798E0,-6.375965E0,
6.570833E0,1.697000E3,4.044006E0,-6.367571E0,
6.575000E0,1.698000E3,4.059269E0,-6.371636E0,
6.579167E0,1.699000E3,4.053683E0,-6.402146E0,
6.583333E0,1.700000E3,4.067258E0,-6.398154E0,
6.587500E0,1.701000E3,4.078149E0,-6.393558E0,
6.591667E0,1.702000E3,4.085439E0,-6.407995E0,
6.595833E0,1.703000E3,4.106927E0,-6.416393E0,
6.600000E0,1.704000E3,4.117698E0,-6.420910E0,
6.604167E0,1.705000E3,4.133808E0,-6.431491E0,
6.608333E0,1.706000E3,4.152825E0,-6.447575E0,
6.612500E0,1.707000E3,4.181991E0,-6.460660E0,
6.616667E0,1.708000E3,4.213943E0,-6.474311E0,
6.620833E0,1.709000E3,4.234850E0,-6.496095E0,
6.625000E0,1.710000E3,4.281164E0,-6.515843E0,
6.629167E0,1.711000E3,4.311940E0,-6.536382E0,
6.633333E0,1.712000E3,4.330110E0,-6.545997E0,
6.637500E0,1.713000E3,4.355883E0,-6.569500E0,
6.641667E0,1.714000E3,4.399414E0,-6.592220E0,
6.645833E0,1.715000E3,4.415506E0,-6.598552E0,
6.650000E0,1.716000E3,4.448084E0,-6.613275E0,
6.654167E0,1.717000E3,4.455673E0,-6.630541E0,
6.658333E0,1.718000E3,4.473882E0,-6.638644E0,
6.662500E0,1.719000E3,4.491444E0,-6.647329E0,
6.666667E0,1.720000E3,4.486457E0,-6.665014E0,
6.670833E0,1.721000E3,4.519452E0,-6.664549E0,
6.675000E0,1.722000E3,4.528648E0,-6.672188E0,
6.679167E0,1.723000E3,4.537939E0,-6.670512E0,
6.683333E0,1.724000E3,4.529227E0,-6.682271E0,
6.687500E0,1.725000E3,4.543964E0,-6.689164E0,
6.691667E0,1.726000E3,4.553999E0,-6.694899E0,
6.695833E0,1.727000E3,4.558910E0,-6.708812E0,
6.700000E0,1.728000E3,4.589349E0,-6.711201E0,
6.704167E0,1.729000E3,4.599630E0,-6.729547E0,
6.708333E0,1.730000E3,4.617784E0,-6.735915E0,
6.712500E0,1.731000E3,4.647739E0,-6.757686E0,
6.716667E0,1.732000E3,4.687135E0,-6.777924E0,
6.720833E0,1.733000E3,4.696002E0,-6.782467E0,
6.725000E0,1.734000E3,4.734259E0,-6.803752E0,
6.729167E0,1.735000E3,4.775771E0,-6.835968E0,
6.733333E0,1.736000E3,4.806709E0,-6.840462E0,
6.737500E0,1.737000E3,4.829727E0,-6.859391E0,
6.741667E0,1.738000E3,4.845192E0,-6.888700E0,
6.745833E0,1.739000E3,4.880277E0,-6.895234E0,
6.750000E0,1.740000E3,4.899152E0,-6.923464E0,
6.754167E0,1.741000E3,4.925621E0,-6.918975E0,
6.758333E0,1.742000E3,4.949600E0,-6.931349E0,
6.762500E0,1.743000E3,4.957240E0,-6.936558E0,
6.766667E0,1.744000E3,4.966669E0,-6.950579E0,
6.770833E0,1.745000E3,4.969258E0,-6.957406E0,
6.775000E0,1.746000E3,4.981112E0,-6.959568E0,
6.779167E0,1.747000E3,4.994519E0,-6.970571E0,
6.783333E0,1.748000E3,4.995685E0,-6.973343E0,
6.787500E0,1.749000E3,5.003003E0,-6.983079E0,
6.791667E0,1.750000E3,5.015049E0,-6.985888E0,
6.795833E0,1.751000E3,5.027564E0,-7.012112E0,
6.800000E0,1.752000E3,5.033481E0,-7.009512E0,
6.804167E0,1.753000E3,5.056588E0,-7.037326E0,
6.808333E0,1.754000E3,5.070414E0,-7.049995E0,
6.812500E0,1.755000E3,5.099534E0,-7.066259E0,
6.816667E0,1.756000E3,5.142449E0,-7.072899E0,
6.820833E0,1.757000E3,5.149443E0,-7.112056E0,
6.825000E0,1.758000E3,5.189490E0,-7.137150E0,
6.829167E0,1.759000E3,5.214161E0,-7.160549E0,
6.833333E0,1.760000E3,5.239844E0,-7.186458E0,
6.837500E0,1.761000E3,5.262840E0,-7.186561E0,
6.841667E0,1.762000E3,5.308536E0,-7.208284E0,
6.845833E0,1.763000E3,5.333183E0,-7.222726E0,
6.850000E0,1.764000E3,5.348764E0,-7.239254E0,
6.854167E0,1.765000E3,5.359317E0,-7.254880E0,
6.858333E0,1.766000E3,5.381683E0,-7.253358E0,
6.862500E0,1.767000E3,5.396559E0,-7.271998E0,
6.866667E0,1.768000E3,5.410529E0,-7.268769E0,
6.870833E0,1.769000E3,5.416099E0,-7.266795E0,
6.875000E0,1.770000E3,5.435573E0,-7.283130E0,
6.879167E0,1.771000E3,5.439472E0,-7.283848E0,
6.883333E0,1.772000E3,5.458095E0,-7.295405E0,
6.887500E0,1.773000E3,5.451146E0,-7.308311E0,
6.891667E0,1.774000E3,5.475806E0,-7.305359E0,
6.895833E0,1.775000E3,5.484976E0,-7.318573E0,
6.900000E0,1.776000E3,5.497949E0,-7.324487E0,
6.904167E0,1.777000E3,5.517328E0,-7.319450E0,
6.908333E0,1.778000E3,5.549387E0,-7.329641E0,
6.912500E0,1.779000E3,5.565400E0,-7.358964E0,
6.916667E0,1.780000E3,5.596668E0,-7.360378E0,
6.920833E0,1.781000E3,5.621301E0,-7.372991E0,
6.925000E0,1.782000E3,5.658431E0,-7.399761E0,
6.929167E0,1.783000E3,5.693932E0,-7.423113E0,
6.933333E0,1.784000E3,5.720532E0,-7.433169E0,
6.937500E0,1.785000E3,5.757059E0,-7.432414E0,
6.941667E0,1.786000E3,5.793140E0,-7.439276E0,
6.945833E0,1.787000E3,5.806190E0,-7.464747E0,
6.950000E0,1.788000E3,5.843373E0,-7.462173E0,
6.954167E0,1.789000E3,5.864143E0,-7.469903E0,
6.958333E0,1.790000E3,5.881003E0,-7.490714E0,
6.962500E0,1.791000E3,5.896914E0,-7.491374E0,
6.966667E0,1.792000E3,5.906635E0,-7.488166E0,
6.970833E0,1.793000E3,5.917680E0,-7.499861E0,
6.975000E0,1.794000E3,5.929526E0,-7.492314E0,
6.979167E0,1.795000E3,5.946257E0,-7.495371E0,
6.983333E0,1.796000E3,5.955293E0,-7.505785E0,
6.987500E0,1.797000E3,5.957114E0,-7.498637E0,
6.991667E0,1.798000E3,5.964187E0,-7.501489E0,
6.995833E0,1.799000E3,5.995940E0,-7.515578E0,
7.000000E0,1.800000E3,6.018159E0,-7.519640E0,
7.004167E0,1.801000E3,6.033340E0,-7.523921E0,
7.008333E0,1.802000E3,6.056126E0,-7.525487E0,
7.012500E0,1.803000E3,6.088061E0,-7.534796E0,
7.016667E0,1.804000E3,6.124153E0,-7.539154E0,
7.020833E0,1.805000E3,6.148148E0,-7.560028E0,
7.025000E0,1.806000E3,6.190180E0,-7.565414E0,
7.029167E0,1.807000E3,6.212558E0,-7.568302E0,
7.033333E0,1.808000E3,6.260429E0,-7.579728E0,
7.037500E0,1.809000E3,6.280072E0,-7.588427E0,
7.041667E0,1.810000E3,6.314273E0,-7.594118E0,
7.045833E0,1.811000E3,6.352533E0,-7.611730E0,
7.050000E0,1.812000E3,6.362608E0,-7.625667E0,
7.054167E0,1.813000E3,6.399874E0,-7.624503E0,
7.058333E0,1.814000E3,6.418462E0,-7.629317E0,
7.062500E0,1.815000E3,6.436548E0,-7.637611E0,
7.066667E0,1.816000E3,6.443893E0,-7.645874E0,
7.070833E0,1.817000E3,6.457994E0,-7.646532E0,
7.075000E0,1.818000E3,6.461922E0,-7.650841E0,
7.079167E0,1.819000E3,6.472768E0,-7.632364E0,
7.083333E0,1.820000E3,6.467850E0,-7.653933E0,
7.087500E0,1.821000E3,6.495072E0,-7.656896E0,
7.091667E0,1.822000E3,6.506338E0,-7.654064E0,
7.095833E0,1.823000E3,6.517690E0,-7.665105E0,
7.100000E0,1.824000E3,6.544491E0,-7.656465E0,
7.104167E0,1.825000E3,6.556885E0,-7.670632E0,
7.108333E0,1.826000E3,6.587819E0,-7.680110E0,
7.112500E0,1.827000E3,6.610832E0,-7.686019E0,
7.116667E0,1.828000E3,6.648689E0,-7.697104E0,
7.120833E0,1.829000E3,6.684710E0,-7.701700E0,
7.125000E0,1.830000E3,6.714133E0,-7.709845E0,
7.129167E0,1.831000E3,6.755250E0,-7.729272E0,
7.133333E0,1.832000E3,6.775392E0,-7.729842E0,
7.137500E0,1.833000E3,6.813783E0,-7.749916E0,
7.141667E0,1.834000E3,6.848191E0,-7.769592E0,
7.145833E0,1.835000E3,6.874643E0,-7.781261E0,
7.150000E0,1.836000E3,6.897935E0,-7.768490E0,
7.154167E0,1.837000E3,6.925989E0,-7.786884E0,
7.158333E0,1.838000E3,6.939445E0,-7.788392E0,
7.162500E0,1.839000E3,6.957806E0,-7.786939E0,
7.166667E0,1.840000E3,6.971261E0,-7.796284E0,
7.170833E0,1.841000E3,6.969700E0,-7.799653E0,
7.175000E0,1.842000E3,6.991268E0,-7.803578E0,
7.179167E0,1.843000E3,7.000740E0,-7.809414E0,
7.183333E0,1.844000E3,7.001581E0,-7.805458E0,
7.187500E0,1.845000E3,7.022429E0,-7.802329E0,
7.191667E0,1.846000E3,7.022599E0,-7.812403E0,
7.195833E0,1.847000E3,7.052769E0,-7.836863E0,
7.200000E0,1.848000E3,7.061559E0,-7.823722E0,
7.204167E0,1.849000E3,7.082695E0,-7.830769E0,
7.208333E0,1.850000E3,7.113876E0,-7.827600E0,
7.212500E0,1.851000E3,7.146234E0,-7.853381E0,
7.216667E0,1.852000E3,7.172003E0,-7.852795E0,
7.220833E0,1.853000E3,7.206019E0,-7.879649E0,
7.225000E0,1.854000E3,7.252454E0,-7.885200E0,
7.229167E0,1.855000E3,7.277113E0,-7.890396E0,
7.233333E0,1.856000E3,7.315198E0,-7.896116E0,
7.237500E0,1.857000E3,7.347137E0,-7.913787E0,
7.241667E0,1.858000E3,7.373238E0,-7.918562E0,
7.245833E0,1.859000E3,7.403849E0,-7.935368E0,
7.250000E0,1.860000E3,7.427357E0,-7.922167E0,
7.254167E0,1.861000E3,7.447126E0,-7.944982E0,
7.258333E0,1.862000E3,7.471180E0,-7.943923E0,
7.262500E0,1.863000E3,7.489131E0,-7.950306E0,
7.266667E0,1.864000E3,7.501816E0,-7.942661E0,
7.270833E0,1.865000E3,7.510961E0,-7.957797E0,
7.275000E0,1.866000E3,7.529548E0,-7.949000E0,
7.279167E0,1.867000E3,7.517227E0,-7.958743E0,
7.283333E0,1.868000E3,7.529446E0,-7.958729E0,
7.287500E0,1.869000E3,7.545450E0,-7.973228E0,
7.291667E0,1.870000E3,7.549631E0,-7.966880E0,
7.295833E0,1.871000E3,7.578773E0,-7.970733E0,
7.300000E0,1.872000E3,7.592022E0,-7.982159E0,
7.304167E0,1.873000E3,7.618889E0,-7.980934E0,
7.308333E0,1.874000E3,7.643254E0,-7.990330E0,
7.312500E0,1.875000E3,7.678876E0,-7.993072E0,
7.316667E0,1.876000E3,7.696218E0,-7.987666E0,
7.320833E0,1.877000E3,7.746288E0,-7.994635E0,
7.325000E0,1.878000E3,7.772899E0,-8.012467E0,
7.329167E0,1.879000E3,7.801982E0,-8.013123E0,
7.333333E0,1.880000E3,7.846723E0,-8.021208E0,
7.337500E0,1.881000E3,7.889729E0,-8.025301E0,
7.341667E0,1.882000E3,7.913699E0,-8.042962E0,
7.345833E0,1.883000E3,7.940356E0,-8.048260E0,
7.350000E0,1.884000E3,7.957552E0,-8.056766E0,
7.354167E0,1.885000E3,7.981163E0,-8.046275E0,
7.358333E0,1.886000E3,8.007172E0,-8.067889E0,
7.362500E0,1.887000E3,8.011817E0,-8.070405E0,
7.366667E0,1.888000E3,8.025218E0,-8.066866E0,
7.370833E0,1.889000E3,8.043464E0,-8.066934E0,
7.375000E0,1.890000E3,8.043876E0,-8.075887E0,
7.379167E0,1.891000E3,8.070336E0,-8.074019E0,
7.383333E0,1.892000E3,8.078050E0,-8.082569E0,
7.387500E0,1.893000E3,8.084007E0,-8.075820E0,
7.391667E0,1.894000E3,8.098837E0,-8.089285E0,
7.395833E0,1.895000E3,8.114070E0,-8.087462E0,
7.400000E0,1.896000E3,8.123638E0,-8.094535E0,
7.404167E0,1.897000E3,8.144298E0,-8.083464E0,
7.408333E0,1.898000E3,8.179955E0,-8.102503E0,
7.412500E0,1.899000E3,8.204843E0,-8.095929E0,
7.416667E0,1.900000E3,8.232521E0,-8.105256E0,
7.420833E0,1.901000E3,8.279475E0,-8.121913E0,
7.425000E0,1.902000E3,8.324938E0,-8.129362E0,
7.429167E0,1.903000E3,8.341585E0,-8.131068E0,
7.433333E0,1.904000E3,8.374860E0,-8.141159E0,
7.437500E0,1.905000E3,8.417734E0,-8.145533E0,
7.441667E0,1.906000E3,8.442619E0,-8.168194E0,
7.445833E0,1.907000E3,8.479531E0,-8.166105E0,
7.450000E0,1.908000E3,8.499839E0,-8.182687E0,
7.454167E0,1.909000E3,8.521440E0,-8.185422E0,
7.458333E0,1.910000E3,8.551931E0,-8.183446E0,
7.462500E0,1.911000E3,8.547729E0,-8.184134E0,
7.466667E0,1.912000E3,8.577326E0,-8.190848E0,
7.470833E0,1.913000E3,8.591163E0,-8.187993E0,
7.475000E0,1.914000E3,8.583811E0,-8.202971E0,
7.479167E0,1.915000E3,8.602095E0,-8.197971E0,
7.483333E0,1.916000E3,8.611547E0,-8.207194E0,
7.487500E0,1.917000E3,8.616806E0,-8.197509E0,
7.491667E0,1.918000E3,8.633153E0,-8.195569E0,
7.495833E0,1.919000E3,8.653664E0,-8.202189E0,
7.500000E0,1.920000E3,8.666747E0,-8.205344E0,
7.504167E0,1.921000E3,8.684992E0,-8.206903E0,
7.508333E0,1.922000E3,8.722728E0,-8.213338E0,
7.512500E0,1.923000E3,8.743570E0,-8.200825E0,
7.516667E0,1.924000E3,8.770563E0,-8.209059E0,
7.520833E0,1.925000E3,8.814280E0,-8.213955E0,
7.525000E0,1.926000E3,8.849464E0,-8.227194E0,
7.529167E0,1.927000E3,8.884169E0,-8.216254E0,
7.533333E0,1.928000E3,8.919994E0,-8.224497E0,
7.537500E0,1.929000E3,8.958853E0,-8.232767E0,
7.541667E0,1.930000E3,8.997851E0,-8.227919E0,
7.545833E0,1.931000E3,9.010898E0,-8.237379E0,
7.550000E0,1.932000E3,9.044626E0,-8.237942E0,
7.554167E0,1.933000E3,9.076743E0,-8.243658E0,
7.558333E0,1.934000E3,9.086118E0,-8.242384E0,
7.562500E0,1.935000E3,9.109633E0,-8.254420E0,
7.566667E0,1.936000E3,9.126211E0,-8.250082E0,
7.570833E0,1.937000E3,9.126884E0,-8.257625E0,
7.575000E0,1.938000E3,9.140356E0,-8.261073E0,
7.579167E0,1.939000E3,9.141886E0,-8.257563E0,
7.583333E0,1.940000E3,9.154776E0,-8.254478E0,
7.587500E0,1.941000E3,9.154443E0,-8.250708E0,
7.591667E0,1.942000E3,9.177904E0,-8.260363E0,
7.595833E0,1.943000E3,9.198626E0,-8.268774E0,
7.600000E0,1.944000E3,9.215139E0,-8.268744E0,
7.604167E0,1.945000E3,9.235689E0,-8.267361E0,
7.608333E0,1.946000E3,9.263405E0,-8.279992E0,
7.612500E0,1.947000E3,9.279621E0,-8.274698E0,
7.616667E0,1.948000E3,9.317722E0,-8.288803E0,
7.620833E0,1.949000E3,9.357156E0,-8.291002E0,
7.625000E0,1.950000E3,9.393560E0,-8.295338E0,
7.629167E0,1.951000E3,9.427201E0,-8.303336E0,
7.633333E0,1.952000E3,9.457703E0,-8.312438E0,
7.637500E0,1.953000E3,9.501685E0,-8.318611E0,
7.641667E0,1.954000E3,9.535853E0,-8.329055E0,
7.645833E0,1.955000E3,9.570982E0,-8.336095E0,
7.650000E0,1.956000E3,9.588199E0,-8.329738E0,
7.654167E0,1.957000E3,9.615587E0,-8.337628E0,
7.658333E0,1.958000E3,9.631425E0,-8.342822E0,
7.662500E0,1.959000E3,9.653019E0,-8.348844E0,
7.666667E0,1.960000E3,9.658163E0,-8.342423E0,
7.670833E0,1.961000E3,9.670670E0,-8.344134E0,
7.675000E0,1.962000E3,9.677699E0,-8.349363E0,
7.679167E0,1.963000E3,9.681906E0,-8.341083E0,
7.683333E0,1.964000E3,9.695565E0,-8.355288E0,
7.687500E0,1.965000E3,9.706387E0,-8.350898E0,
7.691667E0,1.966000E3,9.714879E0,-8.361984E0,
7.695833E0,1.967000E3,9.738188E0,-8.360485E0,
7.700000E0,1.968000E3,9.757399E0,-8.364500E0,
7.704167E0,1.969000E3,9.782340E0,-8.372355E0,
7.708333E0,1.970000E3,9.810089E0,-8.374216E0,
7.712500E0,1.971000E3,9.826479E0,-8.381544E0,
7.716667E0,1.972000E3,9.858163E0,-8.378594E0,
7.720833E0,1.973000E3,9.902408E0,-8.379843E0,
7.725000E0,1.974000E3,9.944649E0,-8.397596E0,
7.729167E0,1.975000E3,9.972724E0,-8.389183E0,
7.733333E0,1.976000E3,1.000558E1,-8.405049E0,
7.737500E0,1.977000E3,1.004452E1,-8.403123E0,
7.741667E0,1.978000E3,1.007722E1,-8.411592E0,
7.745833E0,1.979000E3,1.010892E1,-8.419877E0,
7.750000E0,1.980000E3,1.012911E1,-8.427415E0,
7.754167E0,1.981000E3,1.015681E1,-8.425505E0,
7.758333E0,1.982000E3,1.016827E1,-8.426937E0,
7.762500E0,1.983000E3,1.018728E1,-8.428032E0,
7.766667E0,1.984000E3,1.020482E1,-8.430558E0,
7.770833E0,1.985000E3,1.020776E1,-8.443246E0,
7.775000E0,1.986000E3,1.022856E1,-8.430279E0,
7.779167E0,1.987000E3,1.022558E1,-8.435850E0,
7.783333E0,1.988000E3,1.023667E1,-8.452534E0,
7.787500E0,1.989000E3,1.024636E1,-8.453023E0,
7.791667E0,1.990000E3,1.024893E1,-8.445479E0,
7.795833E0,1.991000E3,1.028199E1,-8.459675E0,
7.800000E0,1.992000E3,1.029569E1,-8.454467E0,
7.804167E0,1.993000E3,1.031592E1,-8.453748E0,
7.808333E0,1.994000E3,1.034866E1,-8.470377E0,
7.812500E0,1.995000E3,1.038134E1,-8.474552E0,
7.816667E0,1.996000E3,1.040775E1,-8.481518E0,
7.820833E0,1.997000E3,1.044375E1,-8.489813E0,
7.825000E0,1.998000E3,1.047959E1,-8.496147E0,
7.829167E0,1.999000E3,1.051107E1,-8.520969E0,
7.833333E0,2.000000E3,1.053971E1,-8.524623E0,
7.837500E0,2.001000E3,1.058070E1,-8.542910E0,
7.841667E0,2.002000E3,1.060089E1,-8.538317E0,
7.845833E0,2.003000E3,1.063335E1,-8.556382E0,
7.850000E0,2.004000E3,1.065810E1,-8.560171E0,
7.854167E0,2.005000E3,1.068640E1,-8.569873E0,
7.858333E0,2.006000E3,1.070503E1,-8.576215E0,
7.862500E0,2.007000E3,1.071609E1,-8.581661E0,
7.866667E0,2.008000E3,1.073557E1,-8.584269E0,
7.870833E0,2.009000E3,1.074269E1,-8.581101E0,
7.875000E0,2.010000E3,1.074487E1,-8.580786E0,
7.879167E0,2.011000E3,1.075494E1,-8.589357E0,
7.883333E0,2.012000E3,1.076549E1,-8.587608E0,
7.887500E0,2.013000E3,1.078644E1,-8.599606E0,
7.891667E0,2.014000E3,1.079025E1,-8.593555E0,
7.895833E0,2.015000E3,1.082084E1,-8.606462E0,
7.900000E0,2.016000E3,1.082143E1,-8.613707E0,
7.904167E0,2.017000E3,1.085412E1,-8.600026E0,
7.908333E0,2.018000E3,1.087342E1,-8.629874E0,
7.912500E0,2.019000E3,1.089905E1,-8.629877E0,
7.916667E0,2.020000E3,1.093481E1,-8.640258E0,
7.920833E0,2.021000E3,1.096565E1,-8.635659E0,
7.925000E0,2.022000E3,1.099588E1,-8.646124E0,
7.929167E0,2.023000E3,1.103489E1,-8.656180E0,
7.933333E0,2.024000E3,1.108090E1,-8.665556E0,
7.937500E0,2.025000E3,1.111071E1,-8.673262E0,
7.941667E0,2.026000E3,1.115524E1,-8.679476E0,
7.945833E0,2.027000E3,1.117211E1,-8.694131E0,
7.950000E0,2.028000E3,1.119112E1,-8.697766E0,
7.954167E0,2.029000E3,1.122364E1,-8.704105E0,
7.958333E0,2.030000E3,1.122867E1,-8.705410E0,
7.962500E0,2.031000E3,1.125032E1,-8.713435E0,
7.966667E0,2.032000E3,1.126674E1,-8.700766E0,
7.970833E0,2.033000E3,1.127501E1,-8.723676E0,
7.975000E0,2.034000E3,1.128925E1,-8.719599E0,
7.979167E0,2.035000E3,1.130026E1,-8.717729E0,
7.983333E0,2.036000E3,1.130846E1,-8.728042E0,
7.987500E0,2.037000E3,1.131798E1,-8.728686E0,
7.991667E0,2.038000E3,1.132058E1,-8.725365E0,
7.995833E0,2.039000E3,1.133862E1,-8.725297E0,
8.000000E0,2.040000E3,1.135214E1,-8.733978E0,
8.004167E0,2.041000E3,1.139490E1,-8.738152E0,
8.008333E0,2.042000E3,1.139982E1,-8.738952E0,
8.012500E0,2.043000E3,1.142745E1,-8.752580E0,
8.016667E0,2.044000E3,1.147437E1,-8.756670E0,
8.020833E0,2.045000E3,1.150670E1,-8.761758E0,
8.025000E0,2.046000E3,1.153250E1,-8.763226E0,
8.029167E0,2.047000E3,1.156324E1,-8.781299E0,
8.033333E0,2.048000E3,1.161205E1,-8.792069E0,
8.037500E0,2.049000E3,1.164137E1,-8.793953E0,
8.041667E0,2.050000E3,1.167860E1,-8.805050E0,
8.045833E0,2.051000E3,1.170091E1,-8.811853E0,
8.050000E0,2.052000E3,1.172653E1,-8.815866E0,
8.054167E0,2.053000E3,1.175923E1,-8.818160E0,
8.058333E0,2.054000E3,1.177334E1,-8.812094E0,
8.062500E0,2.055000E3,1.178758E1,-8.836370E0,
8.066667E0,2.056000E3,1.181101E1,-8.827591E0,
8.070833E0,2.057000E3,1.180317E1,-8.829680E0,
8.075000E0,2.058000E3,1.181774E1,-8.836529E0,
8.079167E0,2.059000E3,1.182799E1,-8.838699E0,
8.083333E0,2.060000E3,1.183482E1,-8.846196E0,
8.087500E0,2.061000E3,1.185292E1,-8.842188E0,
8.091667E0,2.062000E3,1.186423E1,-8.851444E0,
8.095833E0,2.063000E3,1.188252E1,-8.848554E0,
8.100000E0,2.064000E3,1.190868E1,-8.841351E0,
8.104167E0,2.065000E3,1.192365E1,-8.845049E0,
8.108333E0,2.066000E3,1.194224E1,-8.863852E0,
8.112500E0,2.067000E3,1.197545E1,-8.863906E0,
8.116667E0,2.068000E3,1.200917E1,-8.863970E0,
8.120833E0,2.069000E3,1.204238E1,-8.855223E0,
8.125000E0,2.070000E3,1.208620E1,-8.871091E0,
8.129167E0,2.071000E3,1.203977E1,-8.868628E0,
8.133333E0,2.072000E3,1.200001E1,-8.868859E0,
8.137500E0,2.073000E3,1.197466E1,-8.870110E0,
8.141667E0,2.074000E3,1.193108E1,-8.859302E0,
8.145833E0,2.075000E3,1.190750E1,-8.860534E0,
8.150000E0,2.076000E3,1.189039E1,-8.848688E0,
8.154167E0,2.077000E3,1.186404E1,-8.854979E0,
8.158333E0,2.078000E3,1.183599E1,-8.851179E0,
8.162500E0,2.079000E3,1.182681E1,-8.834404E0,
8.166667E0,2.080000E3,1.181952E1,-8.846413E0,
8.170833E0,2.081000E3,1.180482E1,-8.838682E0,
8.175000E0,2.082000E3,1.179021E1,-8.832434E0,
8.179167E0,2.083000E3,1.178354E1,-8.843339E0,
8.183333E0,2.084000E3,1.176796E1,-8.845601E0,
8.187500E0,2.085000E3,1.175829E1,-8.835871E0,
8.191667E0,2.086000E3,1.175476E1,-8.832268E0,
8.195833E0,2.087000E3,1.172603E1,-8.828272E0,
8.200000E0,2.088000E3,1.170906E1,-8.830349E0,
8.204167E0,2.089000E3,1.168531E1,-8.823977E0,
8.208333E0,2.090000E3,1.166279E1,-8.820205E0,
8.212500E0,2.091000E3,1.163781E1,-8.824234E0,
8.216667E0,2.092000E3,1.160676E1,-8.815502E0,
8.220833E0,2.093000E3,1.156397E1,-8.804659E0,
8.225000E0,2.094000E3,1.153209E1,-8.814193E0,
8.229167E0,2.095000E3,1.150039E1,-8.810560E0,
8.233333E0,2.096000E3,1.146635E1,-8.795652E0,
8.237500E0,2.097000E3,1.142438E1,-8.800710E0,
8.241667E0,2.098000E3,1.139758E1,-8.780115E0,
8.245833E0,2.099000E3,1.137157E1,-8.791643E0,
8.250000E0,2.100000E3,1.133905E1,-8.789640E0,
8.254167E0,2.101000E3,1.131102E1,-8.771028E0,
8.258333E0,2.102000E3,1.129034E1,-8.772634E0,
8.262500E0,2.103000E3,1.128394E1,-8.781892E0,
8.266667E0,2.104000E3,1.126701E1,-8.780354E0,
8.270833E0,2.105000E3,1.124690E1,-8.780576E0,
8.275000E0,2.106000E3,1.125663E1,-8.769209E0,
8.279167E0,2.107000E3,1.124405E1,-8.782642E0,
8.283333E0,2.108000E3,1.122336E1,-8.777307E0,
8.287500E0,2.109000E3,1.121217E1,-8.791094E0,
8.291667E0,2.110000E3,1.120651E1,-8.778014E0,
8.295833E0,2.111000E3,1.118743E1,-8.772870E0,
8.300000E0,2.112000E3,1.116662E1,-8.774404E0,
8.304167E0,2.113000E3,1.115869E1,-8.785287E0,
8.308333E0,2.114000E3,1.111518E1,-8.768083E0,
8.312500E0,2.115000E3,1.108496E1,-8.763077E0,
8.316667E0,2.116000E3,1.105534E1,-8.767652E0,
8.320833E0,2.117000E3,1.102344E1,-8.748584E0,
8.325000E0,2.118000E3,1.098076E1,-8.762813E0,
8.329167E0,2.119000E3,1.094723E1,-8.761142E0,
8.333333E0,2.120000E3,1.091102E1,-8.752373E0,
8.337500E0,2.121000E3,1.088131E1,-8.755887E0,
8.341667E0,2.122000E3,1.084946E1,-8.760169E0,
8.345833E0,2.123000E3,1.082921E1,-8.754449E0,
8.350000E0,2.124000E3,1.078627E1,-8.757844E0,
8.354167E0,2.125000E3,1.076999E1,-8.748502E0,
8.358333E0,2.126000E3,1.075128E1,-8.749271E0,
8.362500E0,2.127000E3,1.073414E1,-8.755519E0,
8.366667E0,2.128000E3,1.071779E1,-8.755786E0,
8.370833E0,2.129000E3,1.070711E1,-8.761640E0,
8.375000E0,2.130000E3,1.069842E1,-8.754149E0,
8.379167E0,2.131000E3,1.068527E1,-8.753605E0,
8.383333E0,2.132000E3,1.068228E1,-8.758931E0,
8.387500E0,2.133000E3,1.067458E1,-8.767040E0,
8.391667E0,2.134000E3,1.066049E1,-8.760729E0,
8.395833E0,2.135000E3,1.063501E1,-8.752767E0,
8.400000E0,2.136000E3,1.061694E1,-8.758406E0,
8.404167E0,2.137000E3,1.060056E1,-8.766147E0,
8.408333E0,2.138000E3,1.057806E1,-8.772443E0,
8.412500E0,2.139000E3,1.053412E1,-8.777569E0,
8.416667E0,2.140000E3,1.050113E1,-8.774045E0,
8.420833E0,2.141000E3,1.047997E1,-8.789651E0,
8.425000E0,2.142000E3,1.044792E1,-8.770008E0,
8.429167E0,2.143000E3,1.039881E1,-8.783528E0,
8.433333E0,2.144000E3,1.036240E1,-8.792334E0,
8.437500E0,2.145000E3,1.032706E1,-8.809451E0,
8.441667E0,2.146000E3,1.029378E1,-8.806552E0,
8.445833E0,2.147000E3,1.026592E1,-8.816489E0,
8.450000E0,2.148000E3,1.024472E1,-8.815859E0,
8.454167E0,2.149000E3,1.022140E1,-8.812416E0,
8.458333E0,2.150000E3,1.019526E1,-8.822556E0,
8.462500E0,2.151000E3,1.018815E1,-8.827058E0,
8.466667E0,2.152000E3,1.017003E1,-8.827843E0,
8.470833E0,2.153000E3,1.016278E1,-8.820980E0,
8.475000E0,2.154000E3,1.015679E1,-8.837473E0,
8.479167E0,2.155000E3,1.014192E1,-8.834336E0,
8.483333E0,2.156000E3,1.012715E1,-8.830014E0,
8.487500E0,2.157000E3,1.012220E1,-8.821768E0,
8.491667E0,2.158000E3,1.011164E1,-8.831606E0,
8.495833E0,2.159000E3,1.009884E1,-8.840750E0,
8.500000E0,2.160000E3,1.007716E1,-8.843693E0,
8.504167E0,2.161000E3,1.005045E1,-8.836757E0,
8.508333E0,2.162000E3,1.002749E1,-8.841574E0,
8.512500E0,2.163000E3,9.997822E0,-8.852686E0,
8.516667E0,2.164000E3,9.964181E0,-8.843708E0,
8.520833E0,2.165000E3,9.924439E0,-8.862900E0,
8.525000E0,2.166000E3,9.899454E0,-8.870525E0,
8.529167E0,2.167000E3,9.858427E0,-8.871085E0,
8.533333E0,2.168000E3,9.820283E0,-8.870706E0,
8.537500E0,2.169000E3,9.784139E0,-8.873445E0,
8.541667E0,2.170000E3,9.751573E0,-8.883813E0,
8.545833E0,2.171000E3,9.723632E0,-8.897109E0,
8.550000E0,2.172000E3,9.710915E0,-8.895923E0,
8.554167E0,2.173000E3,9.681860E0,-8.892885E0,
8.558333E0,2.174000E3,9.650458E0,-8.883080E0,
8.562500E0,2.175000E3,9.641041E0,-8.897263E0,
8.566667E0,2.176000E3,9.634618E0,-8.900667E0,
8.570833E0,2.177000E3,9.608845E0,-8.898029E0,
8.575000E0,2.178000E3,9.603534E0,-8.898821E0,
8.579167E0,2.179000E3,9.595785E0,-8.887927E0,
8.583333E0,2.180000E3,9.590698E0,-8.891787E0,
8.587500E0,2.181000E3,9.572884E0,-8.902354E0,
8.591667E0,2.182000E3,9.547715E0,-8.895721E0,
8.595833E0,2.183000E3,9.550606E0,-8.895904E0,
8.600000E0,2.184000E3,9.525184E0,-8.895248E0,
8.604167E0,2.185000E3,9.501874E0,-8.902618E0,
8.608333E0,2.186000E3,9.485936E0,-8.898064E0,
8.612500E0,2.187000E3,9.451498E0,-8.903648E0,
8.616667E0,2.188000E3,9.419579E0,-8.904226E0,
8.620833E0,2.189000E3,9.384236E0,-8.912847E0,
8.625000E0,2.190000E3,9.352021E0,-8.903379E0,
8.629167E0,2.191000E3,9.318226E0,-8.911115E0,
8.633333E0,2.192000E3,9.275599E0,-8.918841E0,
8.637500E0,2.193000E3,9.250286E0,-8.918679E0,
8.641667E0,2.194000E3,9.205468E0,-8.920535E0,
8.645833E0,2.195000E3,9.175399E0,-8.912792E0,
8.650000E0,2.196000E3,9.141522E0,-8.915946E0,
8.654167E0,2.197000E3,9.126502E0,-8.917689E0,
8.658333E0,2.198000E3,9.115329E0,-8.917588E0,
8.662500E0,2.199000E3,9.089066E0,-8.930320E0,
8.666667E0,2.200000E3,9.081670E0,-8.923976E0,
8.670833E0,2.201000E3,9.067146E0,-8.923596E0,
8.675000E0,2.202000E3,9.056315E0,-8.923879E0,
8.679167E0,2.203000E3,9.040638E0,-8.925453E0,
8.683333E0,2.204000E3,9.041608E0,-8.938087E0,
8.687500E0,2.205000E3,9.029263E0,-8.931407E0,
8.691667E0,2.206000E3,9.013503E0,-8.932852E0,
8.695833E0,2.207000E3,8.995772E0,-8.936742E0,
8.700000E0,2.208000E3,8.973669E0,-8.938290E0,
8.704167E0,2.209000E3,8.948415E0,-8.930263E0,
8.708333E0,2.210000E3,8.927003E0,-8.927407E0,
8.712500E0,2.211000E3,8.913795E0,-8.932913E0,
8.716667E0,2.212000E3,8.862454E0,-8.927865E0,
8.720833E0,2.213000E3,8.829112E0,-8.925933E0,
8.725000E0,2.214000E3,8.786879E0,-8.928896E0,
8.729167E0,2.215000E3,8.756523E0,-8.922782E0,
8.733333E0,2.216000E3,8.718030E0,-8.922149E0,
8.737500E0,2.217000E3,8.692485E0,-8.905543E0,
8.741667E0,2.218000E3,8.665415E0,-8.914149E0,
8.745833E0,2.219000E3,8.632368E0,-8.916681E0,
8.750000E0,2.220000E3,8.603010E0,-8.908533E0,
8.754167E0,2.221000E3,8.578914E0,-8.907987E0,
8.758333E0,2.222000E3,8.565817E0,-8.895125E0,
8.762500E0,2.223000E3,8.544181E0,-8.882715E0,
8.766667E0,2.224000E3,8.532815E0,-8.894664E0,
8.770833E0,2.225000E3,8.513640E0,-8.896540E0,
8.775000E0,2.226000E3,8.516410E0,-8.885398E0,
8.779167E0,2.227000E3,8.500161E0,-8.890426E0,
8.783333E0,2.228000E3,8.498889E0,-8.874980E0,
8.787500E0,2.229000E3,8.488488E0,-8.881115E0,
8.791667E0,2.230000E3,8.472799E0,-8.886906E0,
8.795833E0,2.231000E3,8.455078E0,-8.879667E0,
8.800000E0,2.232000E3,8.433820E0,-8.896616E0,
8.804167E0,2.233000E3,8.407495E0,-8.887575E0,
8.808333E0,2.234000E3,8.385333E0,-8.880689E0,
8.812500E0,2.235000E3,8.342067E0,-8.868277E0,
8.816667E0,2.236000E3,8.321523E0,-8.883873E0,
8.820833E0,2.237000E3,8.287763E0,-8.880311E0,
8.825000E0,2.238000E3,8.245503E0,-8.867741E0,
8.829167E0,2.239000E3,8.209393E0,-8.870289E0,
8.833333E0,2.240000E3,8.169288E0,-8.872440E0,
8.837500E0,2.241000E3,8.140913E0,-8.850808E0,
8.841667E0,2.242000E3,8.108019E0,-8.854765E0,
8.845833E0,2.243000E3,8.068810E0,-8.835159E0,
8.850000E0,2.244000E3,8.052619E0,-8.863836E0,
8.854167E0,2.245000E3,8.025234E0,-8.848122E0,
8.858333E0,2.246000E3,8.015611E0,-8.843269E0,
8.862500E0,2.247000E3,7.997174E0,-8.837445E0,
8.866667E0,2.248000E3,7.980419E0,-8.839374E0,
8.870833E0,2.249000E3,7.967144E0,-8.848705E0,
8.875000E0,2.250000E3,7.965144E0,-8.830323E0,
8.879167E0,2.251000E3,7.957669E0,-8.834904E0,
8.883333E0,2.252000E3,7.942182E0,-8.829679E0,
8.887500E0,2.253000E3,7.942135E0,-8.826585E0,
8.891667E0,2.254000E3,7.914846E0,-8.826760E0,
8.895833E0,2.255000E3,7.912554E0,-8.837320E0,
8.900000E0,2.256000E3,7.874285E0,-8.829059E0,
8.904167E0,2.257000E3,7.872285E0,-8.828841E0,
8.908333E0,2.258000E3,7.839627E0,-8.817271E0,
8.912500E0,2.259000E3,7.812037E0,-8.803634E0,
8.916667E0,2.260000E3,7.785290E0,-8.807448E0,
8.920833E0,2.261000E3,7.748703E0,-8.803814E0,
8.925000E0,2.262000E3,7.705234E0,-8.808912E0,
8.929167E0,2.263000E3,7.667550E0,-8.782168E0,
8.933333E0,2.264000E3,7.631981E0,-8.779697E0,
8.937500E0,2.265000E3,7.603912E0,-8.778387E0,
8.941667E0,2.266000E3,7.557465E0,-8.773013E0,
8.945833E0,2.267000E3,7.545774E0,-8.769316E0,
8.950000E0,2.268000E3,7.510247E0,-8.754454E0,
8.954167E0,2.269000E3,7.502536E0,-8.750355E0,
8.958333E0,2.270000E3,7.468959E0,-8.744204E0,
8.962500E0,2.271000E3,7.452551E0,-8.736949E0,
8.966667E0,2.272000E3,7.447552E0,-8.734985E0,
8.970833E0,2.273000E3,7.426853E0,-8.734691E0,
8.975000E0,2.274000E3,7.432685E0,-8.733050E0,
8.979167E0,2.275000E3,7.418531E0,-8.728574E0,
8.983333E0,2.276000E3,7.391954E0,-8.720958E0,
8.987500E0,2.277000E3,7.406665E0,-8.720781E0,
8.991667E0,2.278000E3,7.387137E0,-8.710655E0,
8.995833E0,2.279000E3,7.365380E0,-8.709322E0,
9.000000E0,2.280000E3,7.356341E0,-8.716714E0,
9.004167E0,2.281000E3,7.321061E0,-8.694722E0,
9.008333E0,2.282000E3,7.300692E0,-8.693811E0,
9.012500E0,2.283000E3,7.271589E0,-8.687205E0,
9.016667E0,2.284000E3,7.238943E0,-8.679389E0,
9.020833E0,2.285000E3,7.203080E0,-8.660409E0,
9.025000E0,2.286000E3,7.171333E0,-8.674193E0,
9.029167E0,2.287000E3,7.134122E0,-8.652563E0,
9.033333E0,2.288000E3,7.096157E0,-8.642274E0,
9.037500E0,2.289000E3,7.060110E0,-8.624037E0,
9.041667E0,2.290000E3,7.036924E0,-8.629548E0,
9.045833E0,2.291000E3,6.997984E0,-8.614134E0,
9.050000E0,2.292000E3,6.987445E0,-8.611571E0,
9.054167E0,2.293000E3,6.970011E0,-8.603271E0,
9.058333E0,2.294000E3,6.936713E0,-8.596699E0,
9.062500E0,2.295000E3,6.925983E0,-8.598924E0,
9.066667E0,2.296000E3,6.920006E0,-8.574684E0,
9.070833E0,2.297000E3,6.903176E0,-8.581101E0,
9.075000E0,2.298000E3,6.896078E0,-8.568316E0,
9.079167E0,2.299000E3,6.890945E0,-8.578086E0,
9.083333E0,2.300000E3,6.877445E0,-8.574593E0,
9.087500E0,2.301000E3,6.880916E0,-8.560390E0,
9.091667E0,2.302000E3,6.863300E0,-8.569165E0,
9.095833E0,2.303000E3,6.833216E0,-8.562326E0,
9.100000E0,2.304000E3,6.815205E0,-8.556897E0,
9.104167E0,2.305000E3,6.800389E0,-8.550417E0,
9.108333E0,2.306000E3,6.783856E0,-8.544972E0,
9.112500E0,2.307000E3,6.749526E0,-8.538529E0,
9.116667E0,2.308000E3,6.714337E0,-8.528129E0,
9.120833E0,2.309000E3,6.680379E0,-8.523662E0,
9.125000E0,2.310000E3,6.641591E0,-8.510407E0,
9.129167E0,2.311000E3,6.609221E0,-8.520693E0,
9.133333E0,2.312000E3,6.568168E0,-8.509827E0,
9.137500E0,2.313000E3,6.531666E0,-8.487275E0,
9.141667E0,2.314000E3,6.519813E0,-8.492359E0,
9.145833E0,2.315000E3,6.471012E0,-8.470984E0,
9.150000E0,2.316000E3,6.447230E0,-8.474283E0,
9.154167E0,2.317000E3,6.426470E0,-8.477512E0,
9.158333E0,2.318000E3,6.422730E0,-8.464505E0,
9.162500E0,2.319000E3,6.392916E0,-8.449312E0,
9.166667E0,2.320000E3,6.367741E0,-8.458406E0,
9.170833E0,2.321000E3,6.385077E0,-8.456622E0,
9.175000E0,2.322000E3,6.362959E0,-8.444952E0,
9.179167E0,2.323000E3,6.360857E0,-8.437024E0,
9.183333E0,2.324000E3,6.340539E0,-8.452430E0,
9.187500E0,2.325000E3,6.342905E0,-8.442433E0,
9.191667E0,2.326000E3,6.323976E0,-8.445801E0,
9.195833E0,2.327000E3,6.303493E0,-8.433995E0,
9.200000E0,2.328000E3,6.290549E0,-8.434068E0,
9.204167E0,2.329000E3,6.263433E0,-8.442023E0,
9.208333E0,2.330000E3,6.243168E0,-8.431699E0,
9.212500E0,2.331000E3,6.210094E0,-8.433751E0,
9.216667E0,2.332000E3,6.172241E0,-8.432730E0,
9.220833E0,2.333000E3,6.150329E0,-8.418833E0,
9.225000E0,2.334000E3,6.102359E0,-8.416221E0,
9.229167E0,2.335000E3,6.065953E0,-8.415969E0,
9.233333E0,2.336000E3,6.026479E0,-8.409084E0,
9.237500E0,2.337000E3,5.992785E0,-8.402654E0,
9.241667E0,2.338000E3,5.958748E0,-8.402761E0,
9.245833E0,2.339000E3,5.931087E0,-8.391308E0,
9.250000E0,2.340000E3,5.908253E0,-8.392712E0,
9.254167E0,2.341000E3,5.886297E0,-8.382499E0,
9.258333E0,2.342000E3,5.874836E0,-8.387063E0,
9.262500E0,2.343000E3,5.843903E0,-8.388165E0,
9.266667E0,2.344000E3,5.847476E0,-8.381688E0,
9.270833E0,2.345000E3,5.823433E0,-8.388041E0,
9.275000E0,2.346000E3,5.819745E0,-8.382593E0,
9.279167E0,2.347000E3,5.811215E0,-8.381105E0,
9.283333E0,2.348000E3,5.790075E0,-8.365225E0,
9.287500E0,2.349000E3,5.795561E0,-8.384077E0,
9.291667E0,2.350000E3,5.774889E0,-8.382003E0,
9.295833E0,2.351000E3,5.752177E0,-8.381854E0,
9.300000E0,2.352000E3,5.735977E0,-8.368793E0,
9.304167E0,2.353000E3,5.709812E0,-8.372014E0,
9.308333E0,2.354000E3,5.697417E0,-8.366452E0,
9.312500E0,2.355000E3,5.652567E0,-8.370000E0,
9.316667E0,2.356000E3,5.623606E0,-8.365194E0,
9.320833E0,2.357000E3,5.603872E0,-8.354292E0,
9.325000E0,2.358000E3,5.558792E0,-8.353907E0,
9.329167E0,2.359000E3,5.521157E0,-8.343983E0,
9.333333E0,2.360000E3,5.483539E0,-8.349644E0,
9.337500E0,2.361000E3,5.450593E0,-8.344187E0,
9.341667E0,2.362000E3,5.417627E0,-8.316499E0,
9.345833E0,2.363000E3,5.392646E0,-8.336401E0,
9.350000E0,2.364000E3,5.363238E0,-8.332387E0,
9.354167E0,2.365000E3,5.349532E0,-8.321747E0,
9.358333E0,2.366000E3,5.321096E0,-8.320251E0,
9.362500E0,2.367000E3,5.304580E0,-8.330734E0,
9.366667E0,2.368000E3,5.296015E0,-8.318126E0,
9.370833E0,2.369000E3,5.275576E0,-8.316252E0,
9.375000E0,2.370000E3,5.268819E0,-8.327074E0,
9.379167E0,2.371000E3,5.264033E0,-8.324264E0,
9.383333E0,2.372000E3,5.255689E0,-8.316323E0,
9.387500E0,2.373000E3,5.231035E0,-8.323806E0,
9.391667E0,2.374000E3,5.229309E0,-8.313926E0,
9.395833E0,2.375000E3,5.212094E0,-8.318061E0,
9.400000E0,2.376000E3,5.188924E0,-8.307577E0,
9.404167E0,2.377000E3,5.168203E0,-8.295561E0,
9.408333E0,2.378000E3,5.140188E0,-8.294881E0,
9.412500E0,2.379000E3,5.116730E0,-8.295083E0,
9.416667E0,2.380000E3,5.078026E0,-8.281481E0,
9.420833E0,2.381000E3,5.040261E0,-8.284948E0,
9.425000E0,2.382000E3,5.012173E0,-8.266170E0,
9.429167E0,2.383000E3,4.980092E0,-8.261983E0,
9.433333E0,2.384000E3,4.937351E0,-8.261876E0,
9.437500E0,2.385000E3,4.908567E0,-8.257769E0,
9.441667E0,2.386000E3,4.875900E0,-8.246599E0,
9.445833E0,2.387000E3,4.846625E0,-8.234300E0,
9.450000E0,2.388000E3,4.808569E0,-8.236648E0,
9.454167E0,2.389000E3,4.816730E0,-8.227456E0,
9.458333E0,2.390000E3,4.779442E0,-8.206779E0,
9.462500E0,2.391000E3,4.769603E0,-8.205173E0,
9.466667E0,2.392000E3,4.753474E0,-8.214491E0,
9.470833E0,2.393000E3,4.749033E0,-8.201173E0,
9.475000E0,2.394000E3,4.731864E0,-8.205627E0,
9.479167E0,2.395000E3,4.728089E0,-8.195306E0,
9.483333E0,2.396000E3,4.708805E0,-8.191016E0,
9.487500E0,2.397000E3,4.700345E0,-8.184657E0,
9.491667E0,2.398000E3,4.683527E0,-8.191195E0,
9.495833E0,2.399000E3,4.680524E0,-8.174149E0,
9.500000E0,2.400000E3,4.668084E0,-8.167423E0,
9.504167E0,2.401000E3,4.632329E0,-8.155969E0,
9.508333E0,2.402000E3,4.622919E0,-8.145605E0,
9.512500E0,2.403000E3,4.589475E0,-8.126877E0,
9.516667E0,2.404000E3,4.554070E0,-8.127531E0,
9.520833E0,2.405000E3,4.532683E0,-8.098097E0,
9.525000E0,2.406000E3,4.494867E0,-8.089733E0,
9.529167E0,2.407000E3,4.467265E0,-8.067253E0,
9.533333E0,2.408000E3,4.430103E0,-8.045201E0,
9.537500E0,2.409000E3,4.406418E0,-8.035710E0,
9.541667E0,2.410000E3,4.376564E0,-8.012531E0,
9.545833E0,2.411000E3,4.362513E0,-7.998152E0,
9.550000E0,2.412000E3,4.332829E0,-7.975241E0,
9.554167E0,2.413000E3,4.303790E0,-7.975279E0,
9.558333E0,2.414000E3,4.304186E0,-7.959530E0,
9.562500E0,2.415000E3,4.286006E0,-7.957609E0,
9.566667E0,2.416000E3,4.271148E0,-7.949591E0,
9.570833E0,2.417000E3,4.270745E0,-7.946627E0,
9.575000E0,2.418000E3,4.249527E0,-7.929315E0,
9.579167E0,2.419000E3,4.254271E0,-7.933874E0,
9.583333E0,2.420000E3,4.229990E0,-7.921951E0,
9.587500E0,2.421000E3,4.214519E0,-7.924607E0,
9.591667E0,2.422000E3,4.213175E0,-7.907212E0,
9.595833E0,2.423000E3,4.202456E0,-7.905062E0,
9.600000E0,2.424000E3,4.176509E0,-7.886099E0,
9.604167E0,2.425000E3,4.165767E0,-7.889545E0,
9.608333E0,2.426000E3,4.135240E0,-7.877540E0,
9.612500E0,2.427000E3,4.104259E0,-7.871484E0,
9.616667E0,2.428000E3,4.096196E0,-7.851101E0,
9.620833E0,2.429000E3,4.043712E0,-7.835783E0,
9.625000E0,2.430000E3,4.005761E0,-7.828528E0,
9.629167E0,2.431000E3,3.974425E0,-7.819136E0,
9.633333E0,2.432000E3,3.946119E0,-7.799063E0,
9.637500E0,2.433000E3,3.917470E0,-7.785189E0,
9.641667E0,2.434000E3,3.883165E0,-7.779326E0,
9.645833E0,2.435000E3,3.846882E0,-7.771668E0,
9.650000E0,2.436000E3,3.829702E0,-7.760552E0,
9.654167E0,2.437000E3,3.805530E0,-7.744728E0,
9.658333E0,2.438000E3,3.798398E0,-7.741697E0,
9.662500E0,2.439000E3,3.790583E0,-7.733140E0,
9.666667E0,2.440000E3,3.772937E0,-7.717053E0,
9.670833E0,2.441000E3,3.758118E0,-7.723765E0,
9.675000E0,2.442000E3,3.749596E0,-7.726126E0,
9.679167E0,2.443000E3,3.737426E0,-7.723342E0,
9.683333E0,2.444000E3,3.732043E0,-7.706301E0,
9.687500E0,2.445000E3,3.713820E0,-7.712964E0,
9.691667E0,2.446000E3,3.701533E0,-7.700407E0,
9.695833E0,2.447000E3,3.697598E0,-7.689305E0,
9.700000E0,2.448000E3,3.676818E0,-7.686566E0,
9.704167E0,2.449000E3,3.657320E0,-7.675203E0,
9.708333E0,2.450000E3,3.624891E0,-7.668209E0,
9.712500E0,2.451000E3,3.597662E0,-7.659480E0,
9.716667E0,2.452000E3,3.578745E0,-7.646453E0,
9.720833E0,2.453000E3,3.541971E0,-7.632366E0,
9.725000E0,2.454000E3,3.499640E0,-7.611422E0,
9.729167E0,2.455000E3,3.473639E0,-7.596524E0,
9.733333E0,2.456000E3,3.438821E0,-7.595167E0,
9.737500E0,2.457000E3,3.411335E0,-7.591620E0,
9.741667E0,2.458000E3,3.374090E0,-7.570802E0,
9.745833E0,2.459000E3,3.348158E0,-7.551843E0,
9.750000E0,2.460000E3,3.331430E0,-7.551461E0,
9.754167E0,2.461000E3,3.305754E0,-7.535790E0,
9.758333E0,2.462000E3,3.280914E0,-7.528271E0,
9.762500E0,2.463000E3,3.271496E0,-7.526996E0,
9.766667E0,2.464000E3,3.254508E0,-7.514771E0,
9.770833E0,2.465000E3,3.240680E0,-7.511665E0,
9.775000E0,2.466000E3,3.240712E0,-7.508031E0,
9.779167E0,2.467000E3,3.223321E0,-7.507678E0,
9.783333E0,2.468000E3,3.228708E0,-7.504301E0,
9.787500E0,2.469000E3,3.209435E0,-7.502870E0,
9.791667E0,2.470000E3,3.195926E0,-7.496562E0,
9.795833E0,2.471000E3,3.181088E0,-7.489779E0,
9.800000E0,2.472000E3,3.172015E0,-7.477334E0,
9.804167E0,2.473000E3,3.141381E0,-7.481348E0,
9.808333E0,2.474000E3,3.120089E0,-7.472566E0,
9.812500E0,2.475000E3,3.097787E0,-7.458907E0,
9.816667E0,2.476000E3,3.061209E0,-7.450314E0,
9.820833E0,2.477000E3,3.026743E0,-7.433223E0,
9.825000E0,2.478000E3,2.990445E0,-7.429537E0,
9.829167E0,2.479000E3,2.963325E0,-7.425366E0,
9.833333E0,2.480000E3,2.919824E0,-7.427357E0,
9.837500E0,2.481000E3,2.883362E0,-7.405726E0,
9.841667E0,2.482000E3,2.845583E0,-7.403070E0,
9.845833E0,2.483000E3,2.832940E0,-7.392683E0,
9.850000E0,2.484000E3,2.807179E0,-7.380460E0,
9.854167E0,2.485000E3,2.780866E0,-7.383421E0,
9.858333E0,2.486000E3,2.762251E0,-7.377933E0,
9.862500E0,2.487000E3,2.751756E0,-7.364557E0,
9.866667E0,2.488000E3,2.732237E0,-7.370770E0,
9.870833E0,2.489000E3,2.724384E0,-7.364750E0,
9.875000E0,2.490000E3,2.717124E0,-7.349860E0,
9.879167E0,2.491000E3,2.690458E0,-7.352395E0,
9.883333E0,2.492000E3,2.686701E0,-7.352323E0,
9.887500E0,2.493000E3,2.684980E0,-7.355742E0,
9.891667E0,2.494000E3,2.668483E0,-7.348758E0,
9.895833E0,2.495000E3,2.634486E0,-7.355061E0,
9.900000E0,2.496000E3,2.622066E0,-7.338601E0,
9.904167E0,2.497000E3,2.619613E0,-7.331852E0,
9.908333E0,2.498000E3,2.587471E0,-7.330737E0,
9.912500E0,2.499000E3,2.566636E0,-7.321624E0,
9.916667E0,2.500000E3,2.532804E0,-7.309393E0,
9.920833E0,2.501000E3,2.490164E0,-7.298533E0,
9.925000E0,2.502000E3,2.446415E0,-7.298037E0,
9.929167E0,2.503000E3,2.427688E0,-7.278307E0,
9.933333E0,2.504000E3,2.373571E0,-7.277993E0,
9.937500E0,2.505000E3,2.352666E0,-7.269376E0,
9.941667E0,2.506000E3,2.317954E0,-7.262916E0,
9.945833E0,2.507000E3,2.285953E0,-7.253536E0,
9.950000E0,2.508000E3,2.264702E0,-7.245337E0,
9.954167E0,2.509000E3,2.239541E0,-7.252064E0,
9.958333E0,2.510000E3,2.228364E0,-7.246063E0,
9.962500E0,2.511000E3,2.196640E0,-7.245681E0,
9.966667E0,2.512000E3,2.185067E0,-7.235096E0,
9.970833E0,2.513000E3,2.184423E0,-7.235841E0,
9.975000E0,2.514000E3,2.172759E0,-7.234812E0,
9.979167E0,2.515000E3,2.155870E0,-7.234721E0,
9.983333E0,2.516000E3,2.158146E0,-7.233557E0,
9.987500E0,2.517000E3,2.143665E0,-7.246515E0,
9.991667E0,2.518000E3,2.135861E0,-7.242106E0,
9.995833E0,2.519000E3,2.118961E0,-7.227226E0,
1.000000E1,2.520000E3,2.092182E0,-7.223579E0,
1.000417E1,2.521000E3,2.080677E0,-7.223792E0,
1.000833E1,2.522000E3,2.054221E0,-7.221776E0,
1.001250E1,2.523000E3,2.012493E0,-7.232007E0,
1.001667E1,2.524000E3,1.986865E0,-7.220736E0,
1.002083E1,2.525000E3,1.958506E0,-7.220254E0,
1.002500E1,2.526000E3,1.919987E0,-7.206025E0,
1.002917E1,2.527000E3,1.875050E0,-7.205647E0,
1.003333E1,2.528000E3,1.834571E0,-7.207833E0,
1.003750E1,2.529000E3,1.805426E0,-7.196187E0,
1.004167E1,2.530000E3,1.776555E0,-7.206668E0,
1.004583E1,2.531000E3,1.749241E0,-7.196845E0,
1.005000E1,2.532000E3,1.719836E0,-7.190957E0,
1.005417E1,2.533000E3,1.692728E0,-7.181630E0,
1.005833E1,2.534000E3,1.684055E0,-7.190655E0,
1.006250E1,2.535000E3,1.646276E0,-7.178655E0,
1.006667E1,2.536000E3,1.653451E0,-7.179188E0,
1.007083E1,2.537000E3,1.633116E0,-7.175791E0,
1.007500E1,2.538000E3,1.634416E0,-7.178867E0,
1.007917E1,2.539000E3,1.620865E0,-7.180895E0,
1.008333E1,2.540000E3,1.603264E0,-7.183236E0,
1.008750E1,2.541000E3,1.605250E0,-7.184822E0,
1.009167E1,2.542000E3,1.577362E0,-7.184454E0,
1.009583E1,2.543000E3,1.569457E0,-7.181108E0,
1.010000E1,2.544000E3,1.547330E0,-7.179293E0,
1.010417E1,2.545000E3,1.526890E0,-7.187769E0,
1.010833E1,2.546000E3,1.495945E0,-7.184826E0,
1.011250E1,2.547000E3,1.475133E0,-7.183897E0,
1.011667E1,2.548000E3,1.442492E0,-7.189466E0,
1.012083E1,2.549000E3,1.407068E0,-7.192084E0,
1.012500E1,2.550000E3,1.367977E0,-7.180832E0,
1.012917E1,2.551000E3,1.325701E0,-7.180489E0,
1.013333E1,2.552000E3,1.292651E0,-7.185897E0,
1.013750E1,2.553000E3,1.274486E0,-7.177768E0,
1.014167E1,2.554000E3,1.225412E0,-7.171949E0,
1.014583E1,2.555000E3,1.198295E0,-7.174701E0,
1.015000E1,2.556000E3,1.168076E0,-7.174126E0,
1.015417E1,2.557000E3,1.146010E0,-7.156643E0,
1.015833E1,2.558000E3,1.129441E0,-7.166697E0,
1.016250E1,2.559000E3,1.102986E0,-7.172876E0,
1.016667E1,2.560000E3,1.106590E0,-7.166680E0,
1.017083E1,2.561000E3,1.093322E0,-7.169266E0,
1.017500E1,2.562000E3,1.075012E0,-7.168945E0,
1.017917E1,2.563000E3,1.073386E0,-7.160310E0,
1.018333E1,2.564000E3,1.064835E0,-7.168414E0,
1.018750E1,2.565000E3,1.045899E0,-7.171287E0,
1.019167E1,2.566000E3,1.042603E0,-7.153693E0,
1.019583E1,2.567000E3,1.019715E0,-7.167056E0,
1.020000E1,2.568000E3,9.991307E-1,-7.162651E0,
1.020417E1,2.569000E3,9.810343E-1,-7.155115E0,
1.020833E1,2.570000E3,9.458276E-1,-7.157577E0,
1.021250E1,2.571000E3,9.215761E-1,-7.161203E0,
1.021667E1,2.572000E3,8.894460E-1,-7.155064E0,
1.022083E1,2.573000E3,8.487271E-1,-7.144455E0,
1.022500E1,2.574000E3,8.246510E-1,-7.149881E0,
1.022917E1,2.575000E3,7.755639E-1,-7.140045E0,
1.023333E1,2.576000E3,7.445837E-1,-7.130317E0,
1.023750E1,2.577000E3,7.076613E-1,-7.131816E0,
1.024167E1,2.578000E3,6.787764E-1,-7.133069E0,
1.024583E1,2.579000E3,6.552369E-1,-7.123425E0,
1.025000E1,2.580000E3,6.127638E-1,-7.118152E0,
1.025417E1,2.581000E3,5.978200E-1,-7.122715E0,
1.025833E1,2.582000E3,5.808830E-1,-7.117497E0,
1.026250E1,2.583000E3,5.638808E-1,-7.111403E0,
1.026667E1,2.584000E3,5.440565E-1,-7.109721E0,
1.027083E1,2.585000E3,5.406901E-1,-7.114528E0,
1.027500E1,2.586000E3,5.374631E-1,-7.122718E0,
1.027917E1,2.587000E3,5.216298E-1,-7.102323E0,
1.028333E1,2.588000E3,5.139726E-1,-7.112292E0,
1.028750E1,2.589000E3,4.967911E-1,-7.112235E0,
1.029167E1,2.590000E3,4.926038E-1,-7.105837E0,
1.029583E1,2.591000E3,4.694591E-1,-7.097216E0,
1.030000E1,2.592000E3,4.516343E-1,-7.095916E0,
1.030417E1,2.593000E3,4.335109E-1,-7.094343E0,
1.030833E1,2.594000E3,4.016106E-1,-7.096716E0,
1.031250E1,2.595000E3,3.744549E-1,-7.090055E0,
1.031667E1,2.596000E3,3.346975E-1,-7.091244E0,
1.032083E1,2.597000E3,3.027742E-1,-7.083531E0,
1.032500E1,2.598000E3,2.775326E-1,-7.086291E0,
1.032917E1,2.599000E3,2.363309E-1,-7.071749E0,
1.033333E1,2.600000E3,1.931632E-1,-7.075584E0,
1.033750E1,2.601000E3,1.645098E-1,-7.065462E0,
1.034167E1,2.602000E3,1.288105E-1,-7.057120E0,
1.034583E1,2.603000E3,1.083147E-1,-7.070262E0,
1.035000E1,2.604000E3,8.228326E-2,-7.065804E0,
1.035417E1,2.605000E3,4.488283E-2,-7.059925E0,
1.035833E1,2.606000E3,4.043747E-2,-7.060281E0,
1.036250E1,2.607000E3,2.430121E-2,-7.064891E0,
1.036667E1,2.608000E3,5.393418E-5,-7.062385E0,
1.037083E1,2.609000E3,-7.616773E-3,-7.062562E0,
1.037500E1,2.610000E3,-1.784775E-2,-7.062657E0,
1.037917E1,2.611000E3,-2.250050E-2,-7.055497E0,
1.038333E1,2.612000E3,-2.868556E-2,-7.055251E0,
1.038750E1,2.613000E3,-4.424425E-2,-7.045048E0,
1.039167E1,2.614000E3,-4.512243E-2,-7.055909E0,
1.039583E1,2.615000E3,-7.493174E-2,-7.045081E0,
1.040000E1,2.616000E3,-1.001940E-1,-7.044722E0,
1.040417E1,2.617000E3,-1.155736E-1,-7.048478E0,
1.040833E1,2.618000E3,-1.443145E-1,-7.038996E0,
1.041250E1,2.619000E3,-1.707730E-1,-7.032897E0,
1.041667E1,2.620000E3,-2.074134E-1,-7.025589E0,
1.042083E1,2.621000E3,-2.350761E-1,-7.029907E0,
1.042500E1,2.622000E3,-2.715419E-1,-7.020146E0,
1.042917E1,2.623000E3,-3.191627E-1,-7.025196E0,
1.043333E1,2.624000E3,-3.465033E-1,-7.015726E0,
1.043750E1,2.625000E3,-3.823916E-1,-7.030696E0,
1.044167E1,2.626000E3,-4.208499E-1,-7.022941E0,
1.044583E1,2.627000E3,-4.367430E-1,-7.023154E0,
1.045000E1,2.628000E3,-4.794647E-1,-7.026915E0,
1.045417E1,2.629000E3,-5.005215E-1,-7.028314E0,
1.045833E1,2.630000E3,-5.126483E-1,-7.026815E0,
1.046250E1,2.631000E3,-5.336280E-1,-7.016812E0,
1.046667E1,2.632000E3,-5.412926E-1,-7.030451E0,
1.047083E1,2.633000E3,-5.701258E-1,-7.011085E0,
1.047500E1,2.634000E3,-5.630105E-1,-7.012056E0,
1.047917E1,2.635000E3,-5.646291E-1,-7.012107E0,
1.048333E1,2.636000E3,-5.858951E-1,-7.016232E0,
1.048750E1,2.637000E3,-6.024570E-1,-7.015608E0,
1.049167E1,2.638000E3,-5.995561E-1,-7.005084E0,
1.049583E1,2.639000E3,-6.291095E-1,-7.009952E0,
1.050000E1,2.640000E3,-6.333044E-1,-6.996903E0,
1.050417E1,2.641000E3,-6.649540E-1,-7.004108E0,
1.050833E1,2.642000E3,-6.943516E-1,-6.997239E0,
1.051250E1,2.643000E3,-7.225266E-1,-6.994881E0,
1.051667E1,2.644000E3,-7.568931E-1,-6.991813E0,
1.052083E1,2.645000E3,-7.807157E-1,-7.002093E0,
1.052500E1,2.646000E3,-8.284424E-1,-6.989265E0,
1.052917E1,2.647000E3,-8.657570E-1,-6.989187E0,
1.053333E1,2.648000E3,-8.965913E-1,-6.984430E0,
1.053750E1,2.649000E3,-9.319093E-1,-6.988539E0,
1.054167E1,2.650000E3,-9.775673E-1,-6.979632E0,
1.054583E1,2.651000E3,-9.902149E-1,-6.977518E0,
1.055000E1,2.652000E3,-1.018319E0,-6.986305E0,
1.055417E1,2.653000E3,-1.042145E0,-6.981142E0,
1.055833E1,2.654000E3,-1.056003E0,-6.982306E0,
1.056250E1,2.655000E3,-1.076882E0,-6.989215E0,
1.056667E1,2.656000E3,-1.091220E0,-6.976273E0,
1.057083E1,2.657000E3,-1.102081E0,-6.981170E0,
1.057500E1,2.658000E3,-1.115861E0,-6.979289E0,
1.057917E1,2.659000E3,-1.121182E0,-6.983314E0,
1.058333E1,2.660000E3,-1.129307E0,-6.971833E0,
1.058750E1,2.661000E3,-1.153130E0,-6.973079E0,
1.059167E1,2.662000E3,-1.152702E0,-6.972917E0,
1.059583E1,2.663000E3,-1.173156E0,-6.956472E0,
1.060000E1,2.664000E3,-1.195069E0,-6.968764E0,
1.060417E1,2.665000E3,-1.207106E0,-6.960655E0,
1.060833E1,2.666000E3,-1.237358E0,-6.961670E0,
1.061250E1,2.667000E3,-1.277814E0,-6.952750E0,
1.061667E1,2.668000E3,-1.308930E0,-6.950101E0,
1.062083E1,2.669000E3,-1.333163E0,-6.943524E0,
1.062500E1,2.670000E3,-1.366483E0,-6.945765E0,
1.062917E1,2.671000E3,-1.413104E0,-6.933534E0,
1.063333E1,2.672000E3,-1.438737E0,-6.950239E0,
1.063750E1,2.673000E3,-1.482183E0,-6.937343E0,
1.064167E1,2.674000E3,-1.506464E0,-6.920475E0,
1.064583E1,2.675000E3,-1.541033E0,-6.936012E0,
1.065000E1,2.676000E3,-1.574046E0,-6.928742E0,
1.065417E1,2.677000E3,-1.594829E0,-6.918820E0,
1.065833E1,2.678000E3,-1.614053E0,-6.931576E0,
1.066250E1,2.679000E3,-1.616571E0,-6.913420E0,
1.066667E1,2.680000E3,-1.640951E0,-6.913571E0,
1.067083E1,2.681000E3,-1.643140E0,-6.908477E0,
1.067500E1,2.682000E3,-1.662047E0,-6.907597E0,
1.067917E1,2.683000E3,-1.673352E0,-6.916309E0,
1.068333E1,2.684000E3,-1.674272E0,-6.904025E0,
1.068750E1,2.685000E3,-1.683658E0,-6.927891E0,
1.069167E1,2.686000E3,-1.702678E0,-6.906794E0,
1.069583E1,2.687000E3,-1.702655E0,-6.901598E0,
1.070000E1,2.688000E3,-1.738285E0,-6.902452E0,
1.070417E1,2.689000E3,-1.750848E0,-6.896729E0,
1.070833E1,2.690000E3,-1.782989E0,-6.894654E0,
1.071250E1,2.691000E3,-1.817608E0,-6.883201E0,
1.071667E1,2.692000E3,-1.842537E0,-6.867870E0,
1.072083E1,2.693000E3,-1.883057E0,-6.865069E0,
1.072500E1,2.694000E3,-1.917768E0,-6.866230E0,
1.072917E1,2.695000E3,-1.941944E0,-6.856056E0,
1.073333E1,2.696000E3,-1.975940E0,-6.847240E0,
1.073750E1,2.697000E3,-2.017861E0,-6.843218E0,
1.074167E1,2.698000E3,-2.056082E0,-6.835115E0,
1.074583E1,2.699000E3,-2.085553E0,-6.828341E0,
1.075000E1,2.700000E3,-2.111252E0,-6.808126E0,
1.075417E1,2.701000E3,-2.123501E0,-6.815505E0,
1.075833E1,2.702000E3,-2.146630E0,-6.803050E0,
1.076250E1,2.703000E3,-2.155729E0,-6.797248E0,
1.076667E1,2.704000E3,-2.169043E0,-6.787426E0,
1.077083E1,2.705000E3,-2.190511E0,-6.787143E0,
1.077500E1,2.706000E3,-2.199185E0,-6.796532E0,
1.077917E1,2.707000E3,-2.205976E0,-6.778208E0,
1.078333E1,2.708000E3,-2.218519E0,-6.785826E0,
1.078750E1,2.709000E3,-2.219043E0,-6.781782E0,
1.079167E1,2.710000E3,-2.234524E0,-6.761357E0,
1.079583E1,2.711000E3,-2.247063E0,-6.772841E0,
1.080000E1,2.712000E3,-2.264077E0,-6.752395E0,
1.080417E1,2.713000E3,-2.289339E0,-6.752579E0,
1.080833E1,2.714000E3,-2.310190E0,-6.743831E0,
1.081250E1,2.715000E3,-2.336978E0,-6.729703E0,
1.081667E1,2.716000E3,-2.369073E0,-6.723903E0,
1.082083E1,2.717000E3,-2.402206E0,-6.717411E0,
1.082500E1,2.718000E3,-2.436685E0,-6.707935E0,
1.082917E1,2.719000E3,-2.476510E0,-6.686164E0,
1.083333E1,2.720000E3,-2.508798E0,-6.674403E0,
1.083750E1,2.721000E3,-2.542147E0,-6.668967E0,
1.084167E1,2.722000E3,-2.563789E0,-6.647305E0,
1.084583E1,2.723000E3,-2.596639E0,-6.639659E0,
1.085000E1,2.724000E3,-2.624636E0,-6.643029E0,
1.085417E1,2.725000E3,-2.644355E0,-6.629066E0,
1.085833E1,2.726000E3,-2.658514E0,-6.612406E0,
1.086250E1,2.727000E3,-2.669863E0,-6.609424E0,
1.086667E1,2.728000E3,-2.697650E0,-6.611800E0,
1.087083E1,2.729000E3,-2.708650E0,-6.604310E0,
1.087500E1,2.730000E3,-2.718063E0,-6.602802E0,
1.087917E1,2.731000E3,-2.724718E0,-6.590151E0,
1.088333E1,2.732000E3,-2.729989E0,-6.597973E0,
1.088750E1,2.733000E3,-2.744286E0,-6.602310E0,
1.089167E1,2.734000E3,-2.753388E0,-6.588641E0,
1.089583E1,2.735000E3,-2.764277E0,-6.577691E0,
1.090000E1,2.736000E3,-2.782284E0,-6.574823E0,
1.090417E1,2.737000E3,-2.812813E0,-6.554033E0,
1.090833E1,2.738000E3,-2.832940E0,-6.560504E0,
1.091250E1,2.739000E3,-2.863686E0,-6.548133E0,
1.091667E1,2.740000E3,-2.888659E0,-6.527899E0,
1.092083E1,2.741000E3,-2.925929E0,-6.520647E0,
1.092500E1,2.742000E3,-2.945879E0,-6.498440E0,
1.092917E1,2.743000E3,-2.989225E0,-6.491026E0,
1.093333E1,2.744000E3,-3.007444E0,-6.470491E0,
1.093750E1,2.745000E3,-3.058618E0,-6.451861E0,
1.094167E1,2.746000E3,-3.079040E0,-6.447123E0,
1.094583E1,2.747000E3,-3.114735E0,-6.432397E0,
1.095000E1,2.748000E3,-3.138161E0,-6.429619E0,
1.095417E1,2.749000E3,-3.158936E0,-6.412359E0,
1.095833E1,2.750000E3,-3.168836E0,-6.417627E0,
1.096250E1,2.751000E3,-3.181566E0,-6.400594E0,
1.096667E1,2.752000E3,-3.204663E0,-6.394720E0,
1.097083E1,2.753000E3,-3.216863E0,-6.393811E0,
1.097500E1,2.754000E3,-3.212863E0,-6.379091E0,
1.097917E1,2.755000E3,-3.222775E0,-6.391592E0,
1.098333E1,2.756000E3,-3.227234E0,-6.375717E0,
1.098750E1,2.757000E3,-3.245409E0,-6.372555E0,
1.099167E1,2.758000E3,-3.256789E0,-6.367501E0,
1.099583E1,2.759000E3,-3.276343E0,-6.357281E0,
1.100000E1,2.760000E3,-3.289592E0,-6.351588E0,
1.100417E1,2.761000E3,-3.300988E0,-6.324078E0,
1.100833E1,2.762000E3,-3.333825E0,-6.311348E0,
1.101250E1,2.763000E3,-3.366858E0,-6.311521E0,
1.101667E1,2.764000E3,-3.379810E0,-6.288774E0,
1.102083E1,2.765000E3,-3.416512E0,-6.278014E0,
1.102500E1,2.766000E3,-3.449492E0,-6.257839E0,
1.102917E1,2.767000E3,-3.488942E0,-6.244156E0,
1.103333E1,2.768000E3,-3.500364E0,-6.211764E0,
1.103750E1,2.769000E3,-3.530756E0,-6.195359E0,
1.104167E1,2.770000E3,-3.560286E0,-6.188037E0,
1.104583E1,2.771000E3,-3.595403E0,-6.173602E0,
1.105000E1,2.772000E3,-3.616927E0,-6.161262E0,
1.105417E1,2.773000E3,-3.630657E0,-6.154745E0,
1.105833E1,2.774000E3,-3.651787E0,-6.134953E0,
1.106250E1,2.775000E3,-3.665530E0,-6.129804E0,
1.106667E1,2.776000E3,-3.688937E0,-6.127612E0,
1.107083E1,2.777000E3,-3.704930E0,-6.118432E0,
1.107500E1,2.778000E3,-3.696984E0,-6.114321E0,
1.107917E1,2.779000E3,-3.705052E0,-6.118869E0,
1.108333E1,2.780000E3,-3.710740E0,-6.106207E0,
1.108750E1,2.781000E3,-3.730425E0,-6.110594E0,
1.109167E1,2.782000E3,-3.739420E0,-6.104742E0,
1.109583E1,2.783000E3,-3.749889E0,-6.085873E0,
1.110000E1,2.784000E3,-3.763031E0,-6.070118E0,
1.110417E1,2.785000E3,-3.794259E0,-6.066352E0,
1.110833E1,2.786000E3,-3.797227E0,-6.060013E0,
1.111250E1,2.787000E3,-3.841145E0,-6.032399E0,
1.111667E1,2.788000E3,-3.866776E0,-6.021289E0,
1.112083E1,2.789000E3,-3.890003E0,-6.001418E0,
1.112500E1,2.790000E3,-3.913196E0,-5.980419E0,
1.112917E1,2.791000E3,-3.947158E0,-5.965224E0,
1.113333E1,2.792000E3,-3.975953E0,-5.944395E0,
1.113750E1,2.793000E3,-4.000949E0,-5.920032E0,
1.114167E1,2.794000E3,-4.035380E0,-5.907598E0,
1.114583E1,2.795000E3,-4.061632E0,-5.885279E0,
1.115000E1,2.796000E3,-4.076707E0,-5.859592E0,
1.115417E1,2.797000E3,-4.108062E0,-5.863769E0,
1.115833E1,2.798000E3,-4.108472E0,-5.854491E0,
1.116250E1,2.799000E3,-4.124281E0,-5.827832E0,
1.116667E1,2.800000E3,-4.147803E0,-5.826615E0,
1.117083E1,2.801000E3,-4.151085E0,-5.828755E0,
1.117500E1,2.802000E3,-4.164898E0,-5.825753E0,
1.117917E1,2.803000E3,-4.160362E0,-5.823585E0,
1.118333E1,2.804000E3,-4.167844E0,-5.804716E0,
1.118750E1,2.805000E3,-4.184832E0,-5.812889E0,
1.119167E1,2.806000E3,-4.199624E0,-5.797821E0,
1.119583E1,2.807000E3,-4.206069E0,-5.789930E0,
1.120000E1,2.808000E3,-4.224109E0,-5.773349E0,
1.120417E1,2.809000E3,-4.239323E0,-5.766080E0,
1.120833E1,2.810000E3,-4.258424E0,-5.742550E0,
1.121250E1,2.811000E3,-4.290633E0,-5.739032E0,
1.121667E1,2.812000E3,-4.304820E0,-5.715348E0,
1.122083E1,2.813000E3,-4.344866E0,-5.691713E0,
1.122500E1,2.814000E3,-4.371522E0,-5.673361E0,
1.122917E1,2.815000E3,-4.393376E0,-5.642154E0,
1.123333E1,2.816000E3,-4.423447E0,-5.619388E0,
1.123750E1,2.817000E3,-4.437532E0,-5.592915E0,
1.124167E1,2.818000E3,-4.478698E0,-5.571160E0,
1.124583E1,2.819000E3,-4.488098E0,-5.550598E0,
1.125000E1,2.820000E3,-4.504868E0,-5.531144E0,
1.125417E1,2.821000E3,-4.532657E0,-5.521578E0,
1.125833E1,2.822000E3,-4.540914E0,-5.509311E0,
1.126250E1,2.823000E3,-4.542996E0,-5.490698E0,
1.126667E1,2.824000E3,-4.572375E0,-5.487402E0,
1.127083E1,2.825000E3,-4.572052E0,-5.462926E0,
1.127500E1,2.826000E3,-4.576512E0,-5.465106E0,
1.127917E1,2.827000E3,-4.582757E0,-5.449007E0,
1.128333E1,2.828000E3,-4.588090E0,-5.448583E0,
1.128750E1,2.829000E3,-4.591934E0,-5.432594E0,
1.129167E1,2.830000E3,-4.611738E0,-5.431476E0,
1.129583E1,2.831000E3,-4.612458E0,-5.424635E0,
1.130000E1,2.832000E3,-4.628102E0,-5.409458E0,
1.130417E1,2.833000E3,-4.649380E0,-5.381160E0,
1.130833E1,2.834000E3,-4.652706E0,-5.378581E0,
1.131250E1,2.835000E3,-4.686473E0,-5.342411E0,
1.131667E1,2.836000E3,-4.705540E0,-5.325654E0,
1.132083E1,2.837000E3,-4.728555E0,-5.291263E0,
1.132500E1,2.838000E3,-4.740115E0,-5.268043E0,
1.132917E1,2.839000E3,-4.758618E0,-5.232213E0,
1.133333E1,2.840000E3,-4.792119E0,-5.203744E0,
1.133750E1,2.841000E3,-4.802227E0,-5.163287E0,
1.134167E1,2.842000E3,-4.817961E0,-5.135569E0,
1.134583E1,2.843000E3,-4.839378E0,-5.121267E0,
1.135000E1,2.844000E3,-4.850670E0,-5.102761E0,
1.135417E1,2.845000E3,-4.870165E0,-5.073557E0,
1.135833E1,2.846000E3,-4.876046E0,-5.064399E0,
1.136250E1,2.847000E3,-4.880113E0,-5.059874E0,
1.136667E1,2.848000E3,-4.900481E0,-5.039936E0,
1.137083E1,2.849000E3,-4.916650E0,-5.031365E0,
1.137500E1,2.850000E3,-4.914722E0,-5.036970E0,
1.137917E1,2.851000E3,-4.922927E0,-5.018218E0,
1.138333E1,2.852000E3,-4.912534E0,-5.009151E0,
1.138750E1,2.853000E3,-4.921485E0,-4.990117E0,
1.139167E1,2.854000E3,-4.928326E0,-5.001575E0,
1.139583E1,2.855000E3,-4.943104E0,-4.966686E0,
1.140000E1,2.856000E3,-4.956601E0,-4.957909E0,
1.140417E1,2.857000E3,-4.968452E0,-4.942339E0,
1.140833E1,2.858000E3,-4.985041E0,-4.919506E0,
1.141250E1,2.859000E3,-4.997785E0,-4.897420E0,
1.141667E1,2.860000E3,-5.021921E0,-4.867587E0,
1.142083E1,2.861000E3,-5.048021E0,-4.834422E0,
1.142500E1,2.862000E3,-5.055815E0,-4.816769E0,
1.142917E1,2.863000E3,-5.088667E0,-4.792650E0,
1.143333E1,2.864000E3,-5.089672E0,-4.754949E0,
1.143750E1,2.865000E3,-5.121972E0,-4.725998E0,
1.144167E1,2.866000E3,-5.142198E0,-4.694028E0,
1.144583E1,2.867000E3,-5.152135E0,-4.677118E0,
1.145000E1,2.868000E3,-5.183094E0,-4.665628E0,
1.145417E1,2.869000E3,-5.196009E0,-4.629508E0,
1.145833E1,2.870000E3,-5.204670E0,-4.619415E0,
1.146250E1,2.871000E3,-5.217853E0,-4.611480E0,
1.146667E1,2.872000E3,-5.228113E0,-4.593626E0,
1.147083E1,2.873000E3,-5.221817E0,-4.589241E0,
1.147500E1,2.874000E3,-5.226778E0,-4.578692E0,
1.147917E1,2.875000E3,-5.246463E0,-4.577202E0,
1.148333E1,2.876000E3,-5.247442E0,-4.564024E0,
1.148750E1,2.877000E3,-5.253973E0,-4.551591E0,
1.149167E1,2.878000E3,-5.251152E0,-4.546827E0,
1.149583E1,2.879000E3,-5.253177E0,-4.530556E0,
1.150000E1,2.880000E3,-5.277490E0,-4.521236E0,
1.150417E1,2.881000E3,-5.295964E0,-4.500058E0,
1.150833E1,2.882000E3,-5.305012E0,-4.465172E0,
1.151250E1,2.883000E3,-5.303608E0,-4.455466E0,
1.151667E1,2.884000E3,-5.340870E0,-4.414999E0,
1.152083E1,2.885000E3,-5.345103E0,-4.402897E0,
1.152500E1,2.886000E3,-5.381286E0,-4.363951E0,
1.152917E1,2.887000E3,-5.392401E0,-4.337629E0,
1.153333E1,2.888000E3,-5.411962E0,-4.298811E0,
1.153750E1,2.889000E3,-5.420493E0,-4.265168E0,
1.154167E1,2.890000E3,-5.439356E0,-4.249160E0,
1.154583E1,2.891000E3,-5.459674E0,-4.224428E0,
1.155000E1,2.892000E3,-5.468716E0,-4.189941E0,
1.155417E1,2.893000E3,-5.483839E0,-4.172110E0,
1.155833E1,2.894000E3,-5.494103E0,-4.153254E0,
1.156250E1,2.895000E3,-5.499574E0,-4.144234E0,
1.156667E1,2.896000E3,-5.509853E0,-4.138662E0,
1.157083E1,2.897000E3,-5.517975E0,-4.124218E0,
1.157500E1,2.898000E3,-5.509305E0,-4.105901E0,
1.157917E1,2.899000E3,-5.527670E0,-4.106258E0,
1.158333E1,2.900000E3,-5.524690E0,-4.094157E0,
1.158750E1,2.901000E3,-5.542293E0,-4.087365E0,
1.159167E1,2.902000E3,-5.531385E0,-4.077426E0,
1.159583E1,2.903000E3,-5.554528E0,-4.062494E0,
1.160000E1,2.904000E3,-5.559807E0,-4.045268E0,
1.160417E1,2.905000E3,-5.580972E0,-4.021553E0,
1.160833E1,2.906000E3,-5.592115E0,-4.005366E0,
1.161250E1,2.907000E3,-5.599504E0,-3.979256E0,
1.161667E1,2.908000E3,-5.618306E0,-3.944258E0,
1.162083E1,2.909000E3,-5.629804E0,-3.904463E0,
1.162500E1,2.910000E3,-5.653928E0,-3.886904E0,
1.162917E1,2.911000E3,-5.662227E0,-3.858290E0,
1.163333E1,2.912000E3,-5.682443E0,-3.815078E0,
1.163750E1,2.913000E3,-5.702325E0,-3.789241E0,
1.164167E1,2.914000E3,-5.718990E0,-3.757982E0,
1.164583E1,2.915000E3,-5.731286E0,-3.742990E0,
1.165000E1,2.916000E3,-5.729589E0,-3.711275E0,
1.165417E1,2.917000E3,-5.747061E0,-3.693976E0,
1.165833E1,2.918000E3,-5.760711E0,-3.671048E0,
1.166250E1,2.919000E3,-5.764080E0,-3.669566E0,
1.166667E1,2.920000E3,-5.779478E0,-3.666169E0,
1.167083E1,2.921000E3,-5.784756E0,-3.643332E0,
1.167500E1,2.922000E3,-5.795550E0,-3.636363E0,
1.167917E1,2.923000E3,-5.802936E0,-3.631267E0,
1.168333E1,2.924000E3,-5.797336E0,-3.604835E0,
1.168750E1,2.925000E3,-5.788835E0,-3.612387E0,
1.169167E1,2.926000E3,-5.811259E0,-3.608733E0,
1.169583E1,2.927000E3,-5.822784E0,-3.587331E0,
1.170000E1,2.928000E3,-5.834429E0,-3.580301E0,
1.170417E1,2.929000E3,-5.838521E0,-3.552693E0,
1.170833E1,2.930000E3,-5.860767E0,-3.525211E0,
1.171250E1,2.931000E3,-5.877640E0,-3.501194E0,
1.171667E1,2.932000E3,-5.895060E0,-3.482097E0,
1.172083E1,2.933000E3,-5.912098E0,-3.462025E0,
1.172500E1,2.934000E3,-5.933721E0,-3.424415E0,
1.172917E1,2.935000E3,-5.961458E0,-3.397861E0,
1.173333E1,2.936000E3,-5.990865E0,-3.368006E0,
1.173750E1,2.937000E3,-6.008596E0,-3.333240E0,
1.174167E1,2.938000E3,-6.035530E0,-3.300927E0,
1.174583E1,2.939000E3,-6.046485E0,-3.286488E0,
1.175000E1,2.940000E3,-6.060875E0,-3.267221E0,
1.175417E1,2.941000E3,-6.080828E0,-3.238343E0,
1.175833E1,2.942000E3,-6.075774E0,-3.233626E0,
1.176250E1,2.943000E3,-6.101918E0,-3.213549E0,
1.176667E1,2.944000E3,-6.102058E0,-3.206228E0,
1.177083E1,2.945000E3,-6.106038E0,-3.201553E0,
1.177500E1,2.946000E3,-6.120266E0,-3.193577E0,
1.177917E1,2.947000E3,-6.111842E0,-3.179931E0,
1.178333E1,2.948000E3,-6.114285E0,-3.169749E0,
1.178750E1,2.949000E3,-6.131471E0,-3.167618E0,
1.179167E1,2.950000E3,-6.152103E0,-3.146757E0,
1.179583E1,2.951000E3,-6.144910E0,-3.143721E0,
1.180000E1,2.952000E3,-6.153280E0,-3.126054E0,
1.180417E1,2.953000E3,-6.164678E0,-3.117004E0,
1.180833E1,2.954000E3,-6.177796E0,-3.076595E0,
1.181250E1,2.955000E3,-6.204769E0,-3.064711E0,
1.181667E1,2.956000E3,-6.223062E0,-3.034902E0,
1.182083E1,2.957000E3,-6.236915E0,-3.017829E0,
1.182500E1,2.958000E3,-6.275958E0,-2.979388E0,
1.182917E1,2.959000E3,-6.287548E0,-2.939304E0,
1.183333E1,2.960000E3,-6.311273E0,-2.930497E0,
1.183750E1,2.961000E3,-6.331660E0,-2.897481E0,
1.184167E1,2.962000E3,-6.370746E0,-2.878284E0,
1.184583E1,2.963000E3,-6.374308E0,-2.857267E0,
1.185000E1,2.964000E3,-6.391403E0,-2.829072E0,
1.185417E1,2.965000E3,-6.418392E0,-2.808018E0,
1.185833E1,2.966000E3,-6.432001E0,-2.793292E0,
1.186250E1,2.967000E3,-6.444266E0,-2.785984E0,
1.186667E1,2.968000E3,-6.440530E0,-2.786352E0,
1.187083E1,2.969000E3,-6.454027E0,-2.788199E0,
1.187500E1,2.970000E3,-6.457159E0,-2.761210E0,
1.187917E1,2.971000E3,-6.471041E0,-2.758849E0,
1.188333E1,2.972000E3,-6.476578E0,-2.755172E0,
1.188750E1,2.973000E3,-6.485926E0,-2.741344E0,
1.189167E1,2.974000E3,-6.486077E0,-2.724432E0,
1.189583E1,2.975000E3,-6.506422E0,-2.716662E0,
1.190000E1,2.976000E3,-6.518865E0,-2.716914E0,
1.190417E1,2.977000E3,-6.525936E0,-2.705712E0,
1.190833E1,2.978000E3,-6.541413E0,-2.673963E0,
1.191250E1,2.979000E3,-6.564192E0,-2.644862E0,
1.191667E1,2.980000E3,-6.583007E0,-2.631540E0,
1.192083E1,2.981000E3,-6.604372E0,-2.595944E0,
1.192500E1,2.982000E3,-6.631747E0,-2.558075E0,
1.192917E1,2.983000E3,-6.651756E0,-2.536706E0,
1.193333E1,2.984000E3,-6.675825E0,-2.500521E0,
1.193750E1,2.985000E3,-6.703938E0,-2.481970E0,
1.194167E1,2.986000E3,-6.718908E0,-2.458803E0,
1.194583E1,2.987000E3,-6.740648E0,-2.433037E0,
1.195000E1,2.988000E3,-6.740459E0,-2.411575E0,
1.195417E1,2.989000E3,-6.775140E0,-2.399690E0,
1.195833E1,2.990000E3,-6.785263E0,-2.371678E0,
1.196250E1,2.991000E3,-6.782515E0,-2.369359E0,
1.196667E1,2.992000E3,-6.798078E0,-2.355156E0,
1.197083E1,2.993000E3,-6.803948E0,-2.344923E0,
1.197500E1,2.994000E3,-6.813512E0,-2.341808E0,
1.197917E1,2.995000E3,-6.820979E0,-2.334854E0,
1.198333E1,2.996000E3,-6.821683E0,-2.312918E0,
1.198750E1,2.997000E3,-6.832279E0,-2.323280E0,
1.199167E1,2.998000E3,-6.839244E0,-2.304035E0,
1.199583E1,2.999000E3,-6.853514E0,-2.304829E0,
